"Link","Sigma","Rho","n","Successful_Reps","MLE","SRRE_k1","SKLE_k1","SRRE_k2","SKLE_k2","SRRE_k3","SKLE_k3","SRRE_k4","SKLE_k4","MLE_Med","SRRE_k1_Med","SKLE_k1_Med","SRRE_k2_Med","SKLE_k2_Med","SRRE_k3_Med","SKLE_k3_Med","SRRE_k4_Med","SKLE_k4_Med","Clamp_Rate","Conv_Rate","Mean_k1","Mean_k2","Mean_k3","Mean_k4","K4_Binds","Prov_Hold_k1","Prov_Hold_k2","Eq32_Hold_k1","Eq32_Hold_k2","Eq32_Val_k1","Eq32_Val_k2","Eq32T_Hold_k1","Eq32T_Hold_k2","Eq32T_Val_k1","Eq32T_Val_k2","SignFlip_k1","SignFlip_k2","SignFlip_k3","SignFlip_k4"
"logit",0.5,0.8,25,1000,0.127345773300355,0.0765858042933454,0.142754727216894,0.078291973557001,0.0521946150381219,0.120976338679588,0.114842421592535,0.0777564113841191,0.0489537654428907,0.0889966180291896,0.0455275752203272,0.0456611418744864,0.0527941023448715,0.0328454382418351,0.0850615105707575,0.0814673217555793,0.0524306161581123,0.0321776616450514,0,1,40.0370984443576,6.24816666046236,0.302184628492787,5.5607511023944,0.037,0.609,0.963,0,0,35.6248559284901,15.055886646035,0,0,28.7875526155971,13.513584155843,0.03175,5e-04,0.0035,5e-04
"logit",0.5,0.8,50,1000,0.0527425500137045,0.041380504462403,0.0837417901485205,0.0388943788853405,0.0302878792718598,0.0516102848376366,0.0504947131705156,0.0387796509132876,0.0297831372787484,0.0398254360830408,0.0269708224258661,0.0286572111950022,0.0278875041010119,0.0199081323090913,0.0390422618546496,0.0382622946771284,0.027335945623664,0.019883007824374,0,1,48.4290722251207,8.92527767423571,0.316488280408892,8.6697999286127,0.015,0.74,0.985,0,0,63.3249045431916,20.7585910193357,0,0,58.3873729574219,19.6173741526174,0.011,0,0,0
"logit",0.5,0.8,100,1000,0.0232694218605159,0.0269684774809904,0.0687572444398222,0.01892365992109,0.0163490000190354,0.0230382266020163,0.0228087082766293,0.0188595578414253,0.0160758669648352,0.0182527592890466,0.0151971569797866,0.017198043107621,0.0144896631799818,0.0121024618991239,0.0181083100808672,0.0179526458383138,0.0144325541136682,0.0121024618991239,0,1,91.7867056467164,13.0703763373035,0.325729048573608,12.8419367827783,0.004,0.812,0.996,0,0,110.824320950664,29.51594966485,0,0,107.708062470445,28.9567778757324,0.01125,0,0,0
"logit",0.5,0.8,200,1000,0.0118876583286102,0.0158673353496583,0.0411767410583059,0.0103014603634391,0.00921869135652796,0.011831508338395,0.0117755850566993,0.0103014603634391,0.00921869135652796,0.00913199942776894,0.0093101133869134,0.0111473970433335,0.0076628421695932,0.00689987369284211,0.0090804990379307,0.00903907521997326,0.0076628421695932,0.00689987369284211,0,1,132.085462505722,17.1622260894133,0.3284506523328,17.1622260894133,0,0.871,1,0,0,192.849154789444,42.1355459143321,0,0,191.328475133835,41.4380429299539,0.00375,0,0,0
"logit",0.5,0.9,25,1000,0.259431480714597,0.0937766043686684,0.0976579437974437,0.129410447828271,0.0608985965318153,0.236168129821503,0.214366880845721,0.129664585853287,0.0591479571377198,0.182747212530928,0.05187339561947,0.0394812252412852,0.084139472760653,0.0307059803491189,0.165902317868802,0.149899288305161,0.0843004137297269,0.0285886681668439,0,1,17.3506627869596,4.14280994611546,0.2740297090155,3.67478838374961,0.092,0.52,0.908,0,0,22.3044697028812,11.5744055164617,0,0,14.7864007095344,8.77422696099381,0.01475,0.0015,0.018,0.0015
"logit",0.5,0.9,50,1000,0.114273763911617,0.0512431053763774,0.0564686488832293,0.0704253664093822,0.0423440078376844,0.109216029904155,0.104295630049222,0.0701417085693473,0.040733088026816,0.0899334585893914,0.0304531517586298,0.0189664768616806,0.0508748640754262,0.0259425080052245,0.0861241072592145,0.0818169217876953,0.0503592043047806,0.0249889096300598,0,1,35.7984181438976,6.32621689183944,0.301001742347407,5.66593251773122,0.029,0.655,0.971,0,0,34.4899622175186,14.8256586393471,0,0,28.8038188609551,13.4038494998715,0.00875,0,0.00125,0
"logit",0.5,0.9,100,1000,0.0527062630288,0.0291964153592183,0.0378252732376881,0.0377975154708286,0.0266063354691808,0.051563515387903,0.0504349105674513,0.037783951052135,0.0265472778162595,0.0417595806653519,0.017626677173922,0.0133582013882182,0.0273561478745275,0.0169605875523768,0.0408620750709851,0.0398372513653599,0.0273561478745275,0.0167208868567963,0,1,52.2591264081311,8.74642069239532,0.318997186446986,8.62309544110513,0.007,0.735,0.993,0,0,60.6331693693609,20.7979225610125,0,0,56.5435452858437,19.6772047957161,0.00375,0,0,0
"logit",0.5,0.9,200,1000,0.0257273959774122,0.0202035383343726,0.0375884185603535,0.0203597542745852,0.0161269857279053,0.0254581753932781,0.0251905335085214,0.0203553262966814,0.016107399304222,0.0203891406540958,0.0104043275478423,0.00808091068590861,0.0149922308689685,0.011185404737486,0.020164887687918,0.0199419419773392,0.0149922308689685,0.0111600974111492,0,1,108.628416779084,13.0490476536218,0.323616753989757,12.9677197392616,0.005,0.8,0.995,0,0,105.926928609119,28.6876258589427,0,0,101.514378776752,27.9964805990764,0.00525,0,0,0
"logit",0.5,0.95,25,1000,0.572383585807971,0.161154221525166,0.121353781778605,0.224792887045327,0.0796622380303367,0.494397584281693,0.424272306868492,0.226808007505547,0.0740161688425057,0.411964894061878,0.0777244668443236,0.0542735855625842,0.142238475230795,0.03568387544565,0.349284212772965,0.286383270393174,0.143999079948331,0.0307589703107297,0,1,12.4322265539678,2.86829502125581,0.229199310900047,2.28252707596951,0.186,0.473,0.814,0,0,17.7741958078652,10.4799858280429,0,0,8.0063073113333,5.63810937801185,0.01325,0.0035,0.0595,0.003
"logit",0.5,0.95,50,1000,0.250864336446253,0.085765070807369,0.0579383568807408,0.130195085043734,0.0600863363072857,0.231344851286432,0.21275480942547,0.12996412457329,0.0581170550966638,0.191092091302104,0.0432075253912854,0.0211052725523867,0.0835593515027785,0.0267337463086976,0.174537653069445,0.158164242805952,0.0829587133699661,0.0256337024885855,0,1,23.2605645962596,4.56405423499554,0.270734563672234,3.6881989421384,0.045,0.599,0.955,0,0,22.4208932350727,11.6169959730831,0,0,14.8493223229961,9.05921905564245,0.00625,0.00075,0.014,5e-04
"logit",0.5,0.95,100,1000,0.109636767426069,0.0441246672918148,0.0301307994141077,0.0687800366585699,0.0405006416874797,0.105129028471319,0.100724443501032,0.0687819663188725,0.0402827181139999,0.0836279519605274,0.0232177955975248,0.0106257640882476,0.0467355454496708,0.0216901202982941,0.0798272985970644,0.0761432114700084,0.0467355454496708,0.0213755431853464,0,1,29.7583682884455,6.13322172231092,0.300786949480642,5.88464034192859,0.022,0.685,0.978,0,0,36.5955217076728,15.2459483209539,0,0,30.5416854542936,13.6735043595378,0.001,0.00025,0.00175,0.00025
"logit",0.5,0.95,200,1000,0.0534047528011358,0.0255602709326088,0.021422079556482,0.0384201468140861,0.0267070256838288,0.0522510543172743,0.0511106845228422,0.0384096274766986,0.0266653152869555,0.0433018692802427,0.0145833279110316,0.00667297501169627,0.0294523184190668,0.0178195068398945,0.0424574705694693,0.0415478521183104,0.0294523184190668,0.0175938248954945,0,1,54.249341115188,8.4566728519822,0.31818376055434,8.3048391961008,0.003,0.755,0.997,0,0,58.9110138774518,19.8355618255262,0,0,53.9642366712946,18.7516624679858,0.00125,0,0.00025,0
"logit",0.5,0.99,25,1000,3.06219144473814,0.589996894875914,0.56587040855188,0.494501537777747,0.407683319310996,2.40405092946211,1.85819131193175,0.623198061398749,0.189863080842187,2.1859889048306,0.242895351723419,0.281776623977055,0.327307627476975,0.173319594566532,1.58113878241625,1.04715702067205,0.439940390137929,0.0969558930213021,0,1,2.5601400906043,1.26433352370637,0.110250334031707,0.733902681809581,0.685,0.314,0.315,0,0,17.2488073109461,26.1745227149356,0.034,0,1.84875342161182,2.429683476737,0.07725,0.051,0.1895,0.01825
"logit",0.5,0.99,50,1000,1.26575363860352,0.280293958026414,0.200021223748238,0.346055241733475,0.093240514344305,1.03808439782758,0.838785832347762,0.357602894148957,0.0666885758943056,0.941666469045294,0.108403709741551,0.0901426603951209,0.205299379525686,0.0367779653765436,0.727930042731577,0.544157362751609,0.218848082649726,0.0269181425412666,0,1,4.37427916656905,1.78641993496057,0.170939388542204,1.37294483533488,0.303,0.402,0.697,0,0,15.9188542313118,12.2022218562952,0.001,0,3.72077625420112,3.46827315748074,0.01975,0.00575,0.12275,0.0025
"logit",0.5,0.99,100,1000,0.59240681088599,0.172406609999141,0.0767668411944118,0.241655184450327,0.073056573929886,0.517643402141145,0.448634111746596,0.242908172064233,0.0695194664320561,0.449775877923449,0.0752446053766335,0.0348527901573356,0.14390697796584,0.0218683065549538,0.377679873692245,0.313525907877751,0.144657558146836,0.0188021119631254,0,1,9.38154800427381,2.79530123017035,0.223309016154912,2.22906608106947,0.122,0.56,0.878,0,0,15.6577137489835,9.42466227754974,0,0,7.04897222415456,5.31638711433769,0.004,0.00275,0.066,0.00275
"logit",0.5,0.99,200,1000,0.274916189927881,0.0895560513621626,0.0373691275464129,0.14059375077003,0.0585704130094309,0.25218054217295,0.230492975130962,0.14065110296485,0.0584218426656395,0.221480697610827,0.0432326351436748,0.0148315090960907,0.0941476433596718,0.0232102703989592,0.200478353105723,0.18035584122863,0.0941476433596718,0.0230585548985264,0,1,14.1873122235535,3.60836907661208,0.265740929870662,3.3547425296,0.043,0.638,0.957,0,0,20.2975335575813,10.5070880364145,0,0,13.74443640584,8.15700306723282,0.001,0.00125,0.0185,0.00125
"logit",1,0.8,25,1000,0.236969673714692,0.114185846100912,0.176992931549219,0.147291451781441,0.0926894193376011,0.218707213611624,0.201500043254458,0.146908985313147,0.0900153269824196,0.169227957424815,0.0743677241033297,0.0657063496867194,0.100534208486698,0.0547716675226291,0.156265908496861,0.143706648187067,0.100141260889363,0.0536836339057632,0,1,37.8126788998039,6.32442040049127,0.540593718426043,5.78968879691329,0.031,0.561,0.969,0,0,24.9191602669327,8.71376493705712,0,0,16.8449378739431,6.94261811163642,0.036,0.00325,0.011,0.003
"logit",1,0.8,50,1000,0.0960948834447728,0.0618528408911315,0.115057975424116,0.0706343036154856,0.052507115146412,0.0925374159610787,0.0890686021547875,0.0706044526752073,0.0523771150123767,0.0737756912926152,0.0406998546297938,0.0410213600789365,0.0500783898260843,0.0347706181894273,0.0711164273208562,0.0681517308295287,0.0500783898260843,0.0347706181894273,0,1,63.9617265254482,9.11528740602194,0.614863341212985,9.03915029450593,0.011,0.676,0.989,0,0,39.6893688312853,11.3989253321558,0,0,33.8474311373957,10.2949295597148,0.01775,0.00025,0.00075,0.00025
"logit",1,0.8,100,1000,0.0446930862829314,0.0412088277823832,0.0953123709169278,0.0361903132256388,0.029980991276466,0.0439093498140884,0.0431346982952556,0.0361740911942518,0.0298893719117821,0.0347491725901973,0.0252370725233584,0.0285363575822544,0.0263715080987459,0.0213361870002361,0.0342610521087014,0.0335350195693683,0.0263238670941276,0.0213361870002361,0,1,118.62357142893,13.7552673854346,0.637072121931163,13.6446727855388,0.003,0.717,0.997,0,0,71.6418080233667,16.3513867778034,0,0,66.75838382395,15.3497503793055,0.01475,0,0,0
"logit",1,0.8,200,1000,0.0237555019545059,0.0284875696238344,0.0724673591238046,0.0209545580413383,0.019765132012873,0.0235498786626894,0.02334551093569,0.0205610221137079,0.018188119787743,0.0178212672673939,0.0148533236566594,0.0178026203363448,0.0148872819305842,0.0126348673373965,0.0176423289852769,0.0175195201156883,0.0148127187379735,0.0126348673373965,0,1,250.835118640462,22.6677540085798,0.64975265658281,19.3601950722548,0.001,0.828,0.999,0,0,121.57277103901,21.5013857935891,0,0,118.652955643778,21.1355075760451,0.0085,0.001,0,0
"logit",1,0.9,25,1000,0.545470542061462,0.162674927245038,0.149856099547853,0.263293141152196,0.125351507513273,0.473967415092444,0.409264052380049,0.264515150290958,0.119476543093439,0.388403452217665,0.0827938860770814,0.0715328268177027,0.172707484365968,0.0617934620383943,0.336310532170154,0.281833862843676,0.174726247564152,0.059411287321624,0,1,20.2380520667452,4.34203059777796,0.473415406855686,3.82456426587337,0.086,0.454,0.914,0,0,18.0867533235335,7.33194312507094,0,0,7.83767244613214,4.61856073640625,0.021,0.009,0.0605,0.008
"logit",1,0.9,50,1000,0.213873908959391,0.0858163115875931,0.0879973659172503,0.134672345301065,0.0810518356334609,0.198796202706358,0.184380971589779,0.134682311120355,0.0803809202059784,0.159699131897723,0.048208248775009,0.0313198123593627,0.0865918485582939,0.0432075157321075,0.148910293339767,0.135776124373313,0.0865918485582939,0.0425135239981785,0,1,40.1263140391693,6.39062120367747,0.563076955659573,6.08619207701208,0.025,0.577,0.975,0,0,24.2616257421419,8.57553070754202,0,0,17.3044136446726,7.06602513985557,0.01125,0.0025,0.00975,0.00225
"logit",1,0.9,100,1000,0.106286175427018,0.0520823082787994,0.0604101929253459,0.0769590977600794,0.0547622303667832,0.102310281740475,0.0984194048564809,0.0768697356816438,0.0543196084539873,0.0808652784403427,0.0286971565688431,0.0173073085073291,0.0543003439135169,0.0346505598150606,0.0781411967409243,0.0751732632087016,0.0541950466974178,0.0344351416248011,0,1,68.1354507645779,9.35561239366125,0.607085237340961,8.91961999282379,0.013,0.711,0.987,0,0,40.626660503398,10.9238250357469,0,0,34.7486256445394,10.0151676393391,0.009,0.00025,0.00075,0.00025
"logit",1,0.9,200,1000,0.0471896204453318,0.026855401772852,0.0372345374203823,0.0371066916867118,0.0290258442709107,0.0462737540264994,0.0453677082179661,0.0370901647051414,0.0289066745352472,0.0376175928086237,0.0168006092386331,0.0113315377136951,0.0286453249463758,0.0208433105140355,0.036824248713441,0.0360358047971574,0.0286453249463758,0.0208073943572494,0,1,115.702098198824,13.1759889409518,0.635986513712116,12.91997120106,0.003,0.76,0.997,0,0,66.5706999376744,15.1306287289788,0,0,62.1489255379944,14.3376101689866,0.00425,0,0,0
"logit",1,0.95,25,1000,1.06566239362601,0.275026367744745,0.199006473607031,0.418046211486568,0.151365703782486,0.887412814511805,0.731668077349246,0.42260312750744,0.141123836709632,0.739547816418659,0.119519559301692,0.101170042915802,0.254645235833127,0.0708692395744817,0.590565609691771,0.4530130343804,0.260906290517842,0.0655575134455022,0,1,11.5635868776074,2.90080574769849,0.369679995687328,2.37844621985252,0.163,0.406,0.837,0,0,15.4040783866984,7.32251983068615,0,0,4.33387690102211,3.00877873870728,0.02775,0.014,0.1005,0.0125
"logit",1,0.95,50,1000,0.457500775533567,0.142299980751253,0.0925832509323411,0.241944783401596,0.112778677107262,0.40502508961941,0.356326510083751,0.242129132333608,0.111245995579883,0.36074222406183,0.0694705591806626,0.0404755675989042,0.166689845800619,0.0553099152397949,0.310593090454741,0.2676620255757,0.1669727202595,0.0519097812558424,0,1,25.7377891289071,4.48993799648404,0.479803207926126,3.93059106388502,0.05,0.534,0.95,0,0,16.5376451745881,7.01323203978,0,0,8.54729826298971,4.60739364306781,0.01125,0.0065,0.0455,0.00625
"logit",1,0.95,100,1000,0.204002637731663,0.0744160597868235,0.0482693174858577,0.129808970890386,0.0772880276267389,0.190062145951563,0.176668980376334,0.129813157283511,0.077036855639319,0.159249299660855,0.0388942310274883,0.0191251368040071,0.0906759592854992,0.0427829008555985,0.145955251187527,0.134430065127715,0.0906759592854992,0.0422629397428832,0,1,38.391718456176,6.45964486876784,0.566022889352678,6.12038432152399,0.022,0.622,0.978,0,0,23.7810390787822,8.37320667397004,0,0,16.9304057275777,6.90898827327433,0.00275,0.00175,0.00925,0.00175
"logit",1,0.95,200,1000,0.100400440660344,0.0409176852145459,0.0307847294328135,0.0713590919948961,0.0491315673718475,0.0965859222432755,0.0928493450705118,0.0713566737264222,0.0490345040896153,0.0815779175905976,0.0226487944274202,0.0107147178916716,0.0543973789383149,0.0328397036806136,0.0788228864666417,0.0757506743452973,0.0543973789383149,0.03281055042588,0,1,67.1859096288602,9.24936896523276,0.609756167032944,8.9133064896267,0.009,0.693,0.991,0,0,36.8369976631701,10.6689800907852,0,0,32.0822739960342,9.65396824347202,0.00225,0,5e-04,0
"logit",1,0.99,25,1000,5.93809019956825,1.00950256570387,1.26630939999235,0.83805700281452,0.972422419929251,4.53748536058858,3.40826260799294,1.15563372454654,0.37902842991347,4.03216557453365,0.327909449019386,0.6535521474755,0.498168077492801,0.383506739088943,2.75748463595112,1.78208145557229,0.806506343157451,0.188176393423962,0,1,3.60096844998922,1.42875408418259,0.150358723851937,0.777055874539868,0.779,0.225,0.221,0,0,20.3103907740807,25.495656255143,0.115,0.024,0.991684025887512,1.42565953354946,0.1535,0.1075,0.2375,0.0505
"logit",1,0.99,50,1000,2.36347193358522,0.509338725110068,0.371368877096323,0.638976363563418,0.163674854630723,1.86949989967453,1.4526366181566,0.659800091147227,0.116003681645089,1.75618375039109,0.176938986283759,0.193586747845089,0.405554746968571,0.0649853012618578,1.29202090678349,0.890809986451184,0.435156003733387,0.0499619962814245,0,1,5.83769956477603,1.94080938818353,0.251801512689284,1.4746201238043,0.306,0.357,0.694,0,0,14.8672229556555,10.8081287579726,0.026,0.005,1.96383434714798,1.8357130150585,0.047,0.015,0.1735,0.009
"logit",1,0.99,100,1000,1.10229675281786,0.278255363906591,0.140429517208039,0.450792906203001,0.129451998354155,0.917334978917543,0.752474779087136,0.452949570042206,0.124551336135071,0.910595686615792,0.113130859212974,0.0713187248918518,0.302307258598649,0.0463991923064228,0.718355053309391,0.546107335900295,0.302307258598649,0.0401879494557939,0,1,9.44543150696437,2.69265927768384,0.359151696004278,2.29677178237567,0.103,0.481,0.897,0,0,14.1454602432737,6.72688998292106,0,0,3.88995800076892,2.6974887627223,0.01325,0.01125,0.117,0.0105
"logit",1,0.99,200,1000,0.522492302999513,0.153489858669931,0.0662631305122508,0.273265115695128,0.119251006605818,0.459861344424653,0.401629426572186,0.273513409855264,0.118438544270611,0.423054455746589,0.0695062667749308,0.0269917690527674,0.192989184546011,0.0553614378401165,0.361902208492274,0.306809657999913,0.192989184546011,0.0538178782666961,0,1,15.4165715799514,3.64420546169808,0.46064180036768,3.44783889514261,0.035,0.596,0.965,0,0,16.4135060930895,6.25234865965859,0,0,7.81127453739448,3.97766456584237,0.00275,0.0075,0.055,0.00725
"logit",1.5,0.8,25,1000,0.347452949787865,0.150547000351515,0.194355950039985,0.218932419443729,0.136267971751092,0.315795563024958,0.286262720987609,0.218880414028102,0.135476495986652,0.241808086963251,0.0977726645080393,0.0821068206483241,0.14956580159346,0.0837947546152437,0.221153975319968,0.200171857421325,0.14956580159346,0.0837171665546274,0,1,41.7629128547479,6.13021780045292,0.779313631339647,5.95789434830618,0.027,0.557,0.973,0,0,21.569378419342,6.53588024104574,0,0,12.4928898995481,4.79417409729711,0.0375,0.0085,0.03075,0.0085
"logit",1.5,0.8,50,1000,0.135982376233959,0.0824914036589346,0.142375361765515,0.100194015938643,0.074662048777996,0.129509229094259,0.123240276791844,0.0999001926605962,0.073418068520233,0.103707382461879,0.0547731934390482,0.0502646259446814,0.0736660413566197,0.0485233311565399,0.098841044945105,0.0941338543202511,0.0730534270824281,0.048344813360399,0,1,82.7452188547744,9.91421396739994,0.881770201670235,9.49527530796276,0.01,0.637,0.99,0,0,32.151921431851,8.40454310327613,0,0,25.9227381001324,7.54807017173118,0.025,0.00225,0.003,0.002
"logit",1.5,0.8,100,1000,0.0640324100330665,0.0538290295876211,0.119533547305796,0.0524533943968356,0.0451184329645273,0.0624419648949138,0.0608765952719414,0.0518430463909305,0.0424464580579164,0.0514254353214894,0.0334664985474784,0.034013840242024,0.0398101745659803,0.0305253036811614,0.0501703142641384,0.0489430750244999,0.039603868997669,0.0304381123232981,0,1,169.023820893889,16.6051659954978,0.942431298535499,14.0622336108662,0.006,0.73,0.994,0,0,54.0367624945798,11.0737939863942,0,0,49.1919278740811,10.3727395356276,0.02125,0.001,0,0
"logit",1.5,0.8,200,1000,0.0322668842468582,0.0352342738306495,0.0866032056590796,0.0278922085142077,0.0246221148384353,0.0318748753669921,0.0314860826498492,0.0278460138661197,0.0244365700817074,0.0260808627534368,0.0204462125275842,0.0221419636962313,0.0219963872558888,0.0185218152401663,0.0257601438860561,0.0254549285165127,0.0219569792477806,0.0185218152401663,0,1,242.190950841802,20.2182736630281,0.964578478773305,19.8791723434514,0.002,0.793,0.998,0,0,93.1467364565865,15.0067716026917,0,0,88.7134721390504,14.6212247413854,0.0165,0,0,0
"logit",1.5,0.9,25,1000,0.792503378566256,0.238367134173546,0.190823311622422,0.410476789257928,0.195132573591823,0.681164973409699,0.581284103929726,0.411083664176991,0.192415480087853,0.577657398326748,0.117181132275827,0.100717399571575,0.278023957441668,0.099985808765989,0.480877480918108,0.398446595399667,0.27909744834537,0.0961481987277018,0,1,22.227885325241,4.33434791354808,0.621104303104255,3.82684385538874,0.068,0.455,0.932,0,0,15.4103876811724,5.72793400330945,0,0.001,5.82967494792968,3.05502217127022,0.02975,0.022,0.084,0.022
"logit",1.5,0.9,50,1000,0.318501249147478,0.121749566646153,0.115463515388161,0.204547219018219,0.126084694343012,0.290945616555287,0.264928908861542,0.204539354133653,0.125591462449571,0.24437540146037,0.0652226149756131,0.0419084683098561,0.144873020151243,0.0697674990015633,0.220918577580188,0.200397601734407,0.144873020151243,0.0682092354221585,0,1,54.1212748069837,6.26810562736092,0.779999564933324,5.97968650567419,0.023,0.565,0.977,0,0,19.2532562774392,6.04810157167975,0,0,12.1170443926532,4.72204180986896,0.01575,0.007,0.025,0.007
"logit",1.5,0.9,100,1000,0.147548483653761,0.0648112443636063,0.0704107400430593,0.106546006402066,0.0754718874411756,0.140340787728313,0.133334047543091,0.106554829407263,0.0753654612219239,0.116436515532714,0.0382156776325147,0.0243946975503234,0.0777255353689083,0.0473548276724276,0.110269724231932,0.103840476845848,0.0777255353689083,0.0473548276724276,0,1,76.4554993474465,9.31511819275865,0.881806619697099,9.14650324600505,0.01,0.64,0.99,0,0,29.6992918090374,7.74550044425008,0,0,23.9580796386391,6.86218550955235,0.0095,0.00125,0.00325,0.00125
"logit",1.5,0.9,200,1000,0.0669223300578401,0.0327142443894036,0.037396487245286,0.0526663295873279,0.0410278905225001,0.0651461033547611,0.0633957346582579,0.0526588953608874,0.0409506261867567,0.053907151848663,0.0207607710851483,0.0139573372638751,0.0401304424504124,0.0289734454318165,0.052475224909872,0.0511177721860049,0.0401304424504124,0.0288784738035441,0,1,114.422740376529,13.3571537264737,0.93954856911544,13.1343471242831,0.002,0.743,0.998,0,0,54.1009301021493,10.6400784557008,0,0,49.8841817221748,9.96331828022599,0.001,0.00025,0.00025,0.00025
"logit",1.5,0.95,25,1000,1.64874222086119,0.417346839828049,0.30605948679618,0.65004012978698,0.22192898140137,1.35147185907638,1.09508876105998,0.655429711343642,0.211261084862137,1.1314038149314,0.158047805973488,0.156858175071114,0.400196059126025,0.0960058386867697,0.880792526033701,0.653287169891736,0.403363931657077,0.0896002709525512,0,1,13.2869396045548,2.84797575766893,0.46716046549074,2.41717734924069,0.144,0.369,0.856,0,0,14.3065240311063,6.34543946436862,0.008,0.028,2.95192411798586,2.05962903094156,0.0465,0.02575,0.13925,0.02275
"logit",1.5,0.95,50,1000,0.684186214343162,0.196576536650555,0.123973318858813,0.367486887674989,0.177984848878318,0.593570582308081,0.510823630814006,0.368381913537118,0.174238302705813,0.504518652497039,0.0835354921103779,0.0565033619243075,0.232722700303222,0.0825113627517121,0.419222160297625,0.34390330549046,0.234022851594606,0.0802435965632679,0,1,22.8136525926978,4.41765033579077,0.644135782114527,3.9211405173368,0.043,0.506,0.957,0,0,15.6954416468391,5.38849915328347,0,0,6.49882566057093,3.13923518632151,0.01225,0.019,0.0775,0.0185
"logit",1.5,0.95,100,1000,0.316403615413164,0.109608632025309,0.0664407749782343,0.205151286672564,0.125552002033197,0.289195711933687,0.263338934162587,0.205222276262021,0.124975128414866,0.245084210143083,0.055219023942705,0.0250345796175693,0.144571970360316,0.0717429868692167,0.22384203841834,0.198783193660044,0.144571970360316,0.0717429868692167,0,1,42.8908729956754,6.35711798861031,0.78668890358204,6.00618478673464,0.02,0.619,0.98,0,0,19.3173024607426,5.82034346483621,0,0,12.4394741445514,4.56630303682142,0.00475,0.00675,0.02675,0.00675
"logit",1.5,0.95,200,1000,0.146717599497531,0.0572195438354023,0.0349153271835644,0.106907273570204,0.0753264490310596,0.139457384599882,0.13239284914524,0.106909706867415,0.0752189912515392,0.109779512045453,0.0294929500470475,0.0124218942719029,0.0743299913453458,0.0468125869539883,0.104161409859648,0.0987513898839428,0.0743299913453458,0.0463492279558159,0,1,66.1968960116538,8.80558382670901,0.878787531547423,8.52070070793207,0.006,0.692,0.994,0,0,29.5787772114258,7.63347331640279,0,0,24.0258132093965,6.6015588014399,0.0015,0.00175,0.005,0.00175
"logit",1.5,0.99,25,1000,7.8911846178958,1.30641446879967,1.63415223493458,1.13388660832514,1.28069403520396,5.99359670541941,4.48075449622466,1.55911276762319,0.517306288356095,5.45089006040363,0.400566476820442,0.926301153246199,0.670866928305108,0.56018067254783,3.71189473818782,2.2733763274897,1.09503289497831,0.2549390650092,0,1,3.99195155936165,1.49706971276075,0.177736945749172,0.86005055665466,0.771,0.222,0.229,0,0,22.2668005689928,24.0668882925687,0.158,0.094,0.725496816003169,1.05859367026661,0.18675,0.1305,0.259,0.0665
"logit",1.5,0.99,50,1000,3.42034179671615,0.669523977400576,0.593370680812005,0.889860138715581,0.21763228918536,2.67487509910297,2.05253737858946,0.919922457512298,0.150035603630144,2.4806417107184,0.231093152940244,0.321140226767511,0.567713397925354,0.0863456459988822,1.76520637321199,1.1716757699955,0.600802962278585,0.0636079834995295,0,1,7.51580811597751,2.15459515922965,0.304585168205181,1.57276817909058,0.293,0.312,0.707,0,0,16.5218698789348,11.071820845235,0.064,0.071,1.49133057014855,1.3902799021999,0.08675,0.023,0.20325,0.0135
"logit",1.5,0.99,100,1000,1.56019366301669,0.359565801691527,0.201307358240531,0.619647935993247,0.162557999099919,1.26858178098884,1.01370224044303,0.621845079986699,0.157152169957134,1.18334568062675,0.140637595571674,0.108297548991284,0.422856704038364,0.0560788032134998,0.899289235487985,0.651299411385774,0.423857329727218,0.0476139969428912,0,1,13.7164691533362,2.85848472301951,0.466984882931999,2.4542734655907,0.1,0.438,0.9,0,0,15.1960102304458,5.90997288796576,0.002,0.004,3.12514672741875,1.90943794088012,0.0225,0.0185,0.1435,0.01775
"logit",1.5,0.99,200,1000,0.761519810258582,0.206371502839066,0.1002558220885,0.397767473743709,0.170300337095102,0.652972279034808,0.553830483208714,0.397925893759556,0.169875791032366,0.588665348769454,0.0846717939139758,0.0443075134972257,0.268566126207607,0.0770150880114986,0.481660955053285,0.388274509987373,0.268566126207607,0.0766766500560791,0,1,22.5501149200064,3.86115657758529,0.619746215279319,3.56369913070184,0.031,0.53,0.969,0,0,14.6508966137373,5.08738882529802,0,0.001,5.69706544691908,2.77696493088027,0.00725,0.01825,0.08525,0.01825
"logit",2,0.8,25,1000,0.456371989189146,0.194530431314764,0.236638465214705,0.294923995443434,0.188614977069172,0.41044361854604,0.367967886611751,0.294476271892775,0.185890492960493,0.320285161164876,0.119353111166319,0.106983035745835,0.193716310892066,0.10781521799094,0.281478159594153,0.246291717727085,0.193510948231046,0.106734090289451,0,1,51.7743206905439,6.73090314675701,0.981451202023239,6.13432510114468,0.029,0.526,0.971,0,0,18.2018832939512,5.3006297177233,0,0.001,9.57431501196507,3.73253348240808,0.0485,0.017,0.04275,0.016
"logit",2,0.8,50,1000,0.179765996516212,0.0962918156176948,0.151077705464545,0.133189743051389,0.0977408735075325,0.169453189877219,0.159524693610995,0.133154303782968,0.0975318558937097,0.137526250196065,0.0637952977839471,0.0577057010547854,0.0945932280036201,0.0629148644319969,0.129426194170523,0.120145906541157,0.0945932280036201,0.0628435047090883,0,1,80.1936766786599,9.4637945358449,1.14254202776298,9.34062204806392,0.009,0.623,0.991,0,0,27.8592003682164,6.47894924060304,0,0,20.8048725972002,5.54865825518986,0.03075,0.002,0.00675,0.002
"logit",2,0.8,100,1000,0.0881949343735563,0.058514598945923,0.103538463726532,0.0718150272637699,0.0589105946060971,0.0855236287872341,0.0829023922658012,0.0717437731653112,0.0585364216582438,0.0656777816536421,0.0368709239516043,0.0362981409752326,0.0500649466391187,0.0381881498155361,0.0634345646463252,0.0615360309793848,0.0499898226537941,0.0379968449153187,0,1,135.636981428704,14.1259840392633,1.22622518943895,13.7063032000228,0.001,0.754,0.999,0,0,48.0089818729325,8.67385063841345,0,0,41.9391314904826,7.95526832987304,0.01825,0.00025,0.00125,0.00025
"logit",2,0.8,200,1000,0.0405408296209998,0.0399865780288689,0.0927458104174063,0.0351975531815585,0.0308020202111981,0.0399207795092281,0.0393070152980696,0.0351975531815585,0.0308020202111981,0.0317558509876905,0.025082256159563,0.0287089672970505,0.0265950624085119,0.021907534330176,0.031337751985568,0.0309749601145552,0.0265950624085119,0.021907534330176,0,1,268.547747054547,19.8771964864288,1.29587425586491,19.8771964864288,0,0.753,1,0,0,76.9732376259614,11.8349094903813,0,0,71.7035624163995,11.3822519610136,0.01325,0,0,0
"logit",2,0.9,25,1000,0.989383193584265,0.291023199242674,0.230736788382465,0.512794272607499,0.241433101197071,0.838732888099335,0.705402766228462,0.513816908631855,0.238627945309344,0.719812050089653,0.142112176519916,0.110588681327874,0.339088909430565,0.125751384093834,0.574249342336357,0.453877389282552,0.339088909430565,0.118849887406893,0,1,26.7012076160072,4.47628835805911,0.776434247997083,4.01849350448403,0.073,0.425,0.927,0,0,15.1588157158683,4.94525823233969,0.001,0.017,4.55627612024737,2.35267042288984,0.0465,0.0285,0.09975,0.02825
"logit",2,0.9,50,1000,0.42774332236449,0.155304250878317,0.130425284490628,0.279351545286807,0.174485832980698,0.385973073146215,0.346825164653368,0.279579300445105,0.17377647804129,0.308145580329566,0.078742930615504,0.0521127377534668,0.185208813417632,0.0959307482174889,0.271394521098656,0.241382951853936,0.185208813417632,0.0927829477859692,0,1,53.4641862929939,6.39216501232634,0.96989070063923,6.08763698457558,0.023,0.551,0.977,0,0,17.5270422155877,5.02327836588446,0,0.001,9.91461331640651,3.57457971034889,0.0185,0.017,0.04575,0.017
"logit",2,0.9,100,1000,0.183928448199973,0.0793380011309542,0.0792308674689522,0.135612111275524,0.0974978211567838,0.172876768954077,0.16220905953156,0.13555181531981,0.0971578609370211,0.142683044504546,0.0469677775054697,0.0278448204755033,0.0997318090476988,0.0656917541491301,0.133203827256276,0.124631688199403,0.0997318090476988,0.0654042642603683,0,1,86.6280624848136,9.59378225373677,1.1495987897052,9.26909977466114,0.007,0.653,0.993,0,0,25.7630558992133,5.98881275502757,0,0,19.5606926287027,5.11857108738247,0.01075,0.002,0.008,0.002
"logit",2,0.9,200,1000,0.0881517469198932,0.0460559109408662,0.0576149947034511,0.0706867597076696,0.0562358276800819,0.0852893442483654,0.0824780500286158,0.0706664720735785,0.0561394427494744,0.0654824805356908,0.0276760955137942,0.0180625760165179,0.0501859412107067,0.0370736972844977,0.0632097566800758,0.061219595039698,0.0501859412107067,0.0366700831769932,0,1,148.981066261086,14.3600941074323,1.2382243722044,14.106743456605,0.003,0.72,0.997,0,0,42.0088201214069,8.18949748396691,0,0,37.3579610877321,7.6005516980222,0.00575,0.00075,0.001,0.00075
"logit",2,0.95,25,1000,2.00891167899563,0.496206927692978,0.387877124530467,0.787211256706804,0.275082207697964,1.62536710342439,1.30057442979558,0.795769688004952,0.256779059216052,1.37589585697231,0.185579165351006,0.212653666852865,0.474821374647164,0.111513484880295,1.02105290141732,0.734236119958408,0.486935029454197,0.102091088390968,0,1,15.9735035268887,3.2323343861202,0.583399729748437,2.65843582253244,0.163,0.345,0.837,0,0,13.7729115772461,6.18337951647984,0.016,0.066,2.42859920514072,1.65365400322659,0.0635,0.035,0.1545,0.03175
"logit",2,0.95,50,1000,0.902402283233141,0.26229617282169,0.153352449117473,0.493241947100724,0.239963139094904,0.772570947481688,0.655287209210142,0.493998393524519,0.237639275586905,0.670457106569823,0.106983887118627,0.0718366206539339,0.326927775404889,0.114702575129462,0.548364562930445,0.444846125080271,0.326927775404889,0.113159453361579,0,1,27.618640172375,4.4839206480904,0.790318118255768,4.06408436849424,0.046,0.496,0.954,0,0,15.9862989079084,4.57029369881373,0,0.01,4.97830789530209,2.33731617215165,0.01625,0.03,0.1015,0.0295
"logit",2,0.95,100,1000,0.386751196111241,0.122442417030232,0.0818690527465989,0.249871962103399,0.153257667325423,0.347920924383722,0.311408343383014,0.250007749549733,0.152557917438062,0.293774559750366,0.0545899773858644,0.0318215318968772,0.169157974278099,0.0827260861457373,0.257208052298537,0.226561280395876,0.169157974278099,0.0826390331485705,0,1,52.9022315091797,6.47752336935971,1.01056414841441,6.18264888554801,0.014,0.56,0.986,0,0,19.3113182854383,4.89074973197351,0,0.001,10.8434085145888,3.61726578878771,0.00825,0.016,0.03725,0.016
"logit",2,0.95,200,1000,0.188785188954539,0.0706135047784386,0.0436879234106479,0.138059222592551,0.0976044422843173,0.177463557325707,0.166513565472785,0.138061271490142,0.0975925267273568,0.146850879926504,0.0376292908886728,0.0153867717794948,0.0987266645435725,0.0614972588005707,0.136912888810563,0.127751132911945,0.0987266645435725,0.0614972588005707,0,1,84.2406783727938,8.77625616951122,1.13432715055802,8.73075435969371,0.005,0.682,0.995,0,0,25.8546022970776,5.97270484817374,0,0,19.7176441980288,5.10244626513034,0.00175,0.002,0.007,0.002
"logit",2,0.99,25,1000,10.4787934301702,1.57819820514341,2.4229457701127,1.45962545355367,1.68013674490148,7.96119400224711,5.96258203605034,2.06908210572394,0.67362389534143,7.53342838215067,0.469620850596719,1.2912853752105,0.868176064246142,0.768147294126892,5.02844352749241,3.06995282675006,1.46030254279422,0.339245294983004,0,1,4.91166848279498,1.63063074270087,0.190601485199681,0.900882330445129,0.782,0.189,0.218,0,0,23.8716231662092,25.7577879593122,0.158,0.144,0.598350389511884,0.873697283199772,0.23925,0.1645,0.28275,0.09075
"logit",2,0.99,50,1000,4.34859832657593,0.794664814560155,0.774692079341536,1.09286356723418,0.270198237339446,3.36473206563141,2.55168730223241,1.12793135216847,0.188303714681131,3.19572838859085,0.270527780993595,0.426494137660752,0.72282813004387,0.109766171910713,2.20188689344167,1.40934829363919,0.751696284807255,0.0838760108953188,0,1,8.47720170411974,2.23455966326342,0.350462047633763,1.6902668599063,0.292,0.286,0.708,0,0,17.8542072322518,10.8655253765404,0.106,0.247,1.17535357376653,1.10668306990856,0.10675,0.0275,0.22375,0.01825
"logit",2,0.99,100,1000,1.96656975209806,0.420395639143397,0.286321599652328,0.764717892199112,0.202088631905317,1.5785812205532,1.24372409563552,0.768424977139253,0.19279934712819,1.46978478339353,0.164976265831944,0.138819791843748,0.50400191015932,0.0752370659774064,1.09864307295747,0.760916072887807,0.507743576915481,0.0683795052237549,0,1,13.1469247210119,2.92241393001868,0.550522268488162,2.57683656510156,0.104,0.412,0.896,0,0,15.6122645756287,5.3152041240384,0.009,0.082,2.52072309454736,1.56173446930679,0.0325,0.023,0.1615,0.02225
"logit",2,0.99,200,1000,0.931380579374949,0.241638620003877,0.119061467143524,0.491109599927928,0.220152106770776,0.785441080563013,0.653776829992521,0.491731889814902,0.218425504361129,0.722528683073226,0.101802995507397,0.0590210956778397,0.320532198868657,0.098032245624599,0.576954790508197,0.456663097093383,0.320532198868657,0.0953114660182669,0,1,24.7750889628529,4.24289825767429,0.763253472164965,3.8800882801894,0.052,0.517,0.948,0,0,14.2607865198936,4.42366280521309,0,0.006,4.67489017219848,2.17635496116615,0.00675,0.02475,0.09725,0.02475
"probit",0.5,0.8,25,1000,0.0233148806383186,0.0151913643666841,0.0164422071584088,0.0188475146717808,0.0154720837618913,0.0229881814203964,0.022665955675461,0.0188483287206881,0.0154661653064025,0.0154638162877301,0.0100804072591475,0.00976724354841082,0.0124793259041241,0.0103916737212419,0.0153103964829132,0.0151755034866609,0.0124793259041241,0.0103845343656323,0,1,53.5474358041436,9.03216258537243,0.321500432750353,9.01016608068984,0.001,0.849,0.999,0,0,73.4217757795325,22.0042574547913,0,0,71.4257765606059,21.379954365385,0,0,0,0
"probit",0.5,0.8,50,1000,0.00766233679382206,0.00686246365983362,0.00994311732556341,0.00694111585076953,0.00635156245606239,0.00763029784096138,0.00759840592849524,0.00694111585076953,0.00635156245606239,0.00514429776482412,0.00449996524020306,0.00462097842489271,0.00475919009731011,0.00450617671073803,0.00513564362025856,0.00512703577227332,0.00475919009731011,0.00450617671073803,0,1,119.170981641972,12.9713115924383,0.333119961324668,12.9713115924383,0,0.927,1,0,0,124.742796843927,28.8709653013901,0,0,124.358669230419,28.686431726956,0.001,0,0,0
"probit",0.5,0.8,100,1000,0.00277206161413364,0.00259472299379692,0.00324645524603571,0.00266518703866874,0.00257551819617761,0.00276812358303969,0.00276419609586649,0.00266518703866874,0.00257551819617761,0.00197060562783359,0.00177570256696995,0.00189686696054595,0.00188454120872698,0.00183257802422139,0.00196474559340699,0.00196131330069589,0.00188454120872698,0.00183257802422139,0,1,138.438085787794,15.9061158537077,0.331068954496602,15.9061158537077,0,0.976,1,0,0,174.924440460063,35.3602312567316,0,0,175.925722557852,35.2278176473047,0,0,0,0
"probit",0.5,0.8,200,1000,0.00111282007706603,0.00106798321675852,0.00117692259596545,0.00109198853665373,0.00107358855021814,0.00111221021275072,0.00111160142095107,0.00109198853665373,0.00107358855021814,0.000807245674099728,0.00078420510920173,0.000816003923056724,0.000796895414295092,0.000773471289068091,0.000807308665450335,0.000806632860466833,0.000796895414295092,0.000773471289068091,0,1,167.664644516177,19.2447770732557,0.331938293370202,19.2447770732557,0,0.991,1,0,0,229.564399749375,42.5990789742598,0,0,229.730527296808,42.730675459893,0,0,0,0
"probit",0.5,0.9,25,1000,0.0505768213781664,0.0218865528232462,0.0169935497400893,0.0342556390843176,0.023298439260974,0.0490720566523694,0.0476030516842352,0.0342976227707619,0.0231065477668799,0.0327254135237863,0.0131371987750415,0.00975704326486369,0.0227567661691012,0.0144763945826487,0.0321576836656728,0.0316259697557297,0.0228318841449467,0.0144098533343446,0,1,53.3974613576527,8.69846281728916,0.321936462496065,8.23194672456571,0.023,0.689,0.977,0,0,54.423514413517,20.0812878950607,0,0,50.6724131091723,19.1110320858891,0,0,0,0
"probit",0.5,0.9,50,1000,0.0181430875749167,0.0107995005211042,0.0101444273990099,0.0148193735850098,0.012211414834956,0.0179736089365461,0.0178052440613874,0.0148120073978258,0.0121725985524002,0.0131456193464452,0.0066963519731022,0.00510782053993684,0.010442042543958,0.00834515466287179,0.0130457658912463,0.0129097066875108,0.010442042543958,0.00834515466287179,0,1,95.784214247271,13.3731410206757,0.32855976178977,12.2834001011392,0.003,0.816,0.997,0,0,105.349221288946,28.1268213926119,0,0,103.141983358496,27.5341148636137,0.00025,0,0,0
"probit",0.5,0.9,100,1000,0.00642769374589535,0.00461259802156576,0.00476541868436759,0.00577896963676032,0.00522938698367876,0.00640648161182916,0.00638532468850546,0.00577860636863734,0.00522776529034433,0.00459389854706305,0.00313684408624948,0.00266224602331863,0.00399086064891239,0.00361518573294681,0.00457477062671016,0.00455755955333409,0.00399086064891239,0.00361518573294681,0,1,172.430232582883,19.0545732856709,0.330828758525331,18.7941047381755,0.002,0.912,0.998,0,0,189.560095670226,39.3080724449523,0,0,189.360112856808,39.2410426661754,0,0,0,0
"probit",0.5,0.9,200,1000,0.00255665183123318,0.00212393412379729,0.00232732505724472,0.00241806382393941,0.00229373509530813,0.00255335449609108,0.00255006143345442,0.00241806382393941,0.00229373509530813,0.0018146817120894,0.00148248959614597,0.00138613843304125,0.00170444005668059,0.00163969991575495,0.00181175185714226,0.00180766384734415,0.00170444005668059,0.00163969991575495,0,1,244.712203561568,23.6252607133625,0.332629093182401,23.6252607133625,0,0.959,1,0,0,288.422582913356,48.3818183606359,0,0,288.732209819239,48.1998952528863,0,0,0,0
"probit",0.5,0.95,25,1000,0.106338467479904,0.0383333193333414,0.0255587856135382,0.0624946962333244,0.0350802155043926,0.100514990868231,0.0949305903116874,0.062557570815835,0.0350305292488458,0.0706996092017596,0.018541861031355,0.011921766321918,0.0398804504770961,0.0183761252781532,0.0679755127779033,0.064804687478612,0.03991322408437,0.0183172539187977,0,1,40.4447248399027,6.26047762886527,0.301092782276196,5.8280203962219,0.038,0.574,0.962,0,0,36.3535343680259,15.7925978137675,0,0,29.8480124471853,14.3621345852139,0,0,0.0015,0
"probit",0.5,0.95,50,1000,0.0356177121987192,0.0156160501518077,0.0118371466911958,0.0253844649197149,0.0178480180931172,0.0349297525047466,0.0342504423458735,0.0253655527023184,0.0177603965935412,0.0265760309374712,0.00886176328209085,0.0050641647322487,0.0182875118412354,0.0114624492495138,0.0262539896366676,0.0256929563806732,0.0181986649713609,0.0114037691630777,0,1,81.1241393624711,11.1505417782068,0.320596177106078,10.4885365654652,0.009,0.682,0.991,0,0,75.1090121926683,24.3413993882833,0,0,71.1379931428579,23.6965711939139,0.001,0,0,0
"probit",0.5,0.95,100,1000,0.0134050557812707,0.00717728518817171,0.00480900604080173,0.0110267677266554,0.00902378607608717,0.0133071909996871,0.0132097867349245,0.0110267133281193,0.00902307130681185,0.00945152918150692,0.00434016155891044,0.00284750331423818,0.00769910693490323,0.00587921471546754,0.00940622821579675,0.00935109697955633,0.00769910693490323,0.00587921471546754,0,1,119.908339848584,15.7262496316623,0.328074320115293,15.5350201676344,0.002,0.811,0.998,0,0,144.304067513643,35.5973047459667,0,0,140.816626391736,35.0308896809526,0,0,0,0
"probit",0.5,0.95,200,1000,0.00540143762769397,0.00353938833766019,0.00275179226605501,0.00484431906105233,0.00434912895353121,0.00538634737799005,0.00537128525394649,0.00484466116498571,0.0043494375856734,0.00352846501511314,0.0020352337325453,0.00160706192430815,0.00309867644734003,0.00266719587853545,0.00352214652655723,0.00351296903920194,0.00309867644734003,0.00266719587853545,1e-05,1,216.976555201158,23.2313337318542,0.332796541168337,23.1367547274616,0.001,0.894,0.999,0,0,260.35698854528,49.9200034653858,0,0,258.744166047185,49.7391730959242,0,0,0.00025,0
"probit",0.5,0.99,25,1000,0.556437448841428,0.137370674393025,0.103015872013228,0.200423818225556,0.0784654631548393,0.473661860025272,0.400385813284561,0.205772739955069,0.0689710349306191,0.375929787133666,0.0524300372540545,0.0485454728194637,0.115248939776591,0.0392648569839657,0.301308951287433,0.252393641308863,0.118408808820278,0.0353933190583096,0,1,13.3284805776649,3.13716546259236,0.233502384583642,2.32066389501971,0.28,0.36,0.72,0,0,17.8739950262481,10.5842774938532,0,0,7.46360462311545,5.58954259564284,0.006,0.00225,0.056,0.0015
"probit",0.5,0.99,50,1000,0.203672684758729,0.0617025544649626,0.0347173916483496,0.104253678555656,0.0498945967781637,0.188427578020693,0.173917139860094,0.104645123173713,0.0491470931223382,0.141039063363267,0.0266574990262341,0.0139277527934482,0.0621773216288836,0.0223057316846689,0.129207233428401,0.119268667495927,0.0623454239030351,0.0216741386833413,0,1,22.0456909206542,4.93974977820647,0.28215976267818,4.32954429533845,0.064,0.523,0.936,0,0,25.5188906980597,12.7058070642244,0,0,17.3555736429782,10.4300620974604,0.001,0.00075,0.0115,5e-04
"probit",0.5,0.99,100,1000,0.0682627223487752,0.0245772031522587,0.0128470457709357,0.0434216524523997,0.0263983924070083,0.0659882046462575,0.0637593993553668,0.0434562429362186,0.0263370468884901,0.0494786038799076,0.011911160189322,0.00520732160613202,0.0297944477585417,0.0161259950880704,0.0481447224867409,0.0467011179317044,0.0297944477585417,0.0160810894458856,0,1,53.5131561885385,9.08655828388209,0.312180658998614,7.62561660019846,0.03,0.606,0.97,0,0,46.4445995512813,18.6859104196603,0,0,40.9944012966094,17.5171562167026,0,0,0.00025,0
"probit",0.5,0.99,200,1000,0.0254126244769728,0.0106697434315619,0.00513050365114285,0.0188222555456303,0.0136326552267559,0.0250555058551275,0.0247013209937352,0.0188232165961572,0.01363183757285,0.0192449291979333,0.00591472928982783,0.00208238117505903,0.0137270945188122,0.00929717347142219,0.0190011969924761,0.0187317747372421,0.0137270945188122,0.00929717347142219,0,1,89.8032795106088,12.9297942486421,0.325413625384991,12.7295447311753,0.008,0.72,0.992,0,0,97.6415503255159,29.1145381646975,0,0,94.1733998436855,28.3598192045129,0,0,0,0
"probit",1,0.8,25,1000,0.0450559471676364,0.024885377048944,0.0271387511898148,0.0354496335172731,0.0282038699636133,0.043942494261934,0.0428517548702461,0.035446886178257,0.0281793453667521,0.0291566758481857,0.0159488192396244,0.0140429309395897,0.0225467141373266,0.0180753630265809,0.0286394900935531,0.0282286696261928,0.0225467141373266,0.0180462219419922,0,1,89.1471261110025,11.0428647398446,0.629363301467775,10.8770892395108,0.005,0.749,0.995,0,0,53.5552214103863,13.4248702672212,0,0,50.4943511124328,13.0115337767991,0.00075,0,0,0
"probit",1,0.8,50,1000,0.0153600087904637,0.0107876156710126,0.0123463200313205,0.0136681128991897,0.0122279023018562,0.0152366042021124,0.0151140982148146,0.0136681128991897,0.0122279023018562,0.0111389519709407,0.00779713515820368,0.00739355543095154,0.00990672616399323,0.00890783923527681,0.01104587562118,0.0109092524125753,0.00990672616399323,0.00890783923527681,0,1,139.051992962424,15.1555389983076,0.653557715953352,15.1555389983076,0,0.881,1,0,0,98.6916523775676,17.648856634665,0,0,96.8461712790833,17.6193981578732,0,0,0,0
"probit",1,0.8,100,1000,0.00543858549131548,0.00548232558002969,0.00917208592918702,0.0051552358499351,0.00493164541504195,0.00542303277419668,0.00540753289351943,0.00514970530588876,0.00490788726764764,0.00374163716751702,0.00321413947253801,0.00327263814943087,0.00359826736984505,0.00342935246975097,0.00373217246513177,0.0037309782008526,0.00359826736984505,0.00342935246975097,0,1,367.434913282531,22.2330561684272,0.66062527913341,21.7122983865675,0.001,0.929,0.999,0,0,155.19058892902,23.3160041485439,0,0,153.0602066733,23.3020545714772,0.001,0,0,0
"probit",1,0.8,200,1000,0.00210587328790094,0.00197942126709761,0.00236930908652783,0.00205306661737991,0.00200755033507319,0.00210370088724646,0.00210153304714956,0.00205306661737991,0.00200755033507319,0.00153177370049912,0.00145602657745541,0.00146442143795728,0.00149332708843929,0.00146609018407063,0.00153047181389542,0.00152917177260046,0.00149332708843929,0.00146609018407063,0,1,295.393174015383,26.2289514010137,0.665518023771616,26.2289514010137,0,0.982,1,0,0,217.548591694387,29.2696571071846,0,0,217.182027460886,29.1967000952039,0,0,0,0
"probit",1,0.9,25,1000,0.103234697624723,0.0424971578287827,0.0345287556515848,0.0699639103942788,0.0468710242832993,0.0981533451855272,0.0932592478513843,0.06995284897416,0.046711653997701,0.070178921348714,0.0222880825948725,0.0161738340001767,0.0447248669809393,0.0277798237822717,0.0666265539486751,0.0632783518089608,0.0447248669809393,0.0277620049405061,0,1,93.0659161551017,9.63134839194896,0.61377843097626,8.90700166877599,0.018,0.596,0.982,0,0,36.0261852970145,11.3308372427621,0,0,30.1093981359561,10.2639688302441,0.00325,0.00025,0.00225,0.00025
"probit",1,0.9,50,1000,0.0340156986270576,0.017411655984636,0.013677843396668,0.0275477899638991,0.022254853441816,0.0334363573931229,0.032863757237408,0.0275535874258593,0.0222236369212411,0.0245327824079306,0.0105884961246498,0.0073962728654787,0.019292683751324,0.0147628728235179,0.024177482100408,0.0238330544147727,0.019292683751324,0.0147261068121311,0,1,146.044175586976,14.4942458692489,0.645725134163376,13.8944603570439,0.005,0.747,0.995,0,0,70.115761720177,16.1157090685686,0,0,67.1632271773187,15.6549241384333,0,0,0,0
"probit",1,0.9,100,1000,0.0118638005000631,0.00754543547389415,0.00696056174937773,0.0104956926543863,0.00931371059592925,0.0117907410448229,0.0117180015411294,0.0104956187104378,0.00931321729723523,0.0089150509207687,0.00496910094891792,0.00421997082509199,0.00786610630288392,0.0068490926192648,0.00885918283544112,0.00882990817116824,0.00786610630288392,0.0068417204886839,0,1,248.399740358051,22.4826655088716,0.659016512205415,22.4246383038183,0.001,0.846,0.999,0,0,137.822558731576,23.7448243291485,0,0,135.662922956751,23.6679263248919,0,0,0,0
"probit",1,0.9,200,1000,0.00482815551120903,0.00348757387984068,0.00336749615343591,0.00451848291920702,0.00423541500467049,0.00481611247763454,0.00480409368053168,0.00451848291920702,0.00423541500467049,0.00345360482812494,0.00241290966058114,0.0021555246644751,0.00321556036712378,0.00297224059968904,0.00344292176061025,0.00343226033527496,0.00321556036712378,0.00297224059968904,0,1,374.972159485387,28.1308088161706,0.665391440337217,28.1308088161706,0,0.925,1,0,0,231.477056737495,31.4703107712424,0,0,228.609373081384,31.2987742340122,0,0,0,0
"probit",1,0.95,25,1000,0.227268725977901,0.0744065589579412,0.0465065347068208,0.130719992163355,0.073277133006424,0.208464525480887,0.19081716330708,0.130892887841055,0.0727652960198583,0.148386645952565,0.0316273488375304,0.0211384383229237,0.0804294633393869,0.0388100733603569,0.13375821149485,0.122358824649325,0.0807916314316209,0.0379859273401707,0,1,48.1338345024525,6.66985611011881,0.569281206559131,6.13387174810999,0.046,0.5,0.954,0,0,23.7666929614912,8.85354488905521,0,0,16.7782568229984,7.17262507408855,0.00225,0.00225,0.013,0.00225
"probit",1,0.95,50,1000,0.0682615622514156,0.0265296905601524,0.0158235138991401,0.0490606921484015,0.0346509007128931,0.0658913582633128,0.0635750918631521,0.0490638519903538,0.0346425944050123,0.0437236685118097,0.0122965563843142,0.00775628073287674,0.0291359133022552,0.0180957472592992,0.0420883740753954,0.0407811620079716,0.0291359133022552,0.0180957472592992,0,1,95.7093028157423,11.3413113300976,0.636588229418244,11.0505833074504,0.011,0.615,0.989,0,0,47.3588560225755,13.3943460727242,0,0,41.7320395079242,12.7243435905678,0,0,5e-04,0
"probit",1,0.95,100,1000,0.0259186843010123,0.0123138389616351,0.00773722664818939,0.0211946865659539,0.0172247088332045,0.0255735128254428,0.025231187087484,0.0211950772640818,0.0172208016102949,0.0192440530090368,0.00715909963655644,0.00387343814466102,0.0152908510481422,0.0115449980361185,0.0190699009512715,0.0188260543380119,0.0152908510481422,0.0115449980361185,0,1,171.262796507009,17.6394042161836,0.649134108287516,16.7692836083501,0.003,0.751,0.997,0,0,93.477142827027,19.1743156939589,0,0,90.2850843576309,18.7845336135438,0,0,0,0
"probit",1,0.95,200,1000,0.0100075747262685,0.00601533842400856,0.00518842886481492,0.00890109715170177,0.0079058927304847,0.00995473955697152,0.00990207962371917,0.00890043392363247,0.00790333029755544,0.00740768214857122,0.00350526412781303,0.00224607989101003,0.00631276555979152,0.0054866801216542,0.00737181753797262,0.00732995516492802,0.00631276555979152,0.0054866801216542,0,1,377.996492126883,26.7401357840412,0.662134563597468,25.6316901039203,0.001,0.845,0.999,0,0,180.590341327001,27.5485879179643,0,0,178.716299569215,27.4034053546063,0.001,0,0,0
"probit",1,0.99,25,1000,1.1039887622151,0.23662041328342,0.217815209011941,0.381727680951408,0.140221856313226,0.894791008119003,0.716408005468113,0.390386779994064,0.127193948352623,0.708642102664519,0.0870626553749414,0.113296326416065,0.226321680475124,0.0667661443902983,0.557182817795897,0.414903932520744,0.239006392330818,0.0591009226068204,0,1,13.5935105901969,3.01435453986314,0.376878314086578,2.39927764909348,0.244,0.308,0.756,0,0,15.4332448189016,7.83873857919359,0.001,0.001,4.18612809138058,2.9675012347346,0.02325,0.01075,0.09875,0.0085
"probit",1,0.99,50,1000,0.379180866997039,0.103907993926627,0.0673690542091868,0.193493396023156,0.0948397507421851,0.336268891641105,0.296628196931451,0.194554625295971,0.0918624688057156,0.259757556487956,0.0424798562823352,0.0301386943766241,0.119726285481847,0.0426372988503006,0.223931146219047,0.197412491297498,0.120228918287638,0.0387946884550968,0,1,27.8267259422887,5.4662387361715,0.507502941405499,4.52455032536694,0.079,0.449,0.921,0,0,18.6551993488798,7.35211088069089,0,0,10.2054876423948,5.25727332505522,0.003,0.00425,0.03275,0.00375
"probit",1,0.99,100,1000,0.130798718719474,0.0440241652416542,0.0215091031930865,0.085828098769415,0.0537604410857814,0.123552449161047,0.116553139583237,0.0858520645790005,0.0536981190111541,0.0985835695243373,0.0216393631145337,0.0083572063321569,0.0601292876065714,0.0320830742397576,0.0937503102921113,0.0882873056563505,0.0601292876065714,0.0320830742397576,0,1,58.1522046707419,8.56041515039356,0.591356926849366,7.71473713675432,0.019,0.575,0.981,0,0,30.620292481684,9.8253833695339,0,0,24.2710623408115,8.71706617607407,0,0.00025,0.00425,0.00025
"probit",1,0.99,200,1000,0.053474409886187,0.0200869030557191,0.00942306274832763,0.0398605035270487,0.0292767995886684,0.0521145759216378,0.0507749242766482,0.0398680927025017,0.0292590873954417,0.0388841439255051,0.0103271372683679,0.00380652717350906,0.0272123629279743,0.018228726431062,0.0378072843353045,0.0368238055260217,0.0272123629279743,0.018228726431062,0,1,111.84786068575,13.1049260133098,0.63311590115508,12.9610827342178,0.005,0.66,0.995,0,0,58.6667054768937,14.9196716076284,0,0,53.1510469498767,14.2266516750149,0,0,0,0
"probit",1.5,0.8,25,1000,0.066207905246734,0.0368765523932598,0.0391384242903512,0.0530566384711678,0.042794201875477,0.0640924641310426,0.0620335344924264,0.053049054079492,0.0427640402149885,0.0412992374246125,0.0216002576074217,0.0195873514508906,0.0324540380106302,0.0248997909696794,0.0402642383631791,0.0392368625160428,0.0323969642915378,0.0248997909696794,0,1,126.803119674647,12.8097145818672,0.94000110449123,12.4615347481408,0.007,0.687,0.993,0,0,43.3177005637684,10.1527722735045,0,0,39.8273774787637,9.755092279744,0.00175,0.00025,0.00075,0.00025
"probit",1.5,0.8,50,1000,0.0223820845796535,0.0156077318737756,0.0184845023592025,0.0199187330441336,0.0177849597312489,0.0221416449386037,0.0219033340745589,0.0199182949744608,0.0177834642676281,0.0160116171032896,0.0106436639381307,0.00942970448262974,0.0140536193285967,0.0126574067245967,0.0158772001371129,0.0157452967654068,0.0140536193285967,0.0126574067245967,0,1,215.857539206047,17.2397174248481,0.97065467476817,17.2292593211537,0.001,0.855,0.999,0,0,78.1406818140889,13.4670339443639,0,0,77.0307254169667,13.1251588556794,0.00025,0,0,0
"probit",1.5,0.8,100,1000,0.00846833826078534,0.00741164186096165,0.0107732631540969,0.00796978639654019,0.00753795376757264,0.00843253407272069,0.00839687792837753,0.00797010316209625,0.00753795922292231,0.00579442459215418,0.00475146709990219,0.00492638899932211,0.00539341192402041,0.00518442857482689,0.00577010516307248,0.00573660587551729,0.00539341192402041,0.00518442857482689,0,1,363.451248486782,24.8684886393756,0.987811547600629,24.7069102806797,0.001,0.909,0.999,0,0,129.157676420496,16.9650814039801,0,0,127.218588860294,16.7535451698087,0.001,0,0,0
"probit",1.5,0.8,200,1000,0.00322292193380509,0.00287260998238708,0.00344448911514776,0.00313010076965341,0.0030457892830796,0.00321803583480321,0.00321316122747338,0.00313010076965341,0.0030457892830796,0.00233928616962898,0.00213889137622975,0.00220481631383587,0.00228804124991726,0.00222651123311117,0.00233963606287829,0.00233999036959613,0.00228804124991726,0.00222651123311117,0,1,443.508252783682,29.9712366531251,0.993813849962449,29.9712366531251,0,0.971,1,0,0,207.123903079594,22.6851404648905,0,0,206.439056845739,22.6583270416647,0,0,0,0
"probit",1.5,0.9,25,1000,0.152720746802423,0.0575822904929044,0.0420529391030702,0.106415649521859,0.0732813817735249,0.143183168846553,0.134087970234674,0.10644334075094,0.0731222105154284,0.100644060846096,0.0286220280270534,0.0205822239741247,0.0672948970153692,0.04145942432265,0.0941616064727764,0.087506956122206,0.0672948970153692,0.0413711892294888,0,1,80.799792924524,9.6064362635943,0.879729128519001,9.20259182360273,0.02,0.562,0.98,0,0,29.2449144498723,7.76151306235551,0,0,22.5418636307544,6.85372469449329,5e-04,0.00175,0.008,0.00175
"probit",1.5,0.9,50,1000,0.0481810454739366,0.0226427126081067,0.0178573477702926,0.0385382559235952,0.0307598305864922,0.0470184578189026,0.0458748795696219,0.0385354858204056,0.0307401184385096,0.0333015035185948,0.0132754834873012,0.00893417571309701,0.0258173432054577,0.0199085781011466,0.0327230644407443,0.0319652965585906,0.0258173432054577,0.0198961125868491,0,1,195.279572673577,16.5191575988739,0.959411375494419,15.2639322870442,0.004,0.691,0.996,0,0,55.7134979226154,11.8009356835324,0,0,51.747753856862,11.3603159474913,0,0,0.00025,0
"probit",1.5,0.9,100,1000,0.0187458790571342,0.0105095449756941,0.00824618499593388,0.0164838033926724,0.014491894155965,0.0185664553049732,0.0183882022648882,0.0164838033926724,0.014491894155965,0.012905797276351,0.0066790312192874,0.00483391294517439,0.011263133951346,0.00972875241932166,0.0128475127008468,0.012670440128125,0.011263133951346,0.00972875241932166,0,1,291.279142201116,22.1997438914012,0.977174332882742,22.1997438914012,0,0.821,1,0,0,111.051107829365,16.6881465653746,0,0,108.601489959868,16.5099956680308,0,0,0,0
"probit",1.5,0.9,200,1000,0.00740591531131771,0.00495757674091089,0.00452517096992524,0.0068831749034442,0.00641162048249468,0.00737808237803022,0.00735032475766857,0.00688311757641543,0.00641127889223017,0.00520139753047154,0.00332790716481515,0.00282467099166854,0.00482368322321313,0.00443398225061435,0.00518396086114662,0.00516708550388905,0.00482368322321313,0.00443398225061435,0,1,464.958117168239,32.8272114055746,0.998759403881104,32.7089603060415,0.001,0.903,0.999,0,0,192.183383757296,22.8437248608737,0,0,191.905149943206,22.6150827188572,0,0,0,0
"probit",1.5,0.95,25,1000,0.322041746051801,0.0974391617091544,0.0642762172067501,0.189491913963453,0.107968124184436,0.289816239564801,0.259907681682511,0.189733018657815,0.107421325930174,0.195262012486127,0.0363270743627181,0.0287211230515953,0.110592673279683,0.0530653195753503,0.175856192864524,0.158842738683844,0.110592673279683,0.0526880392708616,0,1,50.1529331201907,7.35025224455733,0.801079747847527,6.62765726328176,0.05,0.459,0.95,0,0,21.94630415282,6.69016959563651,0,0,12.1348248928734,5.11574383713751,0.004,0.006,0.027,0.006
"probit",1.5,0.95,50,1000,0.111468643527939,0.0417700372926164,0.0256634383970661,0.0809364517070454,0.0577607216523125,0.106189411512763,0.101072407229494,0.0809883078177263,0.0576755072782709,0.0800852261652241,0.0212395487671529,0.00998592299953778,0.0550085796090666,0.0348696282764135,0.0760485155190203,0.072474804986428,0.0550085796090666,0.0348696282764135,0,1,112.941014121381,11.3930721491644,0.893864352674146,10.5930582602173,0.017,0.627,0.983,0,0,36.7541908366237,8.91280570724096,0,0,30.0463472732892,8.08889695738595,0.00125,0.001,0.003,0.001
"probit",1.5,0.95,100,1000,0.0377807480880716,0.0161890079068784,0.00910298789082006,0.0308087682013121,0.0249544443370583,0.0370624808536209,0.0363525292561444,0.0308097548151601,0.0249540196968409,0.0267322727218961,0.00846431844333444,0.00492275510568413,0.0215504413225734,0.0164804588085669,0.0263669768934211,0.0260550515137652,0.0215504413225734,0.0164804588085669,0,1,186.609641579817,18.2645785054386,0.968886329975849,18.0957392033693,0.003,0.693,0.997,0,0,72.246643614416,13.7785555039377,0,0,68.9834587560852,13.313053462818,0,0,0,0
"probit",1.5,0.95,200,1000,0.0163657576157687,0.00868297069793414,0.00572555930206668,0.01453326301127,0.0128753998918053,0.0162411575747078,0.0161171291313187,0.0145332437879063,0.0128753223368623,0.0109631361003904,0.00472757957210287,0.00281723114054137,0.00941293956403976,0.00813389292309584,0.0109230465869227,0.0108584061319888,0.00941293956403976,0.00813389292309584,1e-05,1,370.592880372752,26.6499833686382,0.983147263373676,26.5024019236114,0.001,0.813,0.999,0,0,140.392487894184,19.6670960585969,0,0,138.430786800863,19.4634658375377,0.00025,0.00025,0.00025,0.00025
"probit",1.5,0.99,25,1000,1.58970726891844,0.334168822311414,0.336134878251447,0.558902485398438,0.223453945283657,1.27458836565464,1.00913433368866,0.573061910325101,0.194894208856537,1.04603237071786,0.117916189881189,0.1544644807218,0.339901479512087,0.098689950110943,0.782734050828556,0.57734917842912,0.361325036379875,0.089858943076332,0,1,14.7866123577106,3.21114046502697,0.476005272967055,2.49879728724793,0.234,0.292,0.766,0,0,15.7952447504244,6.7598256148382,0.005,0.01,3.03125389924117,2.11520593579885,0.0365,0.0225,0.13025,0.01875
"probit",1.5,0.99,50,1000,0.550870197203333,0.149977533980754,0.0920048547051681,0.289027004136885,0.140295119013818,0.477151456871855,0.41023145792195,0.289550806755599,0.139217857910652,0.36997161267648,0.055820808397538,0.0398463788677927,0.174932309551823,0.0624196780262934,0.312131451660682,0.254715411956142,0.175388987940967,0.059553044373413,0,1,44.342939363314,5.62062193828118,0.700088340786351,4.78201853099976,0.09,0.42,0.91,0,0,17.7541167778946,5.61809539762436,0,0,7.62709214204511,3.62643579880991,0.00575,0.0145,0.058,0.0145
"probit",1.5,0.99,100,1000,0.206737597585024,0.0634922102175749,0.0304035954583792,0.134626563868552,0.0831179318531104,0.191134270492944,0.176251651657091,0.134658109642797,0.0830986443526951,0.152627951514626,0.0313205307069363,0.0148233309531758,0.0938238710095844,0.0517799319569198,0.141304447583766,0.12987061776221,0.0938238710095844,0.0517799319569198,0,1,64.7668741414901,8.00228912907849,0.839749596638755,7.73193808881342,0.024,0.549,0.976,0,0,23.5583178386915,6.92268939969527,0,0,16.4098222611158,5.75294969991781,0,0.00175,0.0115,0.00175
"probit",1.5,0.99,200,1000,0.0785330521460398,0.0286883936872216,0.0141602690540198,0.058784441758076,0.0434558238797047,0.0757622786378811,0.0730487867697523,0.0588160330437822,0.043371850271486,0.0581254862189303,0.0141848517515303,0.00535944243037032,0.041872400942891,0.0279322712360607,0.0562435231897556,0.0544647207211348,0.041872400942891,0.0277553643603095,0,1,117.069665248062,13.6962245415051,0.927409837994471,13.026029303719,0.014,0.647,0.986,0,0,45.8453599764687,10.1588006852335,0,0,40.042930196538,9.53623634575246,0,0,0,0
"probit",2,0.8,25,1000,0.0863987416372229,0.0427772117521251,0.045370404451602,0.0683537028393478,0.0539751576512874,0.0830290578459367,0.0797615297411982,0.0683555204603507,0.0539689235145027,0.0590113115977706,0.0267555891978487,0.0232994022023623,0.0457444893176157,0.0354771999431557,0.057341405175741,0.0553566492846608,0.0457444893176157,0.0354771999431557,0,1,133.607247158579,12.4871463334694,1.23732133683293,12.4496275121519,0.002,0.655,0.998,0,0,38.3479994120169,7.96444226854397,0,0,33.2129634028274,7.3981518632276,0.00275,0.00025,0.00075,0.00025
"probit",2,0.8,50,1000,0.0308294200955431,0.0195599812474152,0.0216630379276956,0.0272627744726555,0.0241526759158273,0.030390681440096,0.0299566902311982,0.0272551811318083,0.0241162318336498,0.0224519702285432,0.0129871068875595,0.0110093347055825,0.019448264696784,0.0170623787386889,0.0221162238574886,0.021729630332032,0.019448264696784,0.0170467651883644,0,1,222.494614131916,19.7573287478192,1.2817380377476,18.5598702413606,0.001,0.835,0.999,0,0,69.576402024747,10.5966781422978,0,0,65.8037033358401,10.2866664085195,0.00025,0,0,0
"probit",2,0.8,100,1000,0.0109213921182167,0.00824799793845626,0.00928726168552334,0.0102300595550762,0.00959842133261784,0.0108640050527313,0.0108068896238614,0.0102300595550762,0.00959842133261784,0.00785848034493042,0.00588406100969025,0.00560759413093148,0.00733184577298853,0.00684285633418801,0.00781759411669961,0.00780780826755489,0.00733184577298853,0.00684285633418801,0,1,331.99364710746,24.3400965192776,1.31603737324553,24.3400965192776,0,0.907,1,0,0,115.543508203699,14.7982681671935,0,0,113.43182164153,14.6719185053509,0,0,0,0
"probit",2,0.8,200,1000,0.00414612817896265,0.00358784878377578,0.0043381476581038,0.00400496054785346,0.00387488670025277,0.00413715245779838,0.00412820078581486,0.00400496054785346,0.00387488670025277,0.00292507835082639,0.00262709159996038,0.00260263284760199,0.00282717818554667,0.00274042961159989,0.00292030888121579,0.00291098238392818,0.00282717818554667,0.00274042961159989,0,1,513.383567066027,31.4829059501874,1.33611838513364,31.4829059501874,0,0.957,1,0,0,172.423438000895,17.3571249708733,0,0,171.660952448421,17.3041794546312,0,0,0,0
"probit",2,0.9,25,1000,0.207706136781281,0.0749958885828136,0.0533691727332535,0.142951684735902,0.0978288562395323,0.192044435640135,0.177276214991341,0.142964722911331,0.0977977807801975,0.139891455688424,0.0357559953759543,0.0254861506058658,0.0918960348469251,0.0554235290541681,0.128516047628927,0.118452618956891,0.0918960348469251,0.0554235290541681,0,1,76.3619013923015,8.87311457811391,1.12371471573687,8.71824745303422,0.011,0.569,0.989,0,0,26.0464253182829,6.36900932540432,0,0.001,17.6163979067844,5.33593417928744,0.00125,0.00425,0.01225,0.00425
"probit",2,0.9,50,1000,0.0656222096851486,0.0310321157968974,0.0241300636101124,0.0531956914171691,0.0428412047999076,0.0636514973709503,0.0617198029956553,0.0531970477222117,0.0428169420238933,0.0456135011821579,0.0165102660513923,0.0105552185061048,0.0352970397788221,0.0274491155722683,0.0440830329985526,0.0427789551945907,0.0352970397788221,0.0274491155722683,0,1,1135.39997951877,15.8516865537183,1.23565444989104,14.7327521337151,0.004,0.702,0.996,0,0,46.0333188453761,9.04079843790551,0,0,41.0709916459716,8.57689371906136,0.00125,0.00025,0.00075,0.00025
"probit",2,0.9,100,1000,0.0247243713591462,0.0134003217386855,0.0101915480005068,0.0218101571571659,0.0192329579739754,0.024425906552592,0.0241297804620792,0.021809942091787,0.0192238537942629,0.0172408294448138,0.00844349816263648,0.00558928680175099,0.0150193274165672,0.0130314013756692,0.0170971443370743,0.0169726070832319,0.0150193274165672,0.0130314013756692,0,1,313.756581149825,24.0336544975876,1.30763934693567,23.3108782650213,0.002,0.797,0.998,0,0,91.3986926282323,13.0187295101777,0,0,88.3303456051209,12.7499372119891,0,0,0,0
"probit",2,0.9,200,1000,0.00907044613257457,0.00597216768076731,0.00553045673368144,0.00844579683478529,0.00786608847124474,0.00902819934952766,0.00898609025268555,0.00844579683478529,0.00786608847124474,0.00686689261763761,0.00415525828616145,0.00326815258219519,0.00632699718760536,0.0057853191466459,0.00684073758038666,0.00680448199052358,0.00632699718760536,0.0057853191466459,5e-06,1,540.965613469632,32.8342365177087,1.31651158284716,32.8342365177087,0,0.88,1,0,0,163.674077139676,18.3881805474106,0,0,161.543206659302,18.1877705336424,0,0,0,0
"probit",2,0.95,25,1000,0.421575102388983,0.124224465325241,0.087827597055563,0.252985469069584,0.147811662736751,0.3730857937642,0.32872339686918,0.253314527327174,0.147094211078969,0.260228414183236,0.0461879659934513,0.0376838293238904,0.149861478581967,0.0694599882892675,0.229256253698225,0.202079042644398,0.149861478581967,0.0684694927432629,0,1,53.8741549521919,7.06461272012829,0.985827915676001,6.59752767904623,0.04,0.446,0.96,0,0,19.3991168078257,5.3864419267525,0,0.003,9.98103139370148,3.83071877083288,0.006,0.01225,0.04475,0.01225
"probit",2,0.95,50,1000,0.138250117885528,0.0471749824767519,0.0273217003900308,0.0996106905921558,0.0705926933397329,0.130333686520268,0.122705529197482,0.0996336178130807,0.0705446187151402,0.0978167870373377,0.0233057635268811,0.0129832573387286,0.0680066529158118,0.0454901194263846,0.0919294561437719,0.0863581493595068,0.0680066529158118,0.0454901194263846,0,1,115.487014320538,11.4422502606374,1.18592488467614,11.1508565886641,0.012,0.58,0.988,0,0,31.5015353430539,7.00553453847515,0,0,24.3446127461071,6.26400538350842,0.00025,5e-04,0.00325,5e-04
"probit",2,0.95,100,1000,0.0531931955996625,0.0225072183241151,0.0124342245160148,0.0437004170694643,0.0357822800227113,0.0519147588915298,0.0506552531043982,0.0437076892695713,0.035756059885904,0.0394369331893904,0.0124171722668349,0.00594774382132452,0.0318319440709399,0.0245383215447319,0.0385639153154983,0.0379049571062243,0.0318319440709399,0.0244682793828557,0,1,215.258764371482,17.5085064369225,1.26663506267245,17.2849508523575,0.003,0.71,0.997,0,0,60.1793322283565,10.0495312016652,0,0,55.4228665386525,9.60908754303151,0,0,0,0
"probit",2,0.95,200,1000,0.0197555140243701,0.00959536566679044,0.00601730534310504,0.0174738883328919,0.0154126641186044,0.0195604519307242,0.0193665364861168,0.0174738971070369,0.0154125962766899,0.0155060107576028,0.00591232185845696,0.0034933163209814,0.0135432025389719,0.011429836338989,0.015378105382888,0.0152691866756979,0.0135432025389719,0.011429836338989,0,1,428.606406231343,26.9816525623691,1.31025815630605,26.9317689410222,0.001,0.789,0.999,0,0,117.908712851475,15.0432704667225,0,0,114.015130397967,14.730503039152,0,0,0,0
"probit",2,0.99,25,1000,2.08945063313606,0.405704080625826,0.43336283027381,0.71015515629008,0.253148227612696,1.64872407408885,1.28306013617692,0.725502314700772,0.224186508678736,1.37786439180706,0.140105030825217,0.218026712374712,0.449246784798679,0.115096827915174,0.989192828886424,0.682182726279873,0.472726546726483,0.106575096997239,0,1,17.5976894091953,3.41268092737687,0.573061295344007,2.56682521676394,0.237,0.271,0.763,0,0,18.6063232823472,6.31228519506551,0.013,0.076,2.2848473743084,1.59665225669465,0.0465,0.02875,0.1495,0.024
"probit",2,0.99,50,1000,0.704045755683331,0.179989694253204,0.111310256646023,0.373211790316288,0.179315746643809,0.59687113195952,0.501150521252222,0.37365741435095,0.178610202494716,0.489525218043634,0.0730659858765606,0.0606212693505167,0.233942607744989,0.0790046366791328,0.404814829186852,0.323042656486588,0.233942607744989,0.0790046366791328,0,1,37.1683304300225,5.22556158016573,0.868301008145878,4.62492729970932,0.062,0.399,0.938,0,0,15.9168772893851,4.64540779124451,0,0.004,5.50456743833931,2.66260715165166,0.006,0.019,0.073,0.019
"probit",2,0.99,100,1000,0.265450421285205,0.0772966947020616,0.0443265364471105,0.170728601486815,0.10637400831943,0.241309225379619,0.218531055363933,0.170852600755615,0.106074863992574,0.196152839316755,0.0336870097172505,0.0192994685063668,0.116305768477325,0.0598282064587122,0.179653267627735,0.159744877556963,0.116305768477325,0.0597477018882093,0,1,76.3809387025679,8.43354049912237,1.07984001824398,8.15122291688928,0.019,0.482,0.981,0,0,20.5957564325828,5.58127124848144,0,0,12.8601216136861,4.52212220871381,5e-04,0.005,0.02,0.005
"probit",2,0.99,200,1000,0.101285111587969,0.0357530872234831,0.0164290604084416,0.0762897535179432,0.0564363380757441,0.0968183546809022,0.0924666787924351,0.0762949613253397,0.0564249936794349,0.0711997729341947,0.0158276554419374,0.00645469165396449,0.0500933469901085,0.0338230752503228,0.0681447252393877,0.0647668521661399,0.0500933469901085,0.0338230752503228,0,1,131.75852762332,13.1476785649838,1.21959409950148,13.0005380615706,0.007,0.615,0.993,0,0,35.3592532357971,8.02296628398533,0,0,29.0921992018069,7.3336843606572,0,0.00075,0.00225,0.00075
"cloglog",0.5,0.8,25,1000,0.113545393560687,0.0638902238681037,0.0450514443968534,0.0997747797761052,0.0876800574531335,0.110091568575032,0.106709510395532,0.0997747171776254,0.0876799314443273,0.00840482865809003,0.00679100233310947,0.00605784706058314,0.00744886141200885,0.00681768352641648,0.00829252199518199,0.00825266784917672,0.00744886141200885,0.00681768352641648,0.00196,1,51.776947792456,7.44673442328884,0.536279300589201,6.83863247495876,0.001,0.945,0.999,0,0.004,49.3856415065742,15.3648949410429,0,0.024,47.5418690737993,15.0896861858042,0.00475,0.009,0.01025,0.009
"cloglog",0.5,0.8,50,1000,0.0670289282095996,0.0569077583115644,0.0497489241815701,0.0654889836383234,0.0639909132963638,0.0663293602131064,0.0656371270842529,0.0654889836383234,0.0639909132963638,0.00185994507999768,0.00174885057566037,0.00168670406038313,0.00180561491364393,0.0017550421447059,0.00186017802860904,0.00186041821676524,0.00180561491364393,0.0017550421447059,0.00288,1,55.7792646419405,8.11707179752835,0.795550395831425,8.11707179752835,0,0.991,1,0,0.007,57.6479573395835,16.6393610485163,0,0.027,57.28383610092,16.6282165612681,0.008,0.01075,0.01125,0.01075
"cloglog",0.5,0.8,100,1000,0.117771774301883,0.113671821024289,0.109993394081981,0.117449455567309,0.117129361703737,0.117453368116218,0.117137223534303,0.117449455567309,0.117129361703737,0.000620712824089742,0.00060414405366112,0.000590790186541224,0.000615685758603838,0.000611472754458182,0.0006206574340346,0.000620532898921982,0.000615685758603838,0.000611472754458182,0.00364,1,172.11544478341,11.5019993740381,5.77288080818899,11.5019993740381,0,0.998,1,0,0.053,59.2844929838007,15.5602594356574,0,0.088,58.437273325915,15.4749865956639,0.018,0.0195,0.0195,0.0195
"cloglog",0.5,0.8,200,1000,0.245385321962802,0.238892330373111,0.233701566035104,0.245272530950908,0.245159890379115,0.244987670830437,0.244591955256785,0.245272530950908,0.245159890379115,0.0181122259252788,0.0180784701243401,0.0180447826284666,0.018106010723742,0.0180997977749421,0.0181108436650634,0.0181094615162122,0.018106010723742,0.0180997977749421,0.003985,1,2105.941370657,24.6133974303048,77.440268743796,24.6133974303048,0,0.999,1,0,0.28,41.6346859909401,5.1584913926656,0,0.302,40.7843989909673,5.25540431882281,0.04075,0.043,0.043,0.043
"cloglog",0.5,0.9,25,1000,0.281650602040067,0.169142610766093,0.105107665050134,0.245427439659979,0.214208257237348,0.270926453671117,0.26052367810001,0.245428050856859,0.214206494508564,0.0190726363354405,0.00938150671280196,0.00756800976996532,0.0138267320976104,0.0102353815780865,0.0185285097724428,0.0180264430576399,0.0138267320976104,0.0102353815780865,0.00228,1,50.2405168992259,7.72542801046965,0.468771882761535,7.62062377998513,0.007,0.794,0.993,0,0.001,49.8069875784961,17.6798747475563,0.003,0.045,46.9466213728061,17.0789807830723,0.011,0.017,0.01975,0.017
"cloglog",0.5,0.9,50,1000,0.215426634071071,0.177637512273186,0.148403716453118,0.20786409728729,0.20062201267474,0.212238755121579,0.209094570158254,0.207864644375451,0.200620470820155,0.00464138393457018,0.00361688040064658,0.00331479314986877,0.00430499441370141,0.00394485667803802,0.00463210608541618,0.00462727227605332,0.00430499441370141,0.00394485667803802,0.00364,1,360418.438494737,217.133105844717,0.794257397472409,10.3034618845126,0.002,0.961,0.998,0,0.004,81.9975439410035,21.6614010498776,0,0.063,79.9262194889268,21.6071147530028,0.02,0.0255,0.0275,0.0255
"cloglog",0.5,0.9,100,1000,0.278734956390341,0.263954000979407,0.25215548877277,0.277410888436475,0.2761002539979,0.277495340687543,0.276269813707665,0.277410888436475,0.2761002539979,0.00132754619956846,0.00115363615352338,0.00107345899541474,0.00130386957118761,0.00127372930325034,0.00132639542704161,0.00132510392441913,0.00130386957118761,0.00127372930325034,0.00364,1,174.249440579449,12.8382014875704,5.28349355046619,12.8382014875704,0,0.998,1,0,0.06,85.7783934454573,20.87277772811,0.001,0.13,84.604841939239,20.8556215017467,0.042,0.0435,0.04375,0.0435
"cloglog",0.5,0.9,200,1000,0.581731947730846,0.56699198768012,0.553499869103331,0.581235341712424,0.580739875505933,0.580384456473886,0.579045936043746,0.581235341712424,0.580739875505933,0.0563528873783142,0.0562401734961714,0.0559772599136714,0.0563416134318102,0.0563303447251155,0.056349324228616,0.0563457616320541,0.0563416134318102,0.0563303447251155,0.004145,1,935.107537115193,20.8572064894955,57.8837501740361,20.8572064894955,0,0.999,1,0,0.283,42.2814382524701,3.82257786712097,0.001,0.362,39.0963859488471,3.52538390774032,0.07875,0.08,0.08,0.08
"cloglog",0.5,0.95,25,1000,0.6087636926476,0.2785630213635,0.142844437566111,0.453972397881783,0.340482600795668,0.5780818688459,0.548561952956084,0.454217530752832,0.340139635997233,0.0462963244474149,0.0153602672106701,0.0109649038138636,0.0276357931650822,0.0162612165084442,0.0445717268560881,0.0423629986127942,0.0278867911508609,0.0162573942582316,0.00252,1,44.5277578152864,7.79571151916302,0.406023788340112,6.97150808362725,0.04,0.642,0.96,0,0.001,43.0487369963133,16.8454815696508,0.006,0.055,35.1060481730275,15.4603322632593,0.014,0.025,0.033,0.025
"cloglog",0.5,0.95,50,1000,0.380879396242528,0.312208568120645,0.261401436685719,0.359669346660365,0.340210483073839,0.374931253563312,0.369090686622892,0.359668720629167,0.340190380023043,0.0100622487911753,0.00516459135317211,0.00378822658630575,0.00811492962516608,0.00671227561661963,0.00997089639160303,0.00988622266631185,0.00811492962516608,0.00671227561661963,0.00342,1,86.6608882899131,12.0309081469277,0.546562837226994,11.5752393340872,0.004,0.904,0.996,0,0.001,86.5141020962676,23.8383836380468,0.006,0.066,83.4801815898096,23.3432713836011,0.03025,0.03575,0.037,0.03575
"cloglog",0.5,0.95,100,1000,0.611594399543416,0.584497352830774,0.560785155577056,0.607402248703069,0.60327976952433,0.609076753259719,0.606584138060773,0.607402248703069,0.60327976952433,0.00214943771179161,0.00165669319264975,0.00149308762561211,0.00206298942872109,0.0019009340324988,0.00214512318313783,0.00213799056948552,0.00206298942872109,0.0019009340324988,0.00361,1,157.222458560035,15.5212044684459,2.64833189557261,15.5212044684459,0,0.988,1,0,0.036,128.401110070646,27.8629071462525,0.01,0.157,127.109716227591,27.7888959212944,0.05375,0.0565,0.0565,0.0565
"cloglog",0.5,0.95,200,1000,1.17698275427349,1.13716300257456,1.10140366601473,1.17513287902987,1.17329337930054,1.17360828438669,1.17026408147769,1.17513287902987,1.17329337930054,0.103903978206526,0.101465591850245,0.0992893570726375,0.10361851508788,0.103336442193633,0.103777392317035,0.103651519301886,0.10361851508788,0.103336442193633,0.00407,1,492.137756866122,19.1121550833563,26.5036611285318,19.1121550833563,0,1,1,0,0.253,43.2994778698834,4.12104991248868,0.008,0.383,33.4260695102142,3.76150040576895,0.11025,0.11225,0.11225,0.11225
"cloglog",0.5,0.99,25,1000,3.39482694189649,1.19082149138337,0.751033017143684,1.62860100073486,0.81566843918412,3.16379818895938,2.94614541343126,1.63429124027158,0.801515952865218,0.234843508282,0.031233182038262,0.0460707043449332,0.0764068169479618,0.0346591266139901,0.200796397433718,0.171189787218658,0.0832742503800889,0.0313679871767256,0.002,1,21238.3769874403,85.868307089116,0.261287416075117,3.46066560413723,0.27,0.334,0.73,0,0,27.2129003391982,12.6758603641342,0.045,0.065,10.5907800817607,7.51001453096044,0.0365,0.03475,0.0725,0.03325
"cloglog",0.5,0.99,50,1000,2.51038893063572,1.82140691057036,1.46693512322632,2.08573523699168,1.78212846967324,2.45846284552825,2.40766029862197,2.08698128396681,1.77772220839189,0.0432086430574371,0.00925028317878321,0.00840864370895968,0.0227195945288451,0.0119494702905333,0.0417760434150321,0.0407542473850336,0.0230814114744243,0.0114403006867632,0.00332,1,66.0394298546709,10.3378200942128,0.349785121613344,9.50504135137332,0.056,0.6,0.944,0,0,52.4107365745879,21.7375497249313,0.062,0.114,39.7819526525917,19.6245458262635,0.0585,0.06725,0.074,0.06725
"cloglog",0.5,0.99,100,1000,2.95406855071689,2.69041667611147,2.48658246832875,2.87974185744413,2.80982749805777,2.93232741115866,2.9110190546481,2.87974274259891,2.80982542451713,0.0163926355411235,0.00673820865158911,0.00406549069131476,0.0134799550973565,0.0100276324789971,0.0163252060669423,0.0163019507269207,0.0136353466712582,0.0100276324789971,0.00396,1,187.531347941201,16.9601154372547,0.886584142674878,16.8011095660807,0.004,0.841,0.996,0,0.006,86.4351933584196,30.2928684989844,0.086,0.208,79.1483834611204,29.5044803834818,0.10475,0.1085,0.11025,0.1085
"cloglog",0.5,0.99,200,1000,5.49309568645538,5.26381015155952,5.08622254744594,5.47252847221392,5.45219579615675,5.47949964665037,5.46601024732104,5.47252847221392,5.45219579615675,0.380638581806881,0.364873768939052,0.355998083476657,0.37877759200958,0.375297704246289,0.379930376142059,0.379224767888694,0.37877759200958,0.375297704246289,0.00405,1,350.648462255241,22.8061786359668,7.64640596667366,22.8061786359668,0,0.984,1,0,0.104,33.3089756838386,4.85350562826516,0.147,0.436,11.6605543127702,2.63119249775366,0.1765,0.18,0.17975,0.18
"cloglog",1,0.8,25,1000,0.146110227507573,0.100652602269859,0.0716248512798485,0.134079364381344,0.123243523910432,0.141221383234461,0.136446294798224,0.134080124339129,0.123242995335023,0.0157996955951065,0.0103350781458042,0.00933513934584296,0.0138308424137523,0.0121006801519071,0.0156509938465433,0.0153407265789539,0.0138308424137523,0.0121006801519071,0.00248,1,49586.3501430515,120.967014615131,0.8838020767924,8.99938402984121,0.006,0.889,0.994,0,0.006,40.7094492547812,10.0439344894341,0.001,0.035,39.3525528610808,9.80021813262555,0.0065,0.011,0.0115,0.011
"cloglog",1,0.8,50,1000,0.112577775618114,0.0965511470638786,0.0837448305806316,0.109965869296846,0.107427682194809,0.111275311867499,0.109987437642426,0.109965869296846,0.107427682194809,0.00360397695719822,0.00327074735580254,0.0030810268797587,0.00346572505697238,0.00331493277654662,0.00359482944850425,0.00358569560024365,0.00346572505697238,0.00331493277654662,0.00356,1,98.9869453744583,11.2445583063712,1.31448021250657,11.2445583063712,0,0.983,1,0,0.011,54.4523789381346,11.0393517757276,0,0.059,53.8432784741661,11.0333464569569,0.0135,0.017,0.0175,0.017
"cloglog",1,0.8,100,1000,0.131143851700154,0.127019916778821,0.123342608666045,0.130810107383456,0.130478652532971,0.130827562065334,0.130513353545475,0.130810107383456,0.130478652532971,0.00149541961715248,0.00134698582917339,0.00129554211787803,0.00148709394541006,0.00147192892366111,0.00149413531356502,0.00149358324799111,0.00148709394541006,0.00147192892366111,0.00448,1,147.960147634009,12.4205810134996,4.11077055508134,12.4205810134996,0,0.998,1,0,0.066,55.3580209735083,10.3247295735468,0,0.101,54.4868219926746,10.269145692,0.02075,0.02175,0.02175,0.02175
"cloglog",1,0.8,200,1000,0.222858576984416,0.218406954359341,0.214338227603361,0.222755085234009,0.222651732071421,0.222537913192726,0.222218670459084,0.222755085234009,0.222651732071421,0.0125972337888672,0.0125409967888859,0.0124850082558367,0.0125898919938394,0.0125825542636666,0.0125966440994263,0.0125960544318037,0.0125898919938394,0.0125825542636666,0.00392,1,1216.52094087518,23.1462690438565,55.2498741083176,23.1462690438565,0,0.999,1,0,0.272,43.8069875691959,5.48745538461846,0,0.301,42.1828657571623,5.46357229962322,0.03825,0.0395,0.0395,0.0395
"cloglog",1,0.9,25,1000,0.261592039624472,0.131315769401296,0.0729767109991402,0.215386561319208,0.177743600016282,0.249420947241227,0.237654216514242,0.215390742626611,0.177731867434736,0.0387072717448768,0.0150566035455784,0.011885260232384,0.0288503986599072,0.0199926465208615,0.0379228115700717,0.0371770224449438,0.0288503986599072,0.0199926465208615,0.00212,1,64.8000804414438,8.95423114544262,0.718860967701202,8.87015735004637,0.011,0.728,0.989,0,0.001,39.7473869363459,10.8020433416472,0,0.034,34.6306117357899,10.1911226529644,0.00975,0.01625,0.0195,0.01625
"cloglog",1,0.9,50,1000,0.23617109130712,0.197828675115285,0.171573123447833,0.227876549631723,0.220267564820873,0.233030763585322,0.229936305237793,0.227876728392918,0.220263401283292,0.00770593680674489,0.00493544400708065,0.00407338276519104,0.00682962612354456,0.00609021596296055,0.00766238385701383,0.0076224787294506,0.00682962612354456,0.00609021596296055,0.00336,1,121.518075000579,13.0475166171923,0.96752500432342,12.9389254903463,0.001,0.928,0.999,0,0.002,72.5297776940383,14.5620052487615,0,0.061,70.2103107589763,14.35558009983,0.0215,0.02725,0.0285,0.02725
"cloglog",1,0.9,100,1000,0.292257999589161,0.276555491888105,0.266801112967709,0.290828023251579,0.28941449410626,0.291011586675818,0.289777227497134,0.290828023251579,0.28941449410626,0.00235707901604439,0.00201072552366318,0.00185700024292135,0.00231425820631736,0.00220914122847744,0.00235294885254215,0.00234882263147529,0.00231425820631736,0.00220914122847744,0.00377,1,238.83634619106,16.0528504402179,4.45419389633491,16.0528504402179,0,0.994,1,0,0.064,84.8925538924681,14.9769584361714,0.001,0.121,83.8778599480776,14.9354481242861,0.036,0.03875,0.03875,0.03875
"cloglog",1,0.9,200,1000,0.475049103616667,0.461221026366645,0.449400787303613,0.474631199409769,0.474214349438825,0.473984010922845,0.472925787668613,0.474631199409769,0.474214349438825,0.0375071221313859,0.0373473984187856,0.0358908101778826,0.0374903949703936,0.0374736815862684,0.0375033917261605,0.0374996619136389,0.0374903949703936,0.0374736815862684,0.004005,1,1206.3927208677,22.5782742976923,42.9196163743593,22.5782742976923,0,0.998,1,0,0.257,54.1044707021067,5.61852721828217,0,0.317,49.2006134475771,5.48722092718743,0.068,0.06925,0.069,0.06925
"cloglog",1,0.95,25,1000,0.66544226628042,0.282273051323417,0.160899685903364,0.473724598706064,0.339600388035506,0.628149875519886,0.592392735494642,0.473867288389723,0.339070283795734,0.0752502297236043,0.0185487411847293,0.0173335456703026,0.0441627194005962,0.0240076463291172,0.0709561852867415,0.065973209468332,0.0446317598485323,0.023887957893794,0.00232,1,1128809.79730649,651.183537495076,0.651366294227953,7.9840038129688,0.046,0.523,0.954,0,0,31.4078763204892,10.2933490327753,0.006,0.042,23.194688293227,9.16119746144138,0.01275,0.02125,0.03025,0.02125
"cloglog",1,0.95,50,1000,0.397248791178273,0.312613563959999,0.259979692091235,0.370641156938706,0.346718069109742,0.390164968393902,0.383253480723551,0.370641156938706,0.346718069109742,0.0160524713497299,0.007451812543801,0.00524390897918227,0.0130839728816347,0.0107388413913754,0.0159015137972169,0.0157631396776885,0.0130839728816347,0.0107388413913754,0.00306,1,142.254839433703,13.836527860804,0.970144522442517,13.836527860804,0,0.834,1,0,0.003,73.7019022289084,15.8585226969062,0.005,0.069,68.5795843725234,15.3336021705985,0.02725,0.033,0.03525,0.033
"cloglog",1,0.95,100,1000,0.695885831727732,0.648086638657662,0.608723620661132,0.690694591374217,0.685607919371526,0.691869944555052,0.687907830459054,0.690694591374217,0.685607919371526,0.00641339221437667,0.00472385377798963,0.00362171277854456,0.00590450976553184,0.00569012340355689,0.00640057185195901,0.00638620662231727,0.00590450976553184,0.00569012340355689,0.00408,1,269.097132825046,18.9077941537209,5.46359114052102,18.9077941537209,0,0.976,1,0,0.04,97.9048089380952,17.0187541137198,0.01,0.166,92.6639963433823,16.7777323232153,0.0585,0.06325,0.06325,0.06325
"cloglog",1,0.95,200,1000,1.2885087052796,1.24790274744995,1.21385372154825,1.28678426177698,1.28506611965797,1.28513193695366,1.28177869050907,1.28678426177698,1.28506611965797,0.118007155193876,0.114086506290772,0.113953876549126,0.117569191684122,0.117133816225658,0.117804717010076,0.117602871715811,0.117569191684122,0.117133816225658,0.00413,1,626.190340255856,23.2280752221755,30.3120215389021,23.2280752221755,0,0.998,1,0,0.281,35.9887508558596,3.45935167877117,0.019,0.394,24.8912739541919,2.88346747864047,0.1225,0.12375,0.1235,0.12375
"cloglog",1,0.99,25,1000,4.37474690109172,1.62772274606047,1.08794456320957,2.31814934307906,1.32970431796196,4.06272129430024,3.77672957084377,2.33079451892824,1.29741932667097,0.457275893060511,0.0506749513888567,0.0976326634128512,0.142967603805992,0.0672029462474566,0.366929404400289,0.290994256630251,0.153179561515351,0.0632112398734649,0.00268,1,30.3869823623117,5.22856035941298,0.449045152867991,3.67515327359926,0.294,0.261,0.706,0,0,20.6326606588032,8.56680930345021,0.047,0.087,5.52617877153046,3.72387942502675,0.06,0.04725,0.0995,0.04275
"cloglog",1,0.99,50,1000,2.34271949054057,1.74904910110853,1.42588062671723,2.0268962848029,1.78566380311136,2.29567004704069,2.24982839188992,2.02720557567279,1.78499676652597,0.0936305783223426,0.015396419189771,0.0161219452754508,0.0487488415791242,0.0237078915415713,0.088822442658774,0.0826711185632154,0.0488369487522958,0.023353528767708,0.00334,1,102.357780383638,11.8243454195994,0.612153165015614,11.0743809703667,0.051,0.506,0.949,0,0,37.1035350366735,12.6346725665538,0.052,0.109,21.4417267042239,10.4887334427028,0.05275,0.05925,0.071,0.059
"cloglog",1,0.99,100,1000,3.14218807724373,2.85741887434675,2.65806450711808,3.06900589065789,3.0002821902721,3.12211202535292,3.10232007329124,3.06900621693093,3.0002814503676,0.0273229467557111,0.00956549274051775,0.00614990889407845,0.0206816698730174,0.0157637895322199,0.0267079543532838,0.026247483312145,0.0206816698730174,0.0157637895322199,0.00392,1,271.137250813573,20.4624652174897,1.2922413172497,20.4153912943524,0.003,0.79,0.997,0,0.009,60.3781065584572,18.0964498918031,0.094,0.223,46.961835691284,17.1408906276997,0.101,0.10625,0.1075,0.10625
"cloglog",1,0.99,200,1000,5.62557672042658,5.32873483258058,5.08844428312613,5.59899631755563,5.57276829668731,5.606474134569,5.58760172729987,5.59899632073241,5.57276830290137,0.671295666423119,0.658112683612534,0.608558191377386,0.667062039909674,0.663859570144012,0.671084353513136,0.670873444391874,0.667062039909674,0.663859570144012,0.00418,1,504.1320405305,24.8040928571088,7.86501901252378,24.67362016929,0.001,0.967,0.999,0,0.125,24.1093835412933,3.85961896595603,0.16,0.466,7.72016373835848,1.49031567812762,0.1805,0.18275,0.18375,0.18275
"cloglog",1.5,0.8,25,1000,0.164261578453189,0.0958178440576804,0.0609781972173995,0.146435327628479,0.130563773790758,0.1584626182887,0.152800384053023,0.146440295808196,0.130564676275303,0.02558227344753,0.0158444648187241,0.0131589211224494,0.0218386490068461,0.0194143380967681,0.0248832323253481,0.0245101103475755,0.0219770449793225,0.0194143380967681,0.00232,1,106.131137446632,9.51822261403115,1.15641556802839,9.40581692715778,0.002,0.868,0.998,0,0.003,33.6890549253247,7.59993874028071,0,0.038,31.4913468234691,7.23279537291212,0.0055,0.012,0.01325,0.012
"cloglog",1.5,0.8,50,1000,0.0946768989928643,0.082135219064914,0.0726408121022619,0.0925217099496968,0.0904426320658084,0.0936699292824221,0.0926741173329271,0.0925217099496968,0.0904426320658084,0.00487286914299663,0.00401715187080685,0.00405174122341562,0.00456461037986644,0.00450513681669756,0.00482653977906542,0.00480220290562708,0.00456461037986644,0.00450513681669756,0.00322,1,136.687397027213,13.5402750505651,1.42048086623181,13.5402750505651,0,0.977,1,0,0.005,55.7347056182122,9.3496935331903,0,0.037,54.7793636049904,9.23406132369046,0.0105,0.014,0.01425,0.014
"cloglog",1.5,0.8,100,1000,0.129975716153962,0.124603822325865,0.120175537657895,0.129613108128718,0.129253121138942,0.129549881102465,0.129126917275826,0.129613108128718,0.129253121138942,0.00141195000531331,0.00135577014576455,0.00137866327993629,0.00140325321343409,0.00140354677571838,0.00141029604657598,0.00140864366011245,0.00140325321343409,0.00140354677571838,0.00362,1,265.66242058466,15.4088942911355,6.37927144538471,15.4088942911355,0,0.998,1,0,0.067,56.1579743356727,9.14648770513152,0,0.096,55.6515823235921,9.08937893753263,0.02075,0.0225,0.0225,0.0225
"cloglog",1.5,0.8,200,1000,0.252626142814964,0.246396625404364,0.240948136608027,0.252506236807384,0.252386643902432,0.252214843945985,0.251805605505057,0.252506236807384,0.252386643902432,0.0181191470708286,0.018059258816277,0.0179998543964122,0.0181133083763513,0.0181074750096105,0.0181176742001381,0.0181162016086143,0.0181133083763513,0.0181074750096105,0.004085,1,2062.69900565659,26.6573008853105,82.3502291115703,26.6573008853105,0,0.999,1,0,0.291,41.873321920004,4.66467593900688,0,0.318,39.9450163971572,4.61598714307358,0.046,0.0475,0.0475,0.0475
"cloglog",1.5,0.9,25,1000,0.336476417350725,0.181238263872847,0.120087222960038,0.279939318352925,0.235293971058338,0.319874865890961,0.303933967124963,0.279968660076906,0.235166676537031,0.0596857597713439,0.0208629323679821,0.0171548800744861,0.044060292806232,0.0293415089853094,0.0577297793479373,0.0550754654162876,0.044060292806232,0.0292795903701611,0.00236,1,91.001169251564,9.84448607120128,1.0093188669981,9.39158643368708,0.012,0.674,0.988,0,0.001,32.6839142145151,8.10825906452103,0.006,0.043,26.6973848213383,7.44070805871167,0.01075,0.019,0.0255,0.019
"cloglog",1.5,0.9,50,1000,0.22151684958563,0.182007784557062,0.153975541574046,0.212967615041707,0.205003168775381,0.218334935591512,0.215193829474899,0.21296622535699,0.204995667847496,0.011394067835926,0.00722779427214359,0.0060255589835523,0.010096781449918,0.00886631304236046,0.0112842730744833,0.0111635382379916,0.010096781449918,0.00881840016213845,0.0035,1,201.454756512678,16.6921437770855,1.25163619112919,16.3082003457279,0.002,0.906,0.998,0,0.001,64.1593485863376,11.41016993355,0,0.065,61.2659280065798,11.081398065618,0.0205,0.02525,0.02625,0.02525
"cloglog",1.5,0.9,100,1000,0.301381581020307,0.283046206231635,0.268948909307597,0.299319162782156,0.297344358362929,0.299971966292515,0.298576618896107,0.299319162782156,0.297344358362929,0.00311566758469608,0.00248109314250058,0.00246695524888653,0.00301564521225895,0.00289644369611685,0.00311157376320861,0.00310748650517862,0.00301564521225895,0.00289644369611685,0.00389,1,276.891048491678,18.4833806846245,6.96130465790562,18.4833806846245,0,0.994,1,0,0.052,83.132125142609,11.7059746514226,0.002,0.139,82.2592784681063,11.499593362981,0.0415,0.04525,0.0455,0.04525
"cloglog",1.5,0.9,200,1000,0.479201047141899,0.463090308347413,0.449227478726404,0.478729645584536,0.478259335320071,0.477821579398564,0.476452136171728,0.478729645584536,0.478259335320071,0.0342587537382163,0.0341777003521469,0.0339433116632577,0.0342505417981171,0.0342423327927523,0.0342565905020355,0.0342544274958248,0.0342505417981171,0.0342423327927523,0.003895,1,973.92010535605,26.0326675423323,43.5285059521525,26.0326675423323,0,1,1,0,0.271,50.9023654892392,4.80931162331772,0.001,0.322,47.4201902376252,4.59265318196413,0.0685,0.07225,0.072,0.07225
"cloglog",1.5,0.95,25,1000,0.581448445162187,0.238219200400968,0.152168778120234,0.405100888911617,0.294718953543021,0.540214168786304,0.501380577246115,0.405601800511516,0.29342813203745,0.117181791650434,0.0220021188882304,0.0250213558806487,0.061196849409518,0.0322350872012365,0.108156824994248,0.094525556022381,0.0620646001679669,0.0317041024915437,0.00224,1,74.6257780386454,9.29823051660832,0.893638302417488,8.62543119864545,0.043,0.471,0.957,0,0,26.8487752653663,8.03335666272704,0.004,0.058,17.582001706645,6.56315068998834,0.017,0.02425,0.04025,0.02425
"cloglog",1.5,0.95,50,1000,0.413070119637554,0.300320751295154,0.255125943155118,0.36436685090472,0.338640793919733,0.404992055448464,0.3970604769375,0.364624113609211,0.338071382615882,0.0254253650480009,0.00971375638239829,0.00713405247935708,0.0199695719235077,0.0159061013197866,0.024920490178347,0.0242388496022805,0.0199695719235077,0.0159061013197866,0.00334,1,534.629980655158,18.0747291036899,1.12573651514509,16.1634445183722,0.006,0.792,0.994,0,0.002,57.5224472885733,11.4569257161791,0.005,0.075,49.9741691082227,10.9898529408523,0.028,0.03375,0.037,0.03375
"cloglog",1.5,0.95,100,1000,0.629357492709654,0.593705051232532,0.564297252618143,0.624751283028572,0.620250686138593,0.626041912844783,0.622767511585009,0.624751283028572,0.620250686138593,0.0071437252459281,0.00429814128226521,0.00347616719215725,0.00661018909253413,0.00597427400213718,0.00712869359505768,0.00710224349962788,0.00661018909253413,0.00597427400213718,0.00381,1,323.221007870993,22.3392134982559,3.90103449950149,22.3392134982559,0,0.952,1,0,0.042,97.5775327103669,14.7659715880214,0.008,0.17,95.0806696368508,14.6031414994216,0.06175,0.067,0.067,0.067
"cloglog",1.5,0.95,200,1000,1.11169039006919,1.08173405452737,1.05482106748133,1.11028951476922,1.10889676852432,1.10890743598348,1.10614764887078,1.11028951476922,1.10889676852432,0.0995656869126767,0.0973180150440427,0.0941478183470011,0.0994269536782219,0.0993888178059713,0.0995254958079501,0.0994853333115595,0.0994269536782219,0.0993888178059713,0.00411,1,729.242835673461,26.3101680830114,31.1574703124419,26.3101680830114,0,0.997,1,0,0.254,38.3776459483768,3.71318071063985,0.012,0.386,30.6259758790936,3.22614226314032,0.114,0.1155,0.11525,0.1155
"cloglog",1.5,0.99,25,1000,3.53841536313193,1.1845495814799,0.87831389545023,1.75634694281116,1.03936581523237,3.209865529434,2.91820479175051,1.77373826118995,0.992505039445648,0.612556352352297,0.0487757710425701,0.150006688674811,0.183440717599142,0.0887738726064907,0.452889216853965,0.335837932827143,0.207734623465109,0.0827997975900978,0.00256,1,32666.5714702808,59.7949253365765,0.603965227248806,3.92581497497018,0.289,0.242,0.711,0,0,18.895710211695,7.05683136909771,0.041,0.078,3.40126463028482,2.69782491469112,0.06075,0.05125,0.11,0.04575
"cloglog",1.5,0.99,50,1000,1.87055956006479,1.23304802416294,0.958103016663545,1.52062835391978,1.26483942426006,1.81659162782392,1.76469476670746,1.52110955856153,1.26334888071009,0.122915120168034,0.0193195966996984,0.0233473434228628,0.0640187959147489,0.0326462437699381,0.111607379372683,0.0991771755591374,0.0650144317268694,0.0321299280512614,0.00284,1,428790.063530716,264.859997203822,0.84257676176361,11.2488034291749,0.057,0.462,0.943,0,0,33.2076037335522,9.34974759552899,0.046,0.107,16.6254290937489,7.61065254546063,0.0465,0.05275,0.06475,0.05275
"cloglog",1.5,0.99,100,1000,3.37671441714626,3.06357295039248,2.841390666293,3.29391214690857,3.21812706378742,3.35393646317038,3.33149925618399,3.29404353174913,3.21743579666408,0.0349920480426538,0.0108001143231459,0.00719625108857089,0.0265919417381287,0.0202427375240751,0.0344721227451751,0.0335962020089202,0.0271575465266771,0.0200011363804461,0.00385,1,6443761.60626153,2196.83859933215,1.38297050953949,20.6089892540561,0.007,0.756,0.993,0,0.008,54.6114082168264,13.0923058676459,0.087,0.238,41.8763610591051,12.2179641863798,0.105,0.1085,0.11025,0.10825
"cloglog",1.5,0.99,200,1000,5.38867928104408,5.1401860064179,4.94506099650942,5.36577486932401,5.3432056083493,5.37107205317103,5.35366137980288,5.36577486932401,5.3432056083493,0.410700292830565,0.390336844895208,0.366097498006434,0.408966352101715,0.402340228594434,0.409907426492477,0.40911602915797,0.408966352101715,0.402340228594434,0.00394,1,772.510123665781,32.4258832334052,8.08142898519262,32.4258832334052,0,0.938,1,0,0.101,29.0233577997097,4.61005510884756,0.146,0.455,9.80424802135022,1.92200971212064,0.18,0.18475,0.18525,0.18475
"cloglog",2,0.8,25,1000,0.203833654394752,0.121183856536752,0.0812727699565417,0.180822897849857,0.161044413993997,0.195965370679903,0.188325849187936,0.180828822901033,0.160892468626659,0.0307156806099738,0.0174622363011422,0.0154285896552503,0.0259056481422325,0.0226332663580497,0.0301308377952491,0.0292939093882202,0.0259056481422325,0.0226332663580497,0.00272,1,107.269682398242,10.8737193932744,1.41784844589056,10.7195339039801,0.001,0.828,0.999,0,0.002,32.5818966861278,6.54242778959825,0.001,0.041,30.1334463830348,6.2929381208965,0.00825,0.0125,0.01325,0.0125
"cloglog",2,0.8,50,1000,0.0904319921625195,0.07732450641271,0.0681110527406897,0.0882974486151063,0.0862812786985818,0.0893862766270173,0.0883543524261583,0.0882974486151063,0.0862812786985818,0.00580596155846827,0.00484042702733791,0.0043157625512713,0.00552851224797352,0.00531101110488845,0.00579682391203817,0.00581072868352349,0.00552851224797352,0.00531101110488845,0.00344,1,173.728015077201,15.46681468792,1.88959793543368,15.46681468792,0,0.967,1,0,0.015,53.6988482370492,7.83912535760601,0,0.045,53.1161148577462,7.7489042919119,0.009,0.01225,0.0125,0.01225
"cloglog",2,0.8,100,1000,0.108451113594927,0.103755130141914,0.0997217394028962,0.108143257039779,0.107837582573349,0.108064863530711,0.10768187812838,0.108143257039779,0.107837582573349,0.00149163302359346,0.00139947212308264,0.00134634022966746,0.0014848696191717,0.00147305098555019,0.00148904816930798,0.00148797744697781,0.0014848696191717,0.00147305098555019,0.00368,1,337.233753553416,16.9709962818788,10.8525301802815,16.9709962818788,0,0.997,1,0,0.061,56.6106297688829,7.68135969829094,0,0.089,56.133290757092,7.6815136502383,0.0165,0.01725,0.01725,0.01725
"cloglog",2,0.8,200,1000,0.210112320525097,0.205849966181776,0.202075455673294,0.210006267726396,0.209900378377389,0.209815714280192,0.209520435733033,0.210006267726396,0.209900378377389,0.0127513881890541,0.0126042353170973,0.012463597964736,0.0127462444307421,0.0127431970125431,0.0127490049997015,0.0127487173107951,0.0127462444307421,0.0127431970125431,0.003925,1,1789.21348737228,28.4125592078859,62.4836892815959,28.4125592078859,0,1,1,0,0.266,43.956044479231,5.03008110969809,0,0.288,43.3089409118927,5.00615489109783,0.0395,0.04025,0.04025,0.04025
"cloglog",2,0.9,25,1000,0.35029909219494,0.163637581289839,0.106511810281085,0.269283572335961,0.209545484196508,0.332157772306535,0.314783736050396,0.269315034125641,0.209533123032667,0.0697861730357509,0.0219503025790484,0.0194044208984302,0.0481961180209488,0.0321520782521745,0.0645965903779634,0.0609618349385077,0.0481961180209488,0.0321520782521745,0.00208,1,137.939126060248,11.52692507239,1.26325529372901,10.895086783057,0.014,0.6,0.986,0,0.002,30.0196674073258,6.6284253778177,0.003,0.03,23.0297269963978,5.99112637613436,0.00825,0.017,0.0225,0.017
"cloglog",2,0.9,50,1000,0.182496793042833,0.135833994660139,0.108355285256213,0.173428004519412,0.165004131713825,0.178968694846545,0.175514178416454,0.17342828441977,0.165003096584101,0.0145320159505148,0.00766015283655708,0.00675081231042994,0.0125153948394138,0.010961878250882,0.0142836377723921,0.0140504831665323,0.0125153948394138,0.010961878250882,0.00268,1,81518.6936819264,119.235925533958,1.70332632438124,18.0104193542833,0.004,0.872,0.996,0,0.003,62.7395745086013,9.32103438215433,0,0.05,60.4240749591607,9.10641988676542,0.01575,0.023,0.02375,0.023
"cloglog",2,0.9,100,1000,0.30199509469225,0.288404181474254,0.276617773860803,0.300621586282182,0.299264617779371,0.300742375926992,0.299505206749016,0.300621586282182,0.299264617779371,0.0041382710842776,0.00309702380944243,0.00296040773923015,0.00385383289595138,0.00364666819854144,0.00409466198033681,0.00406801969191871,0.00385383289595138,0.00364666819854144,0.00377,1,322.005965755629,21.6348954077118,5.30205356060955,21.6348954077118,0,0.987,1,0,0.045,80.1369831162757,10.1233285424477,0,0.124,79.7232786393002,10.0157579607264,0.03675,0.04,0.04025,0.04
"cloglog",2,0.9,200,1000,0.478579811277962,0.467114871741467,0.45661201374569,0.478204100424824,0.477829253732029,0.477566025984744,0.47655834092959,0.478204100424824,0.477829253732029,0.0250096148511082,0.0248956330611712,0.0248717576613176,0.0249865580041827,0.0249635240598411,0.0250026984055955,0.0249957840428403,0.0249865580041827,0.0249635240598411,0.00403,1,1297.36492655384,28.0102020365912,47.7887930273355,28.0102020365912,0,0.998,1,0,0.266,55.3822102871901,4.89933636145887,0.001,0.323,51.8261119395682,4.7857343522211,0.06925,0.071,0.071,0.071
"cloglog",2,0.95,25,1000,0.724343750762142,0.314392497829834,0.194194663358072,0.531293274377799,0.405494550482397,0.672133001412342,0.623362185512918,0.531780548192365,0.403588419204816,0.161116733850436,0.0280196112540584,0.031292035461343,0.0875991078879813,0.0476016265595582,0.144700691054745,0.127298831691343,0.0889678258346444,0.0460104866398169,0.00232,1,85.4446681985922,9.25716734362308,1.13390703445156,8.74049034742363,0.05,0.453,0.95,0,0.001,23.8561616022805,6.27545850511561,0.006,0.063,13.4163492966553,5.01248201812104,0.0205,0.0305,0.04575,0.03025
"cloglog",2,0.95,50,1000,0.359043411432153,0.267621093611871,0.214424579322001,0.331861256250633,0.308187802606845,0.351701824250198,0.34451288418036,0.331865613658589,0.308170895059597,0.0302275773783325,0.0106838310253998,0.00752255865118067,0.0235565111219899,0.0182005851130186,0.0293596367525806,0.0288099003481424,0.0235565111219899,0.0181970777975962,0.00308,1,207.82219864891,17.8097598080047,1.45695429568443,17.4700497101411,0.004,0.753,0.996,0,0.001,51.3633236544708,9.57787971572853,0.005,0.064,46.2751266538674,9.05299120451373,0.02475,0.03275,0.036,0.03275
"cloglog",2,0.95,100,1000,0.594374486671947,0.558215693351164,0.528397238305897,0.588980284841793,0.583741009406459,0.591010794241296,0.58769464215969,0.588980284841793,0.583741009406459,0.00754297768427485,0.00496911022689478,0.00395310427606817,0.00699899185354611,0.00651897188571818,0.00747868321668402,0.00741481271436178,0.00699899185354611,0.00651897188571818,0.00378,1,354.094212908146,22.9840394936871,3.22155450347155,22.9840394936871,0,0.939,1,0,0.046,87.9456350154674,12.1023371712816,0.007,0.158,85.0839200890047,11.9739692855754,0.05575,0.05775,0.058,0.05775
"cloglog",2,0.95,200,1000,1.13813600923092,1.10714250297361,1.0793932272861,1.13644489480817,1.13476155820525,1.13518598684592,1.13225806998468,1.13644489480817,1.13476155820525,0.141230797283384,0.135989190509185,0.134037235150926,0.141198324565578,0.140957617074862,0.141223206013594,0.141157041756941,0.141198324565578,0.140957617074862,0.00431,1,813.522060348213,27.4468885966327,29.2333819367005,27.4468885966327,0,0.997,1,0,0.277,38.3355722434559,3.11498965388836,0.013,0.405,28.9269198713327,2.4276029295457,0.11625,0.11925,0.11925,0.11925
"cloglog",2,0.99,25,1000,4.10066373612591,1.30798546092929,1.02417489489652,1.95253706558022,1.11407442941615,3.66659445250585,3.28890268558834,1.97909033046714,1.03064464025259,0.85895956718787,0.0809811985880044,0.197454708461794,0.266612324116222,0.132122401276829,0.650964535533978,0.460913660784665,0.29017653683441,0.118907032301311,0.00252,1,2712749.17447194,1320.38682314104,0.705983891117523,3.77101198031757,0.263,0.234,0.737,0,0,21.3597993985476,6.29152336418744,0.047,0.104,3.47894240151374,2.14371018527311,0.0775,0.06375,0.135,0.055
"cloglog",2,0.99,50,1000,1.97322075236785,1.31416160086339,1.01848900144226,1.59785939622466,1.33075976694175,1.90713190604205,1.84395773339137,1.59831291832634,1.32929351636467,0.174649361251105,0.0245677289301945,0.0330590725674296,0.0925469835244569,0.0465381658377217,0.158641970506556,0.139027390595346,0.0928795134180583,0.0448038464405069,0.00276,1,176.527432345228,12.5493288082944,1.06055294666052,11.0388753728239,0.059,0.426,0.941,0,0.001,25.1023853092392,7.34164848051161,0.044,0.109,12.3091751494323,5.23849647804124,0.045,0.056,0.071,0.056
"cloglog",2,0.99,100,1000,2.79177133265529,2.54461258858105,2.36042261846828,2.72026834462007,2.65390691948373,2.77083019472182,2.75023843216628,2.72027166127773,2.65390389349617,0.0399278241666119,0.0103495219200853,0.00636957544406765,0.0305816573722398,0.0224404462359348,0.0384593366713283,0.0377659903843736,0.0305816573722398,0.0224404462359348,0.00372,1,418.626707294782,23.9828306789606,1.48226769626861,22.9968396399535,0.006,0.741,0.994,0,0.007,51.441171998472,11.191793156254,0.089,0.234,38.6812220374149,10.4485999663801,0.1015,0.108,0.11,0.108
"cloglog",2,0.99,200,1000,6.18518677849773,5.88963170728011,5.6341947505627,6.15661421861593,6.12841023015006,6.16430862071272,6.14366760200472,6.15661421861593,6.12841023015006,0.652412940188663,0.639191504185314,0.624564969450632,0.649309675512316,0.645739514850709,0.650333343781063,0.649409234191757,0.649309675512316,0.645739514850709,0.004145,1,646.654801313528,30.4356072607397,8.1868270589824,30.4356072607397,0,0.95,1,0,0.114,24.4060778468379,3.60493657741277,0.172,0.488,6.48650881740435,1.21008161145279,0.1865,0.1875,0.1875,0.1875
"neglog",0.5,0.8,25,1000,0.166494591184421,0.102023496340843,0.0653597661842668,0.149736202985652,0.134635648031815,0.161198506300715,0.15602370697449,0.149736665428295,0.134636060664945,0.00865242904270908,0.00666138917835123,0.0064567661562386,0.00768087920563334,0.00677900036496689,0.00863141691767057,0.00859769922770677,0.00768087920563334,0.00677900036496689,0.00296,1,38.9483976162902,6.91405481035769,0.572486712414081,6.84065645876224,0.003,0.941,0.997,0,0.004,45.3421584856067,14.710894846874,0,0.043,43.1674173323806,14.4055194198818,0.009,0.0135,0.0155,0.0135
"neglog",0.5,0.8,50,1000,0.110372364244743,0.0949506255189151,0.0841547764113536,0.108118213436232,0.105920944940785,0.109233699619578,0.108106752760969,0.108118213436232,0.105920944940785,0.00218715954284505,0.00188941508503928,0.00191480211866953,0.00212861007427471,0.00203408563923046,0.00218322622994886,0.00217934730802866,0.00212861007427471,0.00203408563923046,0.00326,1,60.4735009587467,8.21547874046561,1.05913742572619,8.21547874046561,0,0.993,1,0,0.009,57.419286733372,16.6022485765178,0,0.058,56.3469295427068,16.4424506772601,0.01225,0.01675,0.017,0.01675
"neglog",0.5,0.8,100,1000,0.111768913007971,0.104174015823095,0.0982103792940786,0.111504141826741,0.11124071593367,0.111318614470162,0.110872431389,0.111504141826741,0.11124071593367,0.000715209894682604,0.000695646624133822,0.000683374064413718,0.000706078330481456,0.000703149222613703,0.000714552600224576,0.000713896177843015,0.000706078330481456,0.000703149222613703,0.00369,1,239.367026404795,10.8333765821447,12.3629987243269,10.8333765821447,0,1,1,0,0.051,57.0747680421242,14.9600115811421,0,0.08,56.6054151450086,14.9675177826565,0.016,0.017,0.017,0.017
"neglog",0.5,0.8,200,1000,0.217754353920617,0.210970292542789,0.205314263953756,0.217621017335203,0.217488101658071,0.217315574805417,0.216879077110547,0.217621017335203,0.217488101658071,0.0138711936348272,0.0138235678320553,0.0137761374897292,0.0138527682820456,0.0138343709853592,0.0138699597096616,0.0138687259179068,0.0138527682820456,0.0138343709853592,0.00406,1,1556.04538182447,24.7263046674562,70.5269020528389,24.7263046674562,0,0.999,1,0,0.263,45.4504458202881,7.4077241809763,0,0.284,43.7923118652786,7.36559667890248,0.0375,0.04025,0.04025,0.04025
"neglog",0.5,0.9,25,1000,0.259348866264367,0.138532016968862,0.0747122406300792,0.211835842102537,0.173078618490033,0.248874846506768,0.23868756739504,0.211825330700048,0.173014177424037,0.0193631329255877,0.0096236993111297,0.00796246532802477,0.0148541633265311,0.0106569652704115,0.0190603650503146,0.0186140597328167,0.0148289738277288,0.0106569652704115,0.00244,1,46.7445091477829,8.16046062236031,0.436618172121241,7.63259897599264,0.01,0.811,0.99,0,0.002,51.6788866962763,17.845522909565,0.001,0.037,47.3056030407649,17.2015068578768,0.009,0.01625,0.0195,0.01625
"neglog",0.5,0.9,50,1000,0.206864662841475,0.173389076661675,0.151573310092027,0.197765828771669,0.190007678204588,0.204255083772578,0.201679156525262,0.197766928519638,0.189991532872965,0.0048462775572312,0.00355546391875367,0.00294689720556292,0.00445525402845323,0.00396356691555349,0.00483734970155344,0.00482845928923622,0.00445525402845323,0.00395714006796064,0.00332,1,86.9246761689872,12.9609515645141,0.719838699432711,11.5995425166255,0.002,0.971,0.998,0,0.006,78.5764344555306,21.3237504982249,0.002,0.056,76.6122564326854,21.1590789098842,0.019,0.02325,0.0245,0.02325
"neglog",0.5,0.9,100,1000,0.308078123417978,0.289892238390199,0.274193103225275,0.306687490548639,0.305309130096317,0.306342875277271,0.304629221434246,0.306687490548639,0.305309130096317,0.00133612106224204,0.00125717611367496,0.00121311107098846,0.00129321063752669,0.00129606173263862,0.00133645568401164,0.0013355920844782,0.00129321063752669,0.00129606173263862,0.00396,1,184.384587149406,12.3170931112964,7.41534821744131,12.3170931112964,0,0.997,1,0,0.061,82.1986672431898,20.6071598572925,0,0.133,81.4089026490532,20.5823765248998,0.0415,0.0435,0.0435,0.0435
"neglog",0.5,0.9,200,1000,0.504647930932539,0.489786842316252,0.476399103374356,0.504207443438879,0.503767884931559,0.503328189021883,0.502018629940846,0.504207443438879,0.503767884931559,0.0157629395101122,0.0156034675461375,0.0154461687102254,0.0157416676321373,0.0157204307335976,0.0157600788523112,0.0157572188818094,0.0157416676321373,0.0157204307335976,0.00385,1,1095.92491490124,21.2154996741609,58.3523675315827,21.2154996741609,0,1,1,0,0.27,57.1308738639859,11.0671377282072,0,0.325,55.9309141370433,10.9192030989271,0.07525,0.07675,0.07675,0.07675
"neglog",0.5,0.95,25,1000,0.629412141590503,0.301522032699403,0.182494408951643,0.477260606633366,0.363795015719085,0.60130425034608,0.574092583483446,0.477431007489928,0.362705954150608,0.0411529876928166,0.0128481067895886,0.0110150899905098,0.0241021245949972,0.0130060295643803,0.039988213375749,0.0382188045843233,0.0243875666843833,0.0129289183083069,0.00236,1,42.1891521369753,7.78398651505471,0.36925935639654,7.07311246825451,0.044,0.635,0.956,0,0,43.3012202550699,17.266476399186,0.011,0.043,34.9160213825968,15.9729546038269,0.01625,0.02525,0.03025,0.02525
"neglog",0.5,0.95,50,1000,0.484152029262196,0.386299025944376,0.316705539167578,0.453443734062049,0.425907586009577,0.475619417160362,0.467253528864606,0.453443860000437,0.425907711535591,0.00842598051902216,0.00476633992476072,0.00393774641403335,0.00717612035041876,0.00578248484052215,0.00832251692139237,0.00827665042063401,0.00717612035041876,0.00578248484052215,0.00362,1,96.5680316215329,12.3722149157984,1.39563996786515,11.4585403384412,0.002,0.89,0.998,0,0.004,91.7548477887415,24.8222496604616,0.006,0.074,88.6039171848266,24.2769538426969,0.0335,0.0395,0.04225,0.0395
"neglog",0.5,0.95,100,1000,0.591814918773727,0.55943197374261,0.532988431097594,0.587549646302603,0.583359749449821,0.588683640477626,0.585596870326353,0.587549646302603,0.583359749449821,0.00310532259333757,0.00249153776039037,0.0021090406484584,0.00296778385805522,0.00272829250440231,0.00309953228800574,0.00309374827874482,0.00296778385805522,0.00272829250440231,0.00401,1,126.059748600945,13.6480314230669,2.63165967478546,13.6480314230669,0,0.989,1,0,0.05,112.029516975481,25.3426235671087,0.004,0.17,108.377651810243,25.2452946016403,0.061,0.06525,0.06525,0.06525
"neglog",0.5,0.95,200,1000,1.23512464690456,1.19753830209368,1.16428356404424,1.23329921818422,1.2314810386032,1.23175988952026,1.22841987115786,1.23329921818422,1.2314810386032,0.187398295431267,0.18689561728081,0.182699040953057,0.187341301607682,0.187284326354142,0.187366617676693,0.187334945542984,0.187341301607682,0.187284326354142,0.00437,1,951.713902934795,21.3037380905769,36.3632408180431,21.3037380905769,0,1,1,0,0.278,30.9459465839905,2.7701856211859,0.015,0.432,21.2213628258153,2.03742503349426,0.12375,0.12725,0.12725,0.12725
"neglog",0.5,0.99,25,1000,3.19970152396611,0.965880344551344,0.837717135572818,1.48707708613713,0.759653972008328,2.98426394716106,2.78126178751358,1.50588048749299,0.732234207470179,0.22092856514714,0.0284524993601796,0.0496168448084639,0.0678834585692268,0.0318236615299158,0.188862507594782,0.160337865515753,0.0747305164473039,0.0298643682518393,0.00252,1,27.4447461374581,4.908024195122,0.280739116936675,3.57018161321995,0.281,0.29,0.719,0,0,24.6330306734364,12.6576487412857,0.033,0.07,10.5417705657451,7.51654971917766,0.03575,0.03375,0.07125,0.03225
"neglog",0.5,0.99,50,1000,2.09112115664082,1.49317488784876,1.17176136525302,1.73775849777146,1.4806590811079,2.04670138988867,2.00316082697076,1.73883370597621,1.47710400125842,0.0484656523982017,0.010244841883756,0.00908734976166622,0.025009344705074,0.0128174426795736,0.0467794046008037,0.0454123122575692,0.0251095612874623,0.0124613911397939,0.00312,1,63.0051003104059,9.97494173820992,0.348448808831386,9.21030902175758,0.039,0.597,0.961,0,0,48.6945630205879,22.287564871888,0.057,0.104,36.959999225148,19.507661445326,0.05575,0.062,0.071,0.06175
"neglog",0.5,0.99,100,1000,3.55826436723944,3.3029174898985,3.10183731083766,3.49407486826025,3.43286972711919,3.53704354957676,3.51618142112432,3.49407811690635,3.43285556239459,0.0152856615910572,0.0064039878113658,0.00371318717576961,0.0112751912819966,0.00896100018542727,0.0151702439043678,0.0150498475388619,0.0112751912819966,0.00896100018542727,0.00395,1,175.598979750071,16.7150921309946,1.51405200824877,16.5530804603454,0.003,0.886,0.997,0,0.013,109.008214051641,30.6220105945944,0.1,0.232,99.3471871822437,30.0415187823947,0.10775,0.10925,0.1115,0.10925
"neglog",0.5,0.99,200,1000,5.54728761002667,5.30238361266482,5.09213673035528,5.52419506368746,5.50135183007131,5.52927239632028,5.51141140861253,5.52419506368746,5.50135183007131,0.668439245300704,0.646548213330718,0.631056427700637,0.666958179559925,0.665480982198912,0.667522812945503,0.666607250762868,0.666958179559925,0.665480982198912,0.00417,1,395.603359465789,21.8832660712131,7.67436445454374,21.8832660712131,0,0.98,1,0,0.122,29.0876929914829,4.27246163567663,0.158,0.464,9.82691078336985,1.56957236485628,0.1895,0.19375,0.19375,0.19375
"neglog",1,0.8,25,1000,0.128367382843664,0.0788451916843727,0.0506565597272895,0.114430129966488,0.102078072084094,0.124100165922578,0.119927584719462,0.114430339330531,0.102078478407164,0.0172996046904261,0.0114678778386676,0.0101450016295799,0.0149958072772249,0.0127860738974097,0.0170271617582168,0.0169260916879036,0.0149958072772249,0.0127860738974097,0.00232,1,198840.736318562,148.108991506445,0.848169781517308,8.71056405030885,0.002,0.896,0.998,0,0.005,38.4627329184247,9.81902957289096,0,0.031,36.3668380508905,9.61151171416219,0.005,0.011,0.0115,0.011
"neglog",1,0.8,50,1000,0.103154568998096,0.0905632815386263,0.0804697044284987,0.101116565513312,0.0991381604706255,0.102174208657544,0.101203561164152,0.101116576446926,0.0991381822655686,0.00362001610822686,0.00313269035953612,0.00306203191857946,0.00348283873378773,0.00335577498722473,0.00359663832677032,0.00360058670116087,0.00348283873378773,0.00335577498722473,0.00334,1,487332.680697472,243.728712828539,1.30598940235343,11.7540449831984,0.002,0.982,0.998,0,0.012,52.986606854421,11.3776937720288,0.001,0.049,52.0033907374643,11.2692928054766,0.01125,0.01375,0.014,0.01375
"neglog",1,0.8,100,1000,0.121515511387425,0.116804545659528,0.112700709525938,0.121132658311356,0.120753264201879,0.121117125741798,0.12072194914034,0.121132658311356,0.120753264201879,0.00102149180655156,0.000982492103296083,0.000967130845474903,0.00103095375296786,0.00101546892888692,0.00102231552100442,0.00102314065250286,0.00103095375296786,0.00101546892888692,0.00378,1,196.857200540307,13.7405686508704,4.73767546395428,13.7405686508704,0,0.996,1,0,0.061,59.0808864484208,11.1888375612367,0,0.093,58.5263829586962,11.1362277760291,0.0205,0.02175,0.02175,0.02175
"neglog",1,0.8,200,1000,0.235110401831591,0.231026404407459,0.227176055950564,0.235005125326266,0.23490000051798,0.234773201774268,0.234437663645769,0.235005125326266,0.23490000051798,0.0232617401254584,0.0231861105442042,0.0231109509723205,0.0232530269227757,0.023244320400944,0.0232589835015892,0.0232562275057531,0.0232530269227757,0.023244320400944,0.004095,1,1585.37126223239,24.3100870041911,73.4048513167106,24.3100870041911,0,1,1,0,0.283,39.8919817344482,4.53790142325324,0,0.313,38.4441101882626,4.53311965110082,0.03925,0.03975,0.03975,0.03975
"neglog",1,0.9,25,1000,0.245825796735222,0.129964104218192,0.075691806442347,0.198299394319479,0.160664449208331,0.234183790964648,0.222949810349761,0.198307288102465,0.160591093194068,0.0374093372765951,0.0143419371044144,0.0123094514443702,0.0258827203302049,0.0178502109135822,0.0364330079351112,0.0348315307705036,0.0258827203302049,0.0174049975970549,0.002,1,261680.682417633,330.161000384302,0.726586985426837,9.4417632758804,0.018,0.714,0.982,0,0.001,38.9119092743552,10.6263628215764,0.001,0.035,34.2600640674462,9.98340555242027,0.00875,0.01575,0.0195,0.01575
"neglog",1,0.9,50,1000,0.247559221749317,0.205161775631425,0.173242752841589,0.238633564212676,0.230138824872149,0.244390487657301,0.24126177457873,0.238633562609369,0.230138819030728,0.00758063457030673,0.00507778360841931,0.00473295889515388,0.00681772666591037,0.0060093325301836,0.00756236364297109,0.00751008935583205,0.00681772666591037,0.0060093325301836,0.00354,1,157.153515470642,13.940507477458,1.02241052326968,13.9389845521302,0.001,0.932,0.999,0,0.005,72.6376853555771,14.3027387515613,0.002,0.071,69.641591295511,14.060121147551,0.02225,0.02775,0.029,0.02775
"neglog",1,0.9,100,1000,0.237752625363446,0.226002855951232,0.21594066932235,0.236705294781021,0.235670428545831,0.236747043671518,0.23575143287015,0.236705294781021,0.235670428545831,0.00210838126433501,0.00189707928079863,0.00169474785671099,0.002038825440242,0.00203864513485969,0.00210401689350553,0.00209965916212815,0.002038825440242,0.00203864513485969,0.00366,1,201.226867910441,16.6025144226879,3.74817478085254,16.6025144226879,0,0.991,1,0,0.053,82.3781420281336,15.037505239044,0,0.122,81.0921192804538,14.8144216605342,0.0375,0.03925,0.0395,0.03925
"neglog",1,0.9,200,1000,0.525914440669403,0.510953558154833,0.49821167617576,0.525491126708298,0.525068686310881,0.524720911062012,0.523534438303129,0.525491126708298,0.525068686310881,0.0449530075812171,0.0448117183255195,0.0441650311829733,0.044928509129577,0.0449040348779122,0.044949798323739,0.0449465893773228,0.044928509129577,0.0449040348779122,0.0041,1,1160.58432090291,23.4351476368084,46.4253677799355,23.4351476368084,0,0.999,1,0,0.3,48.7422605891809,4.49186480099519,0,0.348,43.3907152092029,4.15020733867887,0.07575,0.07775,0.07775,0.07775
"neglog",1,0.95,25,1000,0.519418597917377,0.247844808510856,0.156557795653038,0.386677169424405,0.299073647060102,0.489052665241709,0.460160259658689,0.386965694123792,0.298157787731791,0.0780858915412893,0.0176205261864531,0.017047683146764,0.0413146337198807,0.0222881618533643,0.0724841043695325,0.0675225598256475,0.0424291734702526,0.0220044917617836,0.00232,1,61.9894950935792,8.59199243793006,0.665389864530376,7.89509981408797,0.042,0.508,0.958,0,0,33.4170906355112,10.581199601276,0.009,0.051,25.464458685663,9.26104446471259,0.014,0.02325,0.0295,0.02325
"neglog",1,0.95,50,1000,0.411841516288845,0.325373787718457,0.263960713785926,0.386640534020501,0.3634967219846,0.404747323011491,0.397753115897003,0.386642266120635,0.363485308881646,0.0191463486932394,0.00806615397632026,0.00550994107999144,0.0157374975113639,0.0121639841614381,0.0188752770659423,0.018705481924959,0.0157374975113639,0.0121158398117278,0.0032,1,145.47702313175,15.3822810646823,0.832042608810033,13.9889156259144,0.004,0.84,0.996,0,0,67.2432827251604,15.4899703152409,0.008,0.072,62.618847093955,14.9634295430864,0.0275,0.03225,0.03375,0.03225
"neglog",1,0.95,100,1000,0.649998941011366,0.61180209656947,0.578621200236725,0.64540995866482,0.640908554260714,0.646862732284152,0.643763226426588,0.64540995866482,0.640908554260714,0.00427419635312292,0.00309392091341265,0.0025964395475029,0.00414836396646567,0.00396198921662021,0.0042615897647103,0.00425125700696133,0.00414836396646567,0.00396198921662021,0.00356,1,234.201338632154,18.5438970078353,2.36977614242976,18.5438970078353,0,0.969,1,0,0.029,106.222694256128,18.4478738618191,0.006,0.13,104.597762898829,18.2426258000168,0.051,0.054,0.054,0.054
"neglog",1,0.95,200,1000,1.05363473299278,1.02371380854666,0.996863032175407,1.05219140983578,1.05075329717189,1.05106351797018,1.04850887307284,1.05219140983578,1.05075329717189,0.0836451381429928,0.0783819399987174,0.0778094192486021,0.0832004883078295,0.0825620739370303,0.0833014743662962,0.0829599382757625,0.0832004883078295,0.0825620739370303,0.004125,1,893.159630177803,23.7845530536396,37.330048202874,23.7845530536396,0,0.995,1,0,0.261,41.6319039908791,4.03750173495868,0.01,0.396,33.2432239227555,3.5453841048545,0.1115,0.11525,0.11475,0.11525
"neglog",1,0.99,25,1000,3.7211218107323,1.245303639689,0.822430292776811,1.84812922812628,1.00130364786535,3.43345393312198,3.16943214450397,1.86045322578723,0.964516102797186,0.451528785442395,0.045678961435059,0.09311480902146,0.133268792195625,0.0641336332203924,0.364527874045185,0.281521081315754,0.142605880503781,0.060156697955945,0.00256,1,1237547.78924574,894.659858116463,0.444626177663424,3.64641567166313,0.249,0.278,0.751,0,0,24.3313933777236,8.75500872693361,0.046,0.082,5.2046385244293,3.8621265596854,0.05325,0.046,0.1005,0.041
"neglog",1,0.99,50,1000,2.48886051403952,1.74092567351287,1.34799810702194,2.08745338638776,1.77477562740486,2.43072296922202,2.37403331733886,2.08795502443954,1.77259343205728,0.0962646955804289,0.0153055158657193,0.0192224711358962,0.0485529039500458,0.0251335293391239,0.0910355794165889,0.0847477821900102,0.0498752540824511,0.0236412056755722,0.0034,1,105.362515129473,11.8769089317496,0.591552292554021,10.2427931326823,0.067,0.5,0.933,0,0,34.676873030722,12.4287498333031,0.064,0.123,19.9822324203329,10.0083414173737,0.05475,0.06575,0.076,0.06525
"neglog",1,0.99,100,1000,3.37847970544498,3.03140994174186,2.76966574247153,3.30255189377186,3.23027297905468,3.35350422140864,3.32887930785383,3.3025520847915,3.23027057759461,0.024106075189594,0.00929536695010842,0.00508561029904183,0.0191875922289779,0.0141185568006925,0.0238629639302141,0.0235227546444337,0.0191875922289779,0.0141185568006925,0.00376,1,794567.626188825,409.512889352585,1.13504163422755,20.003629215588,0.003,0.789,0.997,0,0.009,70.2904905670309,18.6903585455033,0.088,0.216,60.8760513478699,18.1886126681756,0.10375,0.10675,0.109,0.10675
"neglog",1,0.99,200,1000,5.93827214354854,5.68170484540374,5.46279607207922,5.91486238490708,5.8917073652068,5.91869383604406,5.89932789305923,5.91486238490708,5.8917073652068,0.619335678593993,0.572947038928357,0.55831990676544,0.61489081666826,0.60958521148218,0.618675657556331,0.617126168862378,0.61489081666826,0.60958521148218,0.004205,1,620.828269430174,24.6844576959546,8.80665338099197,24.6844576959546,0,0.972,1,0,0.128,28.7479120454989,4.23755189191885,0.166,0.468,9.78803091315428,1.58228935094752,0.18725,0.1895,0.19,0.1895
"neglog",1.5,0.8,25,1000,0.119079473586245,0.0726308828626915,0.0519522908750166,0.105506720014119,0.0938018442693476,0.114984572424519,0.111000397241582,0.105506568192005,0.0938015354635265,0.025867795561987,0.015429519852384,0.0134251909722462,0.0219286751188636,0.0190008122160426,0.0253880196418579,0.0247287338397302,0.0219286751188636,0.0190008122160426,0.00284,1,94.2890403620982,10.3658924626688,1.15441669256617,10.1763675188344,0.001,0.838,0.999,0,0.004,34.4439057209732,7.67390564750188,0.001,0.031,31.832933175956,7.3892367381626,0.004,0.0095,0.0105,0.0095
"neglog",1.5,0.8,50,1000,0.0933393507559647,0.0773404370747027,0.0659352426653005,0.0906464238726285,0.088061192894923,0.0920697985135224,0.0908160475706106,0.0906470598323809,0.0880613468039913,0.00529101672181627,0.00428475268457561,0.00366051755600448,0.0049685733291083,0.00472758516739328,0.0052825897496463,0.00526688910301251,0.00497171303700632,0.00472758516739328,0.0029,1,271569.109328638,240.88698896415,1.54753210069258,14.4961226850956,0.002,0.974,0.998,0,0.011,53.5026467664233,9.11661995256683,0,0.041,53.1459826459246,8.96432903448675,0.00975,0.01275,0.0135,0.01275
"neglog",1.5,0.8,100,1000,0.159051812604977,0.15100326418875,0.144187977417693,0.158664554653118,0.158279796937636,0.158377757823028,0.157709089808238,0.158664528083522,0.15827974376448,0.00171770757532628,0.00163053282124956,0.00157798953708297,0.00169641490297875,0.00168402597567463,0.00171768893439585,0.00171663962351689,0.00169641490297875,0.00168402597567463,0.00382,1,707063.146390719,254.815547860298,14.3887040685888,17.3237157227285,0.001,0.999,0.999,0,0.078,58.8455865562665,8.90701489709261,0,0.113,57.523294129719,8.7957137104688,0.02225,0.02425,0.02425,0.02425
"neglog",1.5,0.8,200,1000,0.228057605862026,0.22398493245685,0.220160499231182,0.22793694557807,0.227816530675994,0.227720411649968,0.227384857395718,0.22793694557807,0.227816530675994,0.0134151947643451,0.0133663456576804,0.0132627885505793,0.0134120605549266,0.0134089286800324,0.0134147440040396,0.0134142932938125,0.0134120605549266,0.0134089286800324,0.00392,1,1718.4598578893,29.3212769038297,66.4862963224305,29.3212769038297,0,1,1,0,0.283,44.2351471704768,5.25389772623069,0,0.295,42.8376235957329,5.21837039553391,0.0365,0.0375,0.0375,0.0375
"neglog",1.5,0.9,25,1000,0.273035649463215,0.119311121782036,0.0678019043292871,0.219438039303424,0.177572212019676,0.258712311986047,0.244945501092574,0.219457983499514,0.177504849803471,0.0516030278533171,0.0185480815828647,0.0157841066118048,0.0371192708254807,0.0260682980015767,0.0493208382185203,0.0469188141548463,0.0371529262247681,0.0260682980015767,0.00168,1,83.2273647453413,9.85448500366895,0.988396091459084,9.79720449499504,0.002,0.659,0.998,0,0.001,33.0940492991323,8.27059703602283,0.002,0.034,27.4467525257988,7.52875670088004,0.00625,0.0125,0.01675,0.0125
"neglog",1.5,0.9,50,1000,0.22206730083538,0.185458937453381,0.158380761291078,0.213629460295435,0.205640874162378,0.218794232839465,0.215574583126348,0.213629460295435,0.205640874162378,0.0112722203526855,0.00662005298327508,0.00551921535206704,0.00992563304985103,0.00918673762058581,0.0112144177602193,0.0110589801887745,0.00992563304985103,0.00918673762058581,0.00358,1,186.871544378215,16.9814640918064,1.38104684159171,16.9814640918064,0,0.902,1,0,0.002,64.4407851431965,11.2262587359209,0,0.064,62.7531594055975,11.0281364718882,0.02325,0.0275,0.028,0.0275
"neglog",1.5,0.9,100,1000,0.273630071800984,0.258729769110659,0.246105161940952,0.272095797156121,0.270579878661858,0.272217896019744,0.270823520013093,0.272095797156121,0.270579878661858,0.00368327568860199,0.00314145952474159,0.00278286406251741,0.00359698007108464,0.00349986351621225,0.00368079141775697,0.00367831744078905,0.00359698007108464,0.00349986351621225,0.00405,1,362.994264240361,19.0566562187034,7.19818472670875,19.0566562187034,0,0.983,1,0,0.054,76.8639288635672,11.7994533642705,0,0.14,76.1457705948328,11.6959874190765,0.0375,0.0395,0.0395,0.0395
"neglog",1.5,0.9,200,1000,0.564473090699151,0.550322161531978,0.537843196008727,0.564053471016241,0.563634814229673,0.56324055545591,0.562017081281498,0.564053471016241,0.563634814229673,0.0298330904717696,0.0297232062487054,0.029614001312046,0.0298232801073664,0.0298134752936629,0.0298302181558684,0.0298273463195154,0.0298232801073664,0.0298134752936629,0.00393,1,1056.09387862749,26.0324304147134,47.267679596902,26.0324304147134,0,0.997,1,0,0.276,45.8135137134965,4.94045862052899,0.001,0.355,43.1477936446027,4.78100574746895,0.079,0.082,0.082,0.082
"neglog",1.5,0.95,25,1000,0.766485748031753,0.33028673035717,0.200910683153173,0.552689043112315,0.402651889217482,0.716793229311985,0.669721696499312,0.552877613294744,0.402190236977196,0.125750643207926,0.0239433961198665,0.0264809851263284,0.0692204663970539,0.0347070804070377,0.115669740498833,0.10311756506089,0.0696565524007506,0.0345173001512559,0.00204,1,82.0622315050416,9.39521771620493,0.898331160132219,8.57162705778293,0.038,0.47,0.962,0,0,27.5874673632019,7.83264801628013,0.018,0.057,16.8717446923429,6.24689729945125,0.01475,0.02425,0.039,0.02425
"neglog",1.5,0.95,50,1000,0.387366091665828,0.302154748494137,0.246308479150413,0.361617190655619,0.338776839453534,0.380134038747276,0.373033508094917,0.361617610132876,0.338765080235479,0.0259698874045717,0.00891316942545027,0.0068757415542316,0.0196763593655764,0.0141841185820143,0.0254057072766664,0.0249624656629404,0.0196763593655764,0.0141185311834733,0.00334,1,449864.038826339,314.948076191468,1.1327387724045,16.2541049025288,0.005,0.777,0.995,0,0,56.1440185613388,11.9212201312876,0,0.08,50.5306095164098,11.519454790413,0.029,0.03575,0.0385,0.03575
"neglog",1.5,0.95,100,1000,0.600480025485777,0.567674219588256,0.540723374366873,0.595381618853299,0.590394264220359,0.597400728143792,0.594357473180816,0.595381618853299,0.590394264220359,0.00761110108720677,0.00448118329279925,0.00338407935275816,0.00680643701646642,0.00615258671693219,0.00755101443825853,0.00750311758547763,0.00680643701646642,0.00615258671693219,0.00384,1,287.000099471839,20.6865910285438,3.01732313894601,20.6865910285438,0,0.962,1,0,0.036,97.5772343873074,14.0090883875141,0.007,0.159,95.8488636801333,13.7850615876582,0.0545,0.05675,0.0565,0.05675
"neglog",1.5,0.95,200,1000,1.21106548726871,1.17418951555554,1.14144333031081,1.20941200796187,1.20776453049809,1.20780128671953,1.20456426853049,1.20941200796187,1.20776453049809,0.153232193122054,0.150093485848428,0.14799434778097,0.152894305285962,0.152801152833161,0.153099279495172,0.152966549000362,0.152894305285962,0.152801152833161,0.004205,1,1195.26520600689,26.7423506054247,38.2082254010207,26.7423506054247,0,0.996,1,0,0.267,36.3363936642771,2.65872815539708,0.013,0.417,25.4934812910589,2.24255094628388,0.11975,0.12375,0.1235,0.12375
"neglog",1.5,0.99,25,1000,3.99365212952314,1.07655850950703,0.835193401975223,1.66502074755818,0.852008165367366,3.62289858454334,3.29518235104176,1.6820037692621,0.804118605491991,0.650598830181284,0.0532304651355739,0.161052062398151,0.188104358293305,0.0946007469746412,0.476801885417796,0.344044948837802,0.205729133726284,0.0865608835502007,0.0022,1,32.2933003870732,5.37308424938149,0.583522613827939,3.78094949604845,0.283,0.23,0.717,0,0,22.4903938538326,7.24375761660131,0.033,0.074,3.80836954589501,2.75038944977973,0.06675,0.04575,0.1155,0.03925
"neglog",1.5,0.99,50,1000,2.37232775887186,1.71927494475344,1.37734377834646,1.99566947772459,1.71199056781403,2.31381617461901,2.25733259662798,1.99605987665677,1.71076818668526,0.13838335249754,0.0229205738376195,0.0276655411877294,0.0729356763616288,0.0392364345795858,0.126574919174782,0.114392913771378,0.0739690986825105,0.0379101505208748,0.00356,1,114.254895294628,12.4435665843308,0.834343451003233,10.4677503092822,0.062,0.474,0.938,0,0,27.8869854100789,9.17033432945812,0.07,0.141,13.2333391138974,6.70897694062154,0.0605,0.0685,0.08725,0.0685
"neglog",1.5,0.99,100,1000,3.04879846209149,2.74547391270369,2.51889951369583,2.97394372229735,2.90433310276246,3.02672694497509,3.00496321961219,2.97394473588935,2.90433259544461,0.0315311077248349,0.00958885159562233,0.00527838899301277,0.0239825234945354,0.0172510313276675,0.0309220710858317,0.0303109476122517,0.0239825234945354,0.0172510313276675,0.00359,1,303.302853286346,21.0460484143665,1.20716504466066,20.7853116892209,0.002,0.776,0.998,0,0.006,63.846614068975,14.3283101953902,0.08,0.223,56.186905338394,13.5011948151828,0.09375,0.10125,0.103,0.10125
"neglog",1.5,0.99,200,1000,5.50178845055469,5.22070890914285,4.98692833251846,5.47661597285859,5.45174026535212,5.48432325009398,5.46700846475398,5.47661597285859,5.45174026535212,0.451637530136974,0.446633324540334,0.421077774493214,0.450688552569887,0.449741175872681,0.45111597532515,0.450594881840324,0.450688552569887,0.449741175872681,0.004115,1,570.153051679361,29.9438566464716,8.74232401748632,29.9438566464716,0,0.964,1,0,0.105,30.5835633247275,4.27169007811729,0.148,0.45,9.44479175795055,2.08291876897283,0.18375,0.185,0.18525,0.185
"neglog",2,0.8,25,1000,0.188190494481004,0.107382247600529,0.0719035433189924,0.166235793653309,0.147272637538158,0.180350210641736,0.172742482930695,0.166233914792585,0.147251544529294,0.031769465584682,0.0182152805541805,0.0141862321839705,0.0262633642688772,0.0233372247689734,0.0305900461266202,0.0296706747163024,0.0262633642688772,0.0233372247689734,0.00244,1,892566.086961732,697.063693283953,1.41606709161905,10.9720860999928,0.003,0.825,0.997,0,0.002,32.4407912963258,6.40980803861384,0,0.046,29.3670099810713,6.17453624807441,0.00675,0.0125,0.0145,0.0125
"neglog",2,0.8,50,1000,0.0974871966988398,0.0842696667532637,0.0744133519820414,0.0951996400542871,0.093033441815145,0.0963879358015083,0.0953002773924815,0.0951996400542871,0.093033441815145,0.00671592859322348,0.00542469264459802,0.00524627977107862,0.0064587716421196,0.00622276722060105,0.00668675012017527,0.00668326583646437,0.0064587716421196,0.00622276722060105,0.00304,1,150.669613382602,14.5566213834397,1.72732644531494,14.5566213834397,0,0.968,1,0,0.004,52.2661997223445,7.98307621951396,0,0.042,51.7749972418712,7.75871804200104,0.01,0.01225,0.01225,0.01225
"neglog",2,0.8,100,1000,0.139823201127263,0.134047371621002,0.129144250723614,0.139457286302695,0.139094711473066,0.139335163635545,0.138851511768351,0.139457286302695,0.139094711473066,0.00187490685169248,0.00176921301405401,0.00181633991886379,0.00185479236347585,0.00183849503909717,0.00187314498122233,0.00187138472341143,0.00185479236347585,0.00183849503909717,0.00359,1,289.130022875411,18.3899150199498,7.6823244095396,18.3899150199498,0,0.997,1,0,0.073,55.0338244556047,7.86646355511875,0,0.106,54.6776195999428,7.82334331356516,0.02175,0.02325,0.02375,0.02325
"neglog",2,0.8,200,1000,0.258623314463414,0.252311457013949,0.246719752087173,0.258493951897071,0.258364819179206,0.258191812052264,0.257762758745582,0.258493951897071,0.258364819179206,0.022903850787632,0.0227470350950357,0.0222677537172574,0.0228989823585322,0.0228941163029246,0.0229026431063478,0.0229014355730494,0.0228989823585322,0.0228941163029246,0.0043,1,1817.62385238354,30.4957172497368,84.6274455326157,30.4957172497368,0,1,1,0,0.288,40.6881652051598,3.57885574238636,0,0.314,38.9212356521541,3.51534121026667,0.04725,0.0485,0.0485,0.0485
"neglog",2,0.9,25,1000,0.331589311035171,0.159155871858734,0.0897261189406657,0.268191439770705,0.217231972102365,0.313638559852358,0.296424813795339,0.268198102001666,0.217226312417438,0.0720608690849778,0.0232712119847458,0.0201157725795356,0.0513158757035173,0.0341610973578477,0.0683998013268677,0.0643890523073496,0.0513158757035173,0.0341610973578477,0.00212,1,113.242503903486,11.2661147333866,1.26710398775272,10.8154180275572,0.009,0.61,0.991,0,0.001,29.6023611918763,6.8525169904988,0.003,0.04,22.9064182014862,6.17617775684882,0.007,0.01675,0.02075,0.01675
"neglog",2,0.9,50,1000,0.252280298444768,0.20757560214862,0.176074950486529,0.24239104835778,0.233123005850241,0.247813582514345,0.243436758713751,0.242391650460863,0.233122636663708,0.0160280778689371,0.00876500799024181,0.00683202244492615,0.0142294436645324,0.0119004065275583,0.0157929180270913,0.0155812235737115,0.0142294436645324,0.0119004065275583,0.0037,1,621270.77281343,440.876311285522,2.23327527393287,16.8130002833557,0.003,0.878,0.997,0,0.009,55.5313152681359,9.08505325533035,0.002,0.071,52.0607449097178,8.77734752530341,0.0235,0.0295,0.02925,0.0295
"neglog",2,0.9,100,1000,0.307252001263959,0.292991547572474,0.28063901465163,0.305954934271618,0.304675604896695,0.305948355416235,0.304658117898716,0.305954934271618,0.304675604896695,0.00417114193184757,0.0034945178069663,0.00313712204833954,0.00409654096019024,0.00399961389053074,0.00414645490444469,0.00412270205037426,0.00409654096019024,0.00399961389053074,0.00393,1,377.410445669012,21.4041337777272,9.30267552451848,21.4041337777272,0,0.988,1,0,0.071,73.7581512608067,9.77532930757075,0.002,0.148,72.6809647703492,9.64567344079952,0.0395,0.0415,0.0415,0.0415
"neglog",2,0.9,200,1000,0.525653593730116,0.514373689552883,0.503868623895281,0.525238261544447,0.524823872795466,0.524560629902193,0.523474787769379,0.525238261544447,0.524823872795466,0.0443944182397351,0.0433821052141048,0.0428785593806653,0.0443533780239707,0.0443123906221008,0.0443781364318792,0.0443618920805034,0.0443533780239707,0.0443123906221008,0.004195,1,1589.34187975275,28.6100505215033,46.9033628754236,28.6100505215033,0,0.998,1,0,0.311,47.5701840077287,4.08157591439356,0,0.356,43.9909821357892,3.92100405731589,0.072,0.07475,0.0745,0.07475
"neglog",2,0.95,25,1000,0.675846961836625,0.283468987993847,0.175041738412192,0.485800259441895,0.360430920109153,0.627840202445265,0.582972094284234,0.486246867837297,0.360030608212537,0.146982296357216,0.0268129148000857,0.0306312744829582,0.0832812878367206,0.0419900335479659,0.132311097194434,0.116088373036594,0.0832812878367206,0.0407082759815742,0.00264,1,843517.017883607,937.156180842824,1.15960332097446,8.93446689086735,0.045,0.44,0.955,0,0.002,25.1935542640209,6.40776238929619,0.009,0.052,12.9503006754206,5.0117560763999,0.01425,0.02425,0.042,0.0245
"neglog",2,0.95,50,1000,0.532866689900491,0.421690323947475,0.350463926662844,0.499744144758025,0.469950530180364,0.523130396634232,0.51358044747133,0.499747993755405,0.469946502851645,0.0334744911961282,0.0111508926553682,0.00847299153864881,0.025967020606249,0.02010051635028,0.0326849955092152,0.0316642276670142,0.0261236811952049,0.02010051635028,0.00368,1,235.530161637825,16.9439228374208,1.47195513554427,16.6555692196749,0.007,0.744,0.993,0,0.004,48.1276857190796,9.04223031262399,0.012,0.095,41.5436188012522,8.59700389772727,0.0365,0.0455,0.048,0.0455
"neglog",2,0.95,100,1000,0.508223370283389,0.476547853348819,0.45265031716777,0.504019825092986,0.499931321785141,0.505242504866402,0.502298667968728,0.504019825092986,0.499931321785141,0.00814572290219788,0.00471238214949312,0.00362090139330394,0.00746258537918431,0.00673680819306192,0.00807361109634026,0.0080208608029588,0.00746258537918431,0.00673680819306192,0.00386,1,499.918695157733,25.0616690591128,4.17871207834257,25.0616690591128,0,0.947,1,0,0.032,90.0089426318987,12.1089440111896,0.007,0.14,87.7661105322119,11.9355955951014,0.0495,0.05275,0.0535,0.05275
"neglog",2,0.95,200,1000,0.979470009883178,0.950268919279285,0.924437335669985,0.978193762588871,0.976923377433021,0.977032938033917,0.974617173100213,0.978193762588871,0.976923377433021,0.0699581462375598,0.068625873778579,0.0636993781343505,0.0699499272978055,0.0699417094235771,0.0699564316119704,0.0699547170369673,0.0699499272978055,0.0699417094235771,0.00425,1,1306.03192351215,31.0691940138164,42.7098497325212,31.0691940138164,0,0.996,1,0,0.258,45.96607086811,4.24519795671963,0.011,0.37,37.9872999042775,3.93113356763685,0.10275,0.10575,0.1055,0.10575
"neglog",2,0.99,25,1000,3.58116801871134,1.04317621901392,1.04251060955182,1.6846460000511,1.00681739652543,3.18678632747892,2.84598951512,1.70671811474796,0.939297861388987,0.800032474822369,0.0589181882899786,0.203412746837016,0.230676552681474,0.112505467808449,0.578755143994113,0.392174821749276,0.262934716624251,0.101038930185877,0.00216,1,37.5440166190879,5.39823616077438,0.728636458177632,3.8964744905526,0.27,0.208,0.73,0,0,19.8985670187203,6.25726031181052,0.041,0.095,2.95713095866511,2.14377800879219,0.072,0.05325,0.1215,0.04575
"neglog",2,0.99,50,1000,2.23760392249576,1.5181540807737,1.22663087698188,1.8483387222225,1.5621074833373,2.16708195306608,2.09958627394708,1.84870873866534,1.56138940594379,0.179946919568093,0.0260817216888636,0.0329664278687485,0.0983235683410315,0.0465235805726388,0.164838266666149,0.147474328091981,0.0995990670619379,0.0459632836022493,0.00322,1,123.429628601428,12.0065942824537,1.04738780802559,10.9610399430511,0.054,0.447,0.946,0,0,26.6690302476148,7.17710096242487,0.056,0.128,12.4430796059646,5.17826367966393,0.0605,0.06725,0.0865,0.06725
"neglog",2,0.99,100,1000,3.13589784040522,2.85054009554307,2.64899047897735,3.06761507362838,3.00424750538428,3.11358688107278,3.09165570929175,3.06761934578532,3.00423044452505,0.0427797706625343,0.0115204248271733,0.00694599034014613,0.0333037891699987,0.023850518691996,0.0422048506094998,0.0416341198434444,0.0333037891699987,0.023850518691996,0.00379,1,463.17385963093,24.7059750514121,1.8809444524514,24.4284171820298,0.005,0.72,0.995,0,0.013,45.0482434083954,10.9107579188241,0.071,0.228,34.9409734310334,10.2213601971541,0.09875,0.106,0.10875,0.106
"neglog",2,0.99,200,1000,6.10026787151226,5.85867381023796,5.65046223243569,6.07439217842587,6.04893093987602,6.08179698556728,6.06350018532991,6.07439217842587,6.04893093987602,0.27886723816269,0.250124026953697,0.229870418997319,0.278497597046835,0.262780006908601,0.278678828376775,0.278490544181076,0.278497597046835,0.262780006908601,0.00387,1,850.753989824554,35.2386038498085,9.93962766360755,35.2386038498085,0,0.936,1,0,0.115,33.3068737052,4.87504057895034,0.171,0.439,14.0517298768671,2.60035358502501,0.17425,0.17575,0.1755,0.17575
