"Link","Sigma","Rho","n","Successful_Reps","MLE","SRRE_k1","SKLE_k1","SRRE_k2","SKLE_k2","SRRE_k3","SKLE_k3","SRRE_k4","SKLE_k4","MLE_Med","SRRE_k1_Med","SKLE_k1_Med","SRRE_k2_Med","SKLE_k2_Med","SRRE_k3_Med","SKLE_k3_Med","SRRE_k4_Med","SKLE_k4_Med","Clamp_Rate","Conv_Rate","Mean_k1","Mean_k2","Mean_k3","Mean_k4","K4_Binds","Prov_Hold_k1","Prov_Hold_k2","Eq32_Hold_k1","Eq32_Hold_k2","Eq32_Val_k1","Eq32_Val_k2","Eq32T_Hold_k1","Eq32T_Hold_k2","Eq32T_Val_k1","Eq32T_Val_k2","SignFlip_k1","SignFlip_k2","SignFlip_k3","SignFlip_k4"
"logit",0.5,0.8,25,1000,2.12887297106866,0.205407159478942,0.935417667835633,0.487093275551194,0.456642021038355,1.88396530141924,1.6650145583225,0.707215654383654,0.331194902205007,1.74579449812088,0.125287494076472,0.622433037345978,0.401330404836556,0.271345020990715,1.55156592667582,1.37932409506215,0.611677888505803,0.264185857001599,0,1,13.5558342153945,3.05167030368621,0.121209566075814,1.68418500876794,0.857,0.012,0.143,0,0,66.11393445605,43.2181393665613,0,0,12.6933365367209,8.39763524113949,0.145666666666667,0.0608333333333333,0.2025,0.0409166666666667
"logit",0.5,0.8,50,1000,0.649506314449991,0.0844417784420111,0.198172780304021,0.27909900414359,0.105556327439996,0.614893443754957,0.581573326120447,0.280284355247394,0.105060909841451,0.566356422888382,0.0534526314085767,0.153071061181294,0.240420238443563,0.0803591042988539,0.535722025498963,0.50757452703281,0.24213676203856,0.0801882153055361,0,1,31.6735547218414,4.79341987719362,0.20895779942538,4.68524597442017,0.065,0.031,0.935,0,0,101.046765356325,25.0837013278821,0,0,24.4941257980775,13.0957456209033,0.0250833333333333,0.00433333333333333,0.0905,0.00433333333333333
"logit",0.5,0.8,100,1000,0.264644109423756,0.0448384819655968,0.0780483730040288,0.154762865729935,0.0807781282400795,0.257731093902072,0.250926539653117,0.154765594832177,0.0807783099794881,0.239919118740498,0.0323790835205643,0.0571101321241771,0.137216180089698,0.0667122618188485,0.233872834023248,0.227939561980568,0.137216180089698,0.0667122618188485,0,1,64.7200009321297,7.1504995829897,0.26387497147759,7.14683592432782,0.002,0.098,0.998,0,0,134.117385969672,25.8935706870691,0,0,63.0827042141881,20.1008789107986,0.00291666666666667,0.00175,0.0241666666666667,0.00175
"logit",0.5,0.8,200,1000,0.121747537293546,0.0254484274934192,0.0495287286768506,0.0842730456933945,0.0549319448236595,0.120141758717664,0.118547728001426,0.0842730456933945,0.0549319448236595,0.110307873285302,0.0187737151186752,0.0315118285024537,0.0752444100557858,0.0469436054155941,0.108821967827793,0.107452048344913,0.0752444100557858,0.0469436054155941,0,1,135.071826000292,10.2338017366663,0.296701672223949,10.2338017366663,0,0.196,1,0,0,209.047785510356,32.596819414107,0,0,148.36256360551,28.651003466229,0.00141666666666667,8.33333333333333e-05,0.00225,8.33333333333333e-05
"logit",0.5,0.9,25,1000,4.98622319019756,0.413429094490448,2.19483778126855,0.798981128025868,1.31438355671358,4.31910290364728,3.73453150395629,1.62666806992433,0.748314033089046,4.15469405767278,0.235831971591197,1.52638261689881,0.657321322463323,0.786253010628681,3.51060750376598,3.03980231455441,1.41625061394338,0.600560735917881,0,1,6.26947507866984,1.99545046474045,0.0678231335348308,0.745180460872287,0.977,0.003,0.023,0,0,189.865192675316,64.7220111104326,0,0,11.5268351392269,6.6337733500137,0.231166666666667,0.152583333333333,0.28475,0.112166666666667
"logit",0.5,0.9,50,1000,1.50610214987127,0.159738908606224,0.435853128798478,0.471444917427671,0.149702281032584,1.38637555644931,1.27349482029487,0.499938211513119,0.140205681921524,1.3438168981853,0.0952431861379466,0.34159866361227,0.395953546540641,0.11612351582816,1.22668790557645,1.10799256298389,0.430376263301533,0.109826925633232,0,1,15.4498623158785,3.20364710338195,0.144075065958924,2.78438714076921,0.392,0.023,0.608,0,0,79.9165626514247,30.7540666897725,0,0,11.1539132108693,8.08904520229648,0.0708333333333333,0.01,0.178416666666667,0.00808333333333333
"logit",0.5,0.9,100,1000,0.619492648023828,0.0750911558835576,0.142914842143389,0.285793287180058,0.10093672235057,0.590040931408892,0.561435516741124,0.285947268566393,0.100895464840362,0.565776841589846,0.0482116670977614,0.117769871206187,0.252920848909546,0.0758852974676498,0.534898157219712,0.508798002805323,0.252920848909546,0.0758852974676498,0,1,30.8661049983959,4.68842017476013,0.211664281080871,4.66514404160286,0.022,0.07,0.978,0,0,97.8736986179279,23.3531156940766,0,0,28.713994086169,12.8339682672597,0.012,0.00391666666666667,0.0888333333333333,0.00391666666666667
"logit",0.5,0.9,200,1000,0.282194161357248,0.0389748636515543,0.0559026244522902,0.16438639942868,0.0826513388818148,0.274719740643539,0.267355091273796,0.16438639942868,0.0826513388818148,0.264557983261934,0.0250794196966977,0.0451023598411625,0.149643073667831,0.0672430565869232,0.257783956219618,0.250262669080978,0.149643073667831,0.0672430565869232,0,1,59.8144205451184,6.74631190802992,0.259935413881654,6.74631190802992,0,0.173,1,0,0,142.222823174153,25.0160819846166,0,0,67.706623668102,19.0970632006792,0.00108333333333333,0.0015,0.0263333333333333,0.0015
"logit",0.5,0.95,25,1000,10.9797618451662,0.800711742295014,5.10574791336657,1.16015835320849,3.88951946228415,9.37038656948245,7.98486827955102,3.49604739060773,1.65432273132042,8.81713458835256,0.460327687129906,3.56036968278701,0.942596904624596,2.40694017165407,7.41433327473672,6.23465442362489,3.05350415792353,1.33644779414785,0,1,3.1038594983248,1.36707706395921,0.0370959681446376,0.344482020842696,0.996,0.002,0.004,0,0,91.4661919423796,69.5598594315664,0,0,3.1350941627962,3.69032377678597,0.299416666666667,0.255333333333333,0.343833333333333,0.2005
"logit",0.5,0.95,50,1000,3.40959104264869,0.336231374228256,1.01805437124669,0.787529184826813,0.358565684691677,3.08546968487261,2.78382099329295,0.961158933426536,0.257765139642515,3.03970195230613,0.203243228422376,0.795635277262313,0.646246051571777,0.253869278185109,2.71534957271199,2.39762846258627,0.831684137209166,0.205612148145529,0,1,6.91180714827842,2.08399904755757,0.0856705362416532,1.48597333735668,0.711,0.024,0.289,0,0,79.0217335254266,45.931578469783,0,0,5.41714695580345,4.69903330798692,0.146416666666667,0.0398333333333333,0.261666666666667,0.0245833333333333
"logit",0.5,0.95,100,1000,1.33651990951997,0.152105265818451,0.304305796299293,0.487508749898057,0.119314707502027,1.24701437148095,1.16123113108386,0.490794771944103,0.116836230361427,1.19931516633333,0.0896542256718219,0.250351392272176,0.40815605658283,0.0759380770760799,1.10940338164524,1.02583250805689,0.410610853076243,0.0727110768080281,0,1,14.8663898596559,3.15692850249909,0.151628116678721,3.04068001890816,0.098,0.067,0.902,0,0,85.7946957591219,25.608547691243,0,0,12.52034847247,8.54438695615088,0.042,0.008,0.168666666666667,0.00783333333333333
"logit",0.5,0.95,200,1000,0.615104270868769,0.0759011946912055,0.118392449066929,0.292901345003372,0.102569921862862,0.587757531661913,0.561093744044701,0.292929736260322,0.102551399231045,0.571908449920943,0.0463023404363167,0.096314707032698,0.258015467289657,0.0740108206111488,0.54461734317716,0.51814588095722,0.258015467289657,0.0740108206111488,0,1,29.3540436925937,4.56899299809483,0.212238188861283,4.56531152471675,0.003,0.143,0.997,0,0,110.911930232475,22.4341839459902,0,0,30.4171192924094,12.6913321908099,0.00575,0.00433333333333333,0.0945,0.00433333333333333
"logit",0.5,0.99,25,1000,56.0248063440476,3.60286000625573,27.2598610007342,1.90542098758029,32.5219890564389,47.4906510340065,40.2089516518142,18.220181032443,8.40780806706788,45.9031721648321,2.08616496893602,18.860754054057,1.40001653270838,23.3386320770622,38.693134955681,31.6834681651968,15.9757262076697,6.59648318973497,0,1,0.70551878263296,0.660884454910584,0.0080017222320359,0.0655321508904774,1,0.002,0,0,0,97.8903203200571,NA,0.002,0,0.63120009152542,NA,0.41,0.419833333333333,0.426166666666667,0.353083333333333
"logit",0.5,0.99,50,1000,17.0906061425048,1.43913563761169,5.68320380135852,1.52755252573052,4.62891705225481,15.0737517774531,13.238950779452,4.5617515784139,1.24097102059105,15.2981081315104,0.866114600750533,4.53180841132567,1.29319343981224,3.34393120249448,13.264775288738,11.6565184859627,4.0775086792852,1.00982108280461,0,1,1.54514030889201,0.947059498823873,0.0225348555472528,0.29925450604962,1,0.013,0,0,0,96.6160574966093,NA,0.004,0,1.15335062901711,NA,0.317166666666667,0.29625,0.378666666666667,0.165666666666667
"logit",0.5,0.99,100,1000,6.96622593872143,0.678951837044389,1.77662607299032,1.20853135498174,0.625887961088864,6.27795426218181,5.63545142619001,1.59711141277164,0.280869758914809,6.20493833363128,0.411619584852458,1.49835025550242,0.985786567230299,0.444145411466099,5.50021970702046,4.87664404135142,1.41999939324552,0.220961820172855,0,1,3.2305080649104,1.35040428745713,0.0487437067347567,0.897469448585256,0.842,0.031,0.158,0,0,89.387503605757,73.973535567861,0,0,2.57260392551283,2.79931885480406,0.20925,0.08775,0.327166666666667,0.0300833333333333
"logit",0.5,0.99,200,1000,3.10951435249749,0.312853972081645,0.721598527795192,0.784361523941607,0.128570169970184,2.84014134363708,2.58486969719124,0.807586838519299,0.0992095068854861,2.9019119958221,0.19563766128454,0.599352274046626,0.678385630044479,0.0796255905658946,2.62913812696748,2.36657608560018,0.685955522019594,0.0690790344686716,0,1,6.7101710896957,2.04147931927636,0.0890669353950108,1.83768863604006,0.241,0.08,0.759,0,0,110.179291268431,38.9368976008194,0,0,6.27859023687754,5.0127858129754,0.11125,0.00808333333333333,0.2615,0.00466666666666667
"logit",1,0.8,25,1000,4.13923779995377,0.382153468189366,1.7656461565777,0.99420828561962,0.852343155153355,3.61423731212051,3.15211227454101,1.39224547115314,0.648069284259493,3.40059468595481,0.229870177484236,1.28591810424967,0.828293392830063,0.569957952951207,2.9478479246484,2.56077995409639,1.20874267288121,0.53552691477397,0,1,14.9038370472341,3.0599772084049,0.154778549934771,1.79189925544161,0.829,0.007,0.171,0,0,148.056594665096,40.7168370692753,0,0,6.92805510906732,4.39379585356306,0.21825,0.110416666666667,0.265916666666667,0.0936666666666667
"logit",1,0.8,50,1000,1.18575665444808,0.136819952225352,0.359117683233206,0.52100114005641,0.202421543950225,1.10134419242045,1.02118364754458,0.524190397209329,0.201547157630201,1.06474273746638,0.0925040399317425,0.286208420020493,0.449591618855921,0.158134147145777,0.979643725018942,0.905309528996409,0.452998473498903,0.156778099868334,0,1,36.0851673868272,5.02293577173433,0.323045787056317,4.90397394136004,0.083,0.02,0.917,0,0,73.5820903671146,17.5452889790161,0,0,14.0583947475005,6.85012297663132,0.0673333333333333,0.0170833333333333,0.15475,0.0169166666666667
"logit",1,0.8,100,1000,0.509109523185857,0.0745235927275501,0.129276273455835,0.301760793896689,0.159117546634096,0.488685887620618,0.468759356439839,0.301760793896689,0.159117546634096,0.46509963779281,0.0512121462335387,0.102440307675963,0.262804987039336,0.131686137916477,0.445331524214233,0.425523431371392,0.262804987039336,0.131686137916477,0,1,70.3517585358377,7.23795228710423,0.448467869313427,7.23795228710423,0,0.09,1,0,0,117.875883385421,16.021180429551,0,0,36.5034215184204,10.1526998452347,0.0125,0.0101666666666667,0.0694166666666667,0.0101666666666667
"logit",1,0.8,200,1000,0.227420841135513,0.0399970247825957,0.0681372254051787,0.15969769496572,0.105920114884575,0.222382100762472,0.217405409793165,0.15969769496572,0.105920114884575,0.207333468616973,0.0291798241911276,0.0468333659829716,0.142676974308196,0.092233450450897,0.202501344799985,0.197945926719715,0.142676974308196,0.092233450450897,0,1,144.735212015859,10.4814663247518,0.541949872485247,10.4814663247518,0,0.18,1,0,0,150.803204434851,18.056587587403,0,0,80.9970225105321,14.6338947076078,0.00233333333333333,0.00225,0.0159166666666667,0.00225
"logit",1,0.9,25,1000,10.1543819410366,0.866475128755901,4.44032582867573,1.66102415095432,2.62240012825146,8.77438858328468,7.57521867669808,3.28150152320806,1.53696035191211,8.08311527652948,0.478188342653431,3.0245572558432,1.35414483924318,1.5059575063182,6.87026838784646,5.76904475203842,2.85920033564127,1.22464966657341,0,1,6.83872486574598,2.01445103518685,0.0809564165659256,0.803750283627827,0.975,0.009,0.025,0,0,90.5993630494513,93.170823494814,0,0,2.62223485498487,2.63288455212846,0.287833333333333,0.208,0.338416666666667,0.18125
"logit",1,0.9,50,1000,2.9984618116386,0.32204696157668,0.858870823073734,0.997795563074172,0.326710819043101,2.72686512907964,2.47316529034747,1.03687931603256,0.308664129054461,2.64580230070688,0.199324480083793,0.638257231473012,0.844054843476817,0.244163805312419,2.39399448963035,2.14110906693003,0.900380183909264,0.235874640801013,0,1,15.6897787281657,3.20092664034958,0.190238909300401,2.86272454170591,0.311,0.022,0.689,0,0,79.8062468037038,25.5739551767725,0,0,5.57904401657893,4.04554970605467,0.1315,0.0416666666666667,0.248916666666667,0.0365
"logit",1,0.9,100,1000,1.18255267616916,0.140427434434322,0.264968912110822,0.556673434696806,0.204702446859597,1.10786657621032,1.03610636296438,0.557210127023938,0.204326652290056,1.09845364009467,0.0924690897614411,0.217950126617365,0.50475335782148,0.156264376610647,1.02822492255256,0.959239100740004,0.50475335782148,0.156264376610647,0,1,32.8361443926439,4.77754099389001,0.32005919733789,4.73371553109643,0.02,0.063,0.98,0,0,86.9687431043429,16.2914285711015,0,0,14.9782309459051,6.61369776852976,0.0380833333333333,0.02125,0.157416666666667,0.0211666666666667
"logit",1,0.9,200,1000,0.53465182625736,0.0686278844400651,0.106434047598745,0.316512705324248,0.163087056080181,0.512755669607543,0.49136357605334,0.316512705324248,0.163087056080181,0.490148067150394,0.0439626772480976,0.0873128096906995,0.28377987083432,0.136512893069762,0.470314679352259,0.447607515141586,0.28377987083432,0.136512893069762,0,1,64.7107589333947,6.8526472149318,0.442947526437433,6.8526472149318,0,0.136,1,0,0,111.977094983059,15.3349573342468,0,0,34.4221718934899,9.53293329056078,0.00683333333333333,0.0119166666666667,0.07425,0.0119166666666667
"logit",1,0.95,25,1000,21.5766053258386,1.58369746734933,9.93933878421037,2.3623591740377,7.3241493400318,18.5328973071511,15.8930015713492,6.92412766097282,3.28780208265169,17.4420487079442,0.914638894263059,7.1948875681353,1.984440514345,4.51553324989741,14.8975598108556,12.4539558410376,6.13479498486575,2.66672187122177,0,1,3.74897745229038,1.41004776418861,0.0416271819434274,0.374464340963618,0.995,0.005,0.005,0,0,165.970316069732,61.2855271895555,0.001,0,1.53439878807474,1.59834919438912,0.352333333333333,0.310583333333333,0.382333333333333,0.264583333333333
"logit",1,0.95,50,1000,6.10739182218145,0.577344508239484,1.84958510103699,1.48261121386403,0.589987180611989,5.45158024732653,4.84830723633833,1.78469691239221,0.462248637332419,5.52988522867442,0.358070554595851,1.52827407417862,1.23686713135112,0.434549644616563,4.84541814749586,4.22305044262881,1.57273434609702,0.389008505085709,0,1,8.01661203934656,2.17177553387951,0.109650257111186,1.57950806001324,0.698,0.012,0.302,0,0,117.724410190475,42.2971101725138,0,0,3.39893821637357,2.4606696731527,0.215833333333333,0.0851666666666667,0.31075,0.06775
"logit",1,0.95,100,1000,2.54240914346415,0.274116641878708,0.608217374797825,0.945977457175732,0.235973185837466,2.33625203326425,2.14089797095962,0.950732332750637,0.232354188217401,2.3148630517108,0.16737462012212,0.494053279469929,0.831542985734916,0.152691392290685,2.10098378644519,1.9086082437608,0.834703947836129,0.14899617474031,0,1,17.0709057034527,3.25090493060821,0.208309201619482,3.15964372318311,0.073,0.048,0.927,0,0,79.0218212683788,21.1399118248399,0,0,7.29496000245067,4.40073669137193,0.0976666666666667,0.02625,0.233833333333333,0.02575
"logit",1,0.95,200,1000,1.1531584553467,0.133423334564386,0.24019407306469,0.565353200899293,0.211085514684055,1.08403581344555,1.01732037249374,0.565454666725344,0.211003031138299,1.05559026425941,0.0841713004861532,0.202182394012049,0.507759870822341,0.155896618096239,0.984933044452824,0.92045011828311,0.507759870822341,0.155896618096239,0,1,34.0789709614969,4.76792696163417,0.325586613671179,4.75507783812478,0.007,0.113,0.993,0,0,94.1347626059117,15.5695878877499,0,0,16.480521304687,6.46790669879278,0.0309166666666667,0.0231666666666667,0.15425,0.0231666666666667
"logit",1,0.99,25,1000,110.734794786479,7.41612109640185,51.9463665301915,3.99715730187344,62.5327522612325,94.7419480987545,80.9714206947351,35.8940619621903,16.292114845784,87.8857415530515,4.21610570124556,36.1544797119947,2.95017205653773,43.9558060622158,74.7986970266031,63.4224262548381,31.3073195830168,13.1932883568601,0,1,0.702456923794124,0.694911408937866,0.00829571954681477,0.0719209422736985,1,0.001,0,0,0,78.5428206101697,NA,0,0,1.41205211811672,NA,0.429916666666667,0.438416666666667,0.444583333333333,0.391416666666667
"logit",1,0.99,50,1000,32.3627564223708,2.63487228671131,10.9592722204835,2.88502283763726,8.79050081293532,28.5223891436669,25.0332727887593,8.78720413136773,2.38125363068791,28.6764010312438,1.56860758142618,8.8453724896712,2.36155819083175,6.60860651674843,25.0914503556287,21.6699274346664,7.99794890536774,1.91604818772165,0,1,1.72531432405195,1.02133903415244,0.0247470008897367,0.324852075330152,0.999,0.008,0.001,0,0,94.2083603312334,157.405734635183,0.006,0,0.603612482578669,1.36895566521437,0.371416666666667,0.34775,0.410833333333333,0.238083333333333
"logit",1,0.99,100,1000,13.4852346409148,1.26140751347634,3.61547578874134,2.27555222582087,1.27957896561562,12.0846675355629,10.7837018862006,3.00979787000895,0.559541489940387,12.0849154681133,0.759742644993989,3.07410316348115,1.94506428295871,0.917805970855265,10.6348944939471,9.42308415781267,2.75715356756156,0.449309220080579,0,1,3.42020549402307,1.41602253024539,0.0532085368274564,0.95102434038077,0.85,0.035,0.15,0,0,100.604250783095,87.1922245718879,0.004,0.001,1.4865349115451,1.56946022018364,0.281,0.158333333333333,0.372083333333333,0.0823333333333333
"logit",1,0.99,200,1000,6.21589180910569,0.646330806331319,1.41069999896142,1.68701785232069,0.264912601338641,5.64108922474396,5.09964244427018,1.72271734918559,0.222334270130797,5.79643231899376,0.392243944198352,1.19868929020481,1.44467116264451,0.161662671338586,5.27644890292904,4.72157437314851,1.46076344347371,0.142996044698385,0,1,6.73227548286826,1.99846917689517,0.103473973639175,1.84286718638903,0.209,0.079,0.791,0,0,81.3052202111626,34.1599987417524,0,0,3.06494923004252,2.55237825805775,0.182166666666667,0.0303333333333333,0.327333333333333,0.0230833333333333
"logit",1.5,0.8,25,1000,6.17767401549793,0.585245219235524,2.56551095663834,1.56213001690179,1.22057641951961,5.43078689385817,4.76952783986467,2.08305458444714,0.969064092359224,4.77441865684031,0.330456393368479,1.70942888632189,1.28523195971655,0.775018333267792,4.11609248446085,3.52622667515287,1.72969902447577,0.770069622860344,0,1,16.2511751042604,3.14968842475704,0.180630280608689,1.93635851694579,0.804,0.005,0.196,0,0,114.349071417576,35.8431466417511,0,0,3.34910302803589,2.83224713873269,0.25125,0.146583333333333,0.29725,0.137916666666667
"logit",1.5,0.8,50,1000,1.78849482208352,0.222659738548901,0.494675702821864,0.834127560158183,0.342231054506174,1.65200562923371,1.52295416620647,0.837536970200207,0.341081427323599,1.59073646579315,0.14506315560054,0.387362382206672,0.726857829553081,0.269216685508346,1.45486788084601,1.32924723647484,0.731516070983175,0.2686491965164,0,1,38.3619630246349,4.94277541277827,0.387984443215705,4.82145199124807,0.056,0.027,0.944,0,0,101.044573470126,14.7369652572197,0,0,11.3399977923964,4.50554594687578,0.09325,0.0435,0.199416666666667,0.0434166666666667
"logit",1.5,0.8,100,1000,0.726234756078426,0.101407007917463,0.190551154026821,0.431645258644647,0.229487499869899,0.690390276550463,0.655625105972672,0.431646730816413,0.229486421309761,0.6518688957543,0.0664052963173671,0.150425228792888,0.381614661098905,0.192998807549409,0.620169792636167,0.588157120920547,0.381614661098905,0.192998807549409,0,1,81.9950706749437,7.58880253107781,0.598480218834306,7.58871600376281,0.001,0.09,0.999,0,0,89.2209358571967,12.7155334794755,0,0,25.3514357822144,7.06645079828637,0.02825,0.0211666666666667,0.104666666666667,0.0211666666666667
"logit",1.5,0.8,200,1000,0.331051757429244,0.0544539768900995,0.0914406859327492,0.23414862366022,0.156911316299374,0.321546371525383,0.312193339432789,0.23414862366022,0.156911316299374,0.304772491557763,0.0386207677352153,0.0652704983742931,0.210446542445949,0.138824336957232,0.297296756478693,0.289452417037305,0.210446542445949,0.138824336957232,0,1,160.227538651746,10.9418947672709,0.76345457992762,10.9418947672709,0,0.164,1,0,0,129.759572332205,13.4638960783394,0,0,56.3227047708339,9.98095357534708,0.00525,0.0101666666666667,0.0378333333333333,0.0101666666666667
"logit",1.5,0.9,25,1000,14.6277609870418,1.24049611769646,6.1992626976993,2.51403539880708,3.63395120023145,12.6814372218198,10.9830668297738,4.75862237768919,2.22587737578673,11.5561449964232,0.741220856792608,4.31283254978832,2.04954925512817,2.08049064292381,9.79704663965341,8.17535172708968,3.97033236226547,1.79726666125067,0,1,7.17694934482048,2.03696554957939,0.0893295469892661,0.859706574281628,0.969,0.003,0.031,0,0,105.119990449714,70.0658505973317,0,0.001,1.8535059242766,1.71956091820191,0.32075,0.248833333333333,0.362416666666667,0.228583333333333
"logit",1.5,0.9,50,1000,4.16132858881634,0.43889670652962,1.18577344379754,1.44687611448463,0.471360859508502,3.76035708572283,3.38777767747452,1.49643373835108,0.456049591354224,3.75791322094325,0.273931596716592,0.920024434120071,1.2212395361589,0.34538190019493,3.36141333500687,3.0187717019628,1.26742297135866,0.33848531236264,0,1,16.5351387383917,3.19171189136828,0.220177501445045,2.89330367460439,0.257,0.017,0.743,0,0,95.6926130402195,22.2250862471647,0,0,4.47050036433223,2.7706761595552,0.171916666666667,0.0640833333333333,0.28375,0.0605
"logit",1.5,0.9,100,1000,1.71843473463077,0.213382535785964,0.370197970917984,0.849764105090381,0.337392141630601,1.5976304885834,1.48219794244022,0.850117300170446,0.337366293810254,1.56305563603883,0.128945444466405,0.308911933008839,0.749724570305865,0.257507172898168,1.44494015236365,1.32952944853836,0.749724570305865,0.257507172898168,0,1,35.6678608942096,4.7606166859847,0.393238557431393,4.73792729963067,0.005,0.079,0.995,0,0,72.6414094953609,13.3884974548123,0,0,10.1544168509607,4.39504401121841,0.0595833333333333,0.04525,0.19475,0.04525
"logit",1.5,0.9,200,1000,0.756003124477359,0.0974308223574531,0.150181438815749,0.456387186480149,0.243083364016001,0.71894916146142,0.682928925031695,0.456387186480149,0.243083364016001,0.705993504075603,0.060481145731465,0.12749779941747,0.404584733627776,0.197656152497272,0.67122767444801,0.634395903438499,0.404584733627776,0.197656152497272,0,1,71.3738707567327,7.09247881085209,0.581455944935142,7.09247881085209,0,0.148,1,0,0,98.0911103018319,11.9443082572158,0,0,25.3965154026199,6.58280369794134,0.01475,0.0266666666666667,0.111,0.0266666666666667
"logit",1.5,0.95,25,1000,32.7489240785885,2.61777136673646,14.8492403506134,3.59659610664207,11.5498990886082,28.2839873618294,24.4149221804195,10.2558817554217,5.02817509995646,25.3310349482804,1.48551031725147,9.91498764357947,2.9185779240291,6.25905804299434,21.5008477120294,18.0606370780997,8.80473816229224,3.86969136408387,0,1,3.55359098846409,1.44239937141621,0.04355454067169,0.403251152431018,0.996,0.01,0.004,0,0,118.491798690495,208.5882577996,0.003,0,1.52014436362188,2.21641321795499,0.36975,0.33725,0.4065,0.301333333333333
"logit",1.5,0.95,50,1000,8.84701054135652,0.854683136998976,2.71511576522075,2.21844066956498,0.889018105406263,7.88475250340789,7.00103706352564,2.62171051576933,0.698569511320681,7.74978793863676,0.486236063067591,2.14282807723204,1.84916461484442,0.636114451061259,6.91053038970955,6.09572638149067,2.30801682155641,0.562568776982602,0,1,9.0059119585246,2.26790056370063,0.123505525953559,1.66365529010961,0.668,0.013,0.332,0,0,69.4437771750402,38.0622034162251,0,0.003,1.92408678236177,1.69640563793543,0.252666666666667,0.116083333333333,0.342916666666667,0.10125
"logit",1.5,0.95,100,1000,3.7227999943105,0.391535484292228,0.901054074234262,1.41623235628948,0.362714927402565,3.39798605915009,3.09141198786584,1.42203490524138,0.35803071006615,3.47737770241676,0.238723952547374,0.748306921285784,1.2405608540582,0.244665427657167,3.15911444715326,2.84937200393909,1.2405608540582,0.236495810690312,0,1,17.9455462235468,3.25855819891738,0.235043250212634,3.17750936478503,0.059,0.046,0.941,0,0,89.8520674244479,19.083072641458,0,0,4.84004400111341,2.96318658906519,0.135416666666667,0.04675,0.279583333333333,0.046
"logit",1.5,0.95,200,1000,1.63465031480176,0.189324395561093,0.335545115952136,0.816063908508674,0.313199868680525,1.52130955142219,1.41259701055827,0.816131916567845,0.313051202906374,1.5320211369218,0.121280571528573,0.280734155899668,0.731412287207763,0.240531265214953,1.41178857093704,1.30854738756064,0.731412287207763,0.240531265214953,0,1,35.3479452947747,4.73813118079039,0.401424783281702,4.73071102957674,0.001,0.114,0.999,0,0,95.7182322063753,12.9184799869199,0,0,11.7147896545505,4.41273429676375,0.04725,0.0415,0.199083333333333,0.0415
"logit",1.5,0.99,25,1000,173.626845581481,11.9047250593064,82.7070515712363,6.38908422889185,99.223516966909,149.126681514109,127.945652947123,55.7200600794193,26.1803120756704,136.789981548405,6.18981449642454,58.0381162880935,4.50479146902599,71.1483255269825,114.409798608801,97.2692540734696,46.0944441092173,20.2332502331213,0,1,0.737871711785015,0.72889484891804,0.00847008611027071,0.0747179047632801,1,0.004,0,0,0,90.657054005447,NA,0.004,0,0.145584375543391,NA,0.445583333333333,0.449083333333333,0.458,0.409666666666667
"logit",1.5,0.99,50,1000,47.2145890794783,3.87747026145957,16.0019783536896,4.29239972899258,12.6376612526433,41.7565291198112,36.786914696331,12.8297966901507,3.36338385617335,41.91836866585,2.25850374945477,12.7866652258313,3.41509608332391,9.76512854565379,36.82956194403,32.1625766791854,11.5929249654492,2.73168777866519,0,1,1.88392905952882,1.08341595918652,0.0261992643199669,0.344510811112076,0.999,0.012,0.001,0,0,94.4944799721496,100.922064382406,0.012,0.001,0.432105016178552,0.687789156868784,0.385416666666667,0.370166666666667,0.426916666666667,0.270583333333333
"logit",1.5,0.99,100,1000,19.191262495658,1.68082102001243,5.38591002234383,3.20227727016782,1.82498532621287,17.1461549151213,15.2525589913202,4.27344945041554,0.788205739364173,17.3443807402168,0.977744456818046,4.45366781175773,2.72080504263783,1.27755801453161,15.2315678726531,13.3071075111172,3.86685687056878,0.6399915120631,0,1,3.88154864560952,1.50256831666836,0.0600318291905719,1.01441975243482,0.875,0.023,0.125,0,0,79.6163005768535,84.5952720041103,0.007,0.04,1.04115586185722,1.11252550681586,0.31775,0.200666666666667,0.394416666666667,0.1125
"logit",1.5,0.99,200,1000,8.75324894602744,0.907109842384505,2.03732779198759,2.40397070276189,0.358088710045467,7.91605627464308,7.1299337596116,2.44976978921034,0.304689538337887,8.170931949416,0.519101887775253,1.78702382354919,2.01959777411654,0.224274909755955,7.32899981633253,6.54093107303896,2.06510198176426,0.193649790483457,0,1,7.69664018430574,2.10180107654846,0.117941262180913,1.95275499583848,0.198,0.081,0.802,0,0,76.8359733086787,32.2738073305104,0.001,0.001,2.16802052346826,1.7638158718814,0.219,0.04475,0.348583333333333,0.0350833333333333
"logit",2,0.8,25,1000,8.03494835096955,0.81236795223764,3.271194174874,2.09380425067769,1.59781841020912,7.0453449960051,6.17411217400392,2.7490803285501,1.30778857155222,6.32286927066371,0.456367509691508,2.23528147711748,1.71002774030949,1.06430425943544,5.41489739523284,4.6390203657945,2.28744885472296,1.06276232954371,0,1,16.5936340495982,3.15386746922383,0.198026874505978,1.98847059431482,0.776,0.015,0.224,0,0,114.577783254812,32.5105121487194,0,0.002,3.4834770004463,2.03507354864945,0.27925,0.175083333333333,0.32275,0.169833333333333
"logit",2,0.8,50,1000,2.30191934918469,0.290484404343957,0.62557591739279,1.09127437412898,0.462796840076363,2.11674037509671,1.94249326575361,1.09526006715594,0.461837529783262,2.05702824910121,0.177657297214451,0.484285583321256,0.937448558721798,0.352444028289937,1.87972244782276,1.72106687292509,0.938980353245678,0.351278638377155,0,1,40.1807029336234,5.07064653433704,0.442450527810907,4.95262687117902,0.054,0.038,0.946,0,0,81.8084137284569,13.5523729622552,0,0,8.41332388919823,3.52701833145469,0.117083333333333,0.0605833333333333,0.222583333333333,0.0604166666666667
"logit",2,0.8,100,1000,0.92943861266258,0.126701771918686,0.217127833375655,0.568202111367208,0.313098069230632,0.879074288394476,0.830382703078851,0.568202111367208,0.313098069230632,0.849861535690747,0.0831371781844899,0.173261374652749,0.513520242266545,0.270415982279497,0.799854307652523,0.751371653267396,0.513520242266545,0.270415982279497,0,1,81.2082481758554,7.47320982028131,0.712801556022298,7.47320982028131,0,0.085,1,0,0,92.2158430793639,10.6247639585767,0,0,20.480560501621,5.16220949934878,0.0340833333333333,0.0378333333333333,0.1305,0.0378333333333333
"logit",2,0.8,200,1000,0.424018867799113,0.069271649930261,0.0999144891886325,0.303709357329286,0.207018785996393,0.409864165531081,0.395974275095837,0.303709357329286,0.207018785996393,0.397245637478989,0.0492695969425217,0.070997497281989,0.280379175756969,0.18294179556665,0.383308311595786,0.368869915592489,0.280379175756969,0.18294179556665,0,1,158.952894279179,11.001506598499,0.942649391880705,11.001506598499,0,0.171,1,0,0,115.36063319806,10.8703665392344,0,0,44.5391446498876,7.51477030945662,0.00958333333333333,0.0165,0.057,0.0165
"logit",2,0.9,25,1000,18.6605919206086,1.57162595366089,8.09706204092064,3.30898362502562,4.66926120824101,16.1515909398138,13.9640875836295,6.06981272745253,2.92370767100229,14.8429024735461,0.946465835401017,5.37746820384715,2.77994681564633,2.65228604510924,12.7874289666016,10.7863356712425,5.31648644006336,2.38558623622673,0,1,7.62154284620588,2.09443782882124,0.0968281113354833,0.915696802470073,0.952,0.006,0.048,0,0,136.354442705284,44.3060360254285,0.001,0.009,1.40164940521044,1.24411573174936,0.334666666666667,0.26825,0.377666666666667,0.2555
"logit",2,0.9,50,1000,5.4011781776321,0.581977686994626,1.5486207506462,1.93212857262976,0.651585524406577,4.87312069736087,4.38412288279931,1.991082181542,0.627172620640474,4.72761033020415,0.323313479617308,1.23378614004417,1.62347783345241,0.492818204019005,4.20330794909643,3.74014731127164,1.68407024795184,0.47026268366309,0,1,18.8465992961328,3.36428868085225,0.247047019197424,3.03774493718011,0.252,0.023,0.748,0,0,79.5420461145527,20.8255867271935,0,0.004,3.37197997640769,2.12988332639859,0.20225,0.09225,0.303833333333333,0.0885833333333333
"logit",2,0.9,100,1000,2.18907997596652,0.258673039564082,0.486172432087833,1.09628701003606,0.445792081925216,2.02333306564822,1.8656131527082,1.09673885168252,0.445631566086838,2.01130007915626,0.163285430457455,0.389422198312021,0.958949189655495,0.343404598521527,1.83806000711751,1.67178931191739,0.958949189655495,0.343404598521527,0,1,38.0544452100074,4.88440901150238,0.453089852305019,4.8674949606249,0.012,0.059,0.988,0,0,80.0846381794417,11.9198524154815,0,0,8.02048749026095,3.34028982421219,0.0814166666666667,0.0659166666666667,0.22675,0.0659166666666667
"logit",2,0.9,200,1000,1.00873726866009,0.131783335536629,0.190182940907165,0.621141164755187,0.34078397508074,0.954048678923823,0.901072006753761,0.621141164755187,0.34078397508074,0.911941484936263,0.0793439761604788,0.150771587898827,0.534955337808239,0.275524125259925,0.859154023981995,0.80559640123279,0.534955337808239,0.275524125259925,0,1,72.9972489093143,7.05855592466717,0.693490696355775,7.05855592466717,0,0.147,1,0,0,100.952002246614,10.3120458487562,0,0,19.5430702381574,4.91386869193126,0.0238333333333333,0.0441666666666667,0.1415,0.0441666666666667
"logit",2,0.95,25,1000,41.8150575312036,3.54744389381518,18.3421360463282,4.89175194277133,13.8157859352908,36.2220856558143,31.35787249648,13.6348909846526,6.46871125298237,33.9493148308675,1.99279326211012,12.144290349935,3.93995998429008,7.93763037789132,28.5553300743955,24.1384734223854,11.6001883774073,5.12899781579987,0,1,3.50161985837231,1.45814299816146,0.044831535431938,0.414006284132051,0.996,0.007,0.004,0,0,94.1349513966951,104.612692278914,0.004,0.001,0.642179848225569,1.79393067896762,0.379,0.34825,0.413333333333333,0.322
"logit",2,0.95,50,1000,11.8839389372007,1.18579063395836,3.45480291881443,3.09655476476527,1.1240049052821,10.6363726926802,9.48859427752191,3.50309716705276,0.935712851541625,10.4468977252694,0.724840784048468,2.67198728801503,2.64200110170901,0.821742936918761,9.27830103080934,8.1313248107999,3.05118894179537,0.758313129459707,0,1,8.48024748549835,2.20814154102119,0.124987617185655,1.73716413877265,0.596,0.013,0.404,0,0,77.1241797782738,40.9969993702571,0.001,0.046,1.63465220498108,1.3391254559979,0.273833333333333,0.143416666666667,0.365166666666667,0.129583333333333
"logit",2,0.95,100,1000,4.73531401070251,0.529099084645014,1.08827572004795,1.8748460158796,0.51785775518642,4.31182707054661,3.91351657709569,1.88259582562453,0.511927211194015,4.26033448279638,0.323836278499303,0.910650380433696,1.59843279444417,0.330373221596301,3.83721381820436,3.41918047142963,1.60184081975906,0.320337096037929,0,1,18.7037181752768,3.34232151524387,0.266192058701577,3.24758664646607,0.068,0.058,0.932,0,0,84.5224731356794,17.0185573156437,0,0.001,3.78343858992355,2.23569884519046,0.151666666666667,0.0686666666666667,0.29525,0.0679166666666667
"logit",2,0.95,200,1000,2.10343533812836,0.237514155588952,0.429732376701828,1.07318141726595,0.430247667997961,1.9473928934796,1.79823482775945,1.07321493434849,0.430197309416782,2.00587903727336,0.153523527917621,0.352292567169911,0.973267840695259,0.346810557219195,1.84053048831081,1.68389385954469,0.973267840695259,0.346810557219195,0,1,37.0125288411438,4.86255036049762,0.462193863798277,4.85781411041228,0.003,0.117,0.997,0,0,93.0427759340257,11.549102886111,0,0,9.38121348524573,3.31241813125166,0.0683333333333333,0.0614166666666667,0.2235,0.0614166666666667
"logit",2,0.99,25,1000,216.571821846929,15.4460658007054,100.628078236638,9.01448381546925,118.987629426557,186.850111209026,161.005224014128,70.7210260382376,33.4567254808562,176.248470357025,9.11236253710421,72.0091731200942,6.69033828982441,85.9275591117884,147.162940394974,124.451940583364,60.4673490636964,26.5673482603562,0,1,0.757545298250802,0.727007942655676,0.00869015057766165,0.078647639799386,1,0.005,0,0,0,98.3843855369883,NA,0.005,0,0.160963062562541,NA,0.4435,0.44975,0.465333333333333,0.418083333333333
"logit",2,0.99,50,1000,61.8084866105425,5.29133245603572,20.6765567405986,5.84243681620811,16.3520644667903,54.8328652641949,48.4746992985997,16.8399232846686,4.53573323962431,55.394062806475,2.96608275557527,16.5444675301546,4.47873306739385,12.1399757644739,47.9515918513848,41.5733977251603,15.0417089535211,3.61703241902022,0,1,2.0052483144192,1.12739157269237,0.0270178499118433,0.360901079743158,1,0.007,0,0,0,93.7790916435542,NA,0.007,0,0.231111431530757,NA,0.39875,0.380833333333333,0.433583333333333,0.298666666666667
"logit",2,0.99,100,1000,24.1627014013908,2.0832158561429,6.9711543650172,4.03562342679063,2.2087483259248,21.5835400436991,19.1947188420909,5.4194066260105,0.985461526407707,21.913281575131,1.1290374509951,5.93103008990347,3.42252830312891,1.59379257810634,19.2657055034895,16.9092154621575,4.88742181607671,0.76790869493925,0,1,4.43199264971344,1.59215078092222,0.0652211477428772,1.07361470329198,0.885,0.027,0.115,0,0,90.2908094624349,95.5114269452531,0.024,0.092,0.716197991367582,0.857120802636541,0.337333333333333,0.222666666666667,0.404583333333333,0.136416666666667
"logit",2,0.99,200,1000,11.3400824466122,1.08406993608843,2.75870556763825,3.12285382126451,0.450414481981561,10.2501479881291,9.22744696877244,3.17807560716861,0.384356970598554,10.6569663942236,0.678354500155464,2.38201211889903,2.73969156717183,0.292976122284991,9.58790299812605,8.51170955622712,2.79651760734434,0.251408081063503,0,1,8.08464661521851,2.16369543468441,0.125558212776305,2.02086300733454,0.187,0.067,0.813,0,0,97.2330910461481,32.0471237679488,0.002,0.05,1.85047944493397,1.37171884861822,0.249583333333333,0.0559166666666667,0.360166666666667,0.0466666666666667
"probit",0.5,0.8,25,1000,0.516970063689027,0.0580721585177942,0.226162379296043,0.185566332863019,0.104070930102901,0.480054744780728,0.445520254415675,0.199289620942868,0.0956924592534587,0.40143181054049,0.0388380668395721,0.149962136359497,0.15162480701075,0.0782102009523094,0.371093112309326,0.345768097972003,0.163642269437046,0.0780332898878961,0,1,45.9147426792997,5.79513596615117,0.22951041241314,4.93591296267384,0.375,0.012,0.625,0,0,135.641711747426,29.3320359449431,0,0,39.6322310129834,16.2239559390762,0.0208333333333333,0.00316666666666667,0.06175,0.00183333333333333
"probit",0.5,0.8,50,1000,0.125965542411061,0.02203824953753,0.0438889903411476,0.0778042446993186,0.0461113964811424,0.123352350716669,0.120778863640774,0.0778093787695862,0.0461081270707706,0.108925466443325,0.0167844770898202,0.0339239078268722,0.0680589053720401,0.037837367434462,0.106701038400207,0.104349282082109,0.0680589053720401,0.037837367434462,0,1,113.18694174425,9.6459955427043,0.29614515166856,9.64318168681502,0.004,0.067,0.996,0,0,189.228933555126,31.3365590961733,0,0,124.638210476663,27.5500983226011,0.000166666666666667,0,0.00308333333333333,0
"probit",0.5,0.8,100,1000,0.0407236243007958,0.0105372735379275,0.0160078360111528,0.0317187280705895,0.0243266428112422,0.0404474513282751,0.0401725387433248,0.0317187280705895,0.0243266428112422,0.0372423567209095,0.00914115742520033,0.0129510125342819,0.0286298872771864,0.0216633134530184,0.0369888613604581,0.0366980916488932,0.0286298872771864,0.0216633134530184,0,1,254.890702868571,15.0307452114912,0.319960768430087,15.0307452114912,0,0.216,1,0,0,338.097051047552,43.2860832395266,0,0,295.244270044271,41.4752669622259,0,0,0,0
"probit",0.5,0.8,200,1000,0.0153808175554658,0.00571964815289997,0.00788608260175426,0.0135069006361878,0.0118201249578594,0.015343931328911,0.0153071067852076,0.0135069006361878,0.0118201249578594,0.0137516930449762,0.00499802911505706,0.0062519709924953,0.0120495454998909,0.0105144904772204,0.013720937406111,0.0136902353974956,0.0120495454998909,0.0105144904772204,5e-06,1,479.645549425407,21.1314845780743,0.328997621394528,21.1314845780743,0,0.459,1,0,0,770.708580432855,60.2075257664006,0,0,741.423199480923,59.3131821536092,0,0,0,0
"probit",0.5,0.9,25,1000,1.27882168396242,0.109051823208107,0.570735870325703,0.319901086498751,0.253995718443306,1.14862052080277,1.03064854109691,0.422486508741462,0.198736044549934,1.00615811100767,0.0673817596248943,0.390163299919006,0.259765107336236,0.167482187854822,0.902903772847503,0.812916206349226,0.348049401883804,0.160165604749744,0,1,23.5556887140968,4.12866796216473,0.160295840736407,2.62674791998388,0.734,0.005,0.266,0,0,93.9641225424366,37.8758581133264,0,0,27.1340707711109,11.1673543025718,0.0780833333333333,0.0250833333333333,0.141583333333333,0.0140833333333333
"probit",0.5,0.9,50,1000,0.306393442640892,0.0340991508950158,0.101819973987589,0.144181735627125,0.0635133638943393,0.294053239993385,0.282067045170754,0.144685272599117,0.0632985215299541,0.273295532373506,0.0224700152972244,0.0775600559930902,0.122712869578286,0.0495492247419831,0.261436460737934,0.249471864287313,0.122970157591106,0.0487099994302511,0,1,63.6089259695917,7.15301314933819,0.256629005697319,7.0423333215296,0.039,0.021,0.961,0,0,160.440240644215,28.3480292848744,0,0,57.566147500934,20.0820832294138,0.0035,0.00075,0.0325,0.00075
"probit",0.5,0.9,100,1000,0.0959762369331216,0.0140707783658548,0.0271834495084066,0.0627602695444996,0.038833232382621,0.0945412710999238,0.0931200017847847,0.0627602695444996,0.038833232382621,0.0856237421155152,0.0100028103938167,0.0217920042714654,0.0553983322518401,0.0325521102277718,0.0843802334860116,0.083267916865371,0.0553983322518401,0.0325521102277718,0,1,160.430223096043,11.6250059917343,0.306972282714552,11.6250059917343,0,0.059,1,0,0,218.848115337503,35.6159087239462,0,0,135.400602071318,32.0432988646367,0,0,0.001,0
"probit",0.5,0.9,200,1000,0.0347762836950632,0.00661485182083897,0.0101244312445808,0.0270884274608404,0.0206992213606216,0.0345836199214933,0.0343916121541447,0.0270884274608404,0.0206992213606216,0.0320541071107235,0.00523173207347915,0.00808434434296188,0.0247966056983705,0.0184917023780718,0.0318616257957496,0.0316792642344633,0.0247966056983705,0.0184917023780718,0,1,348.901645276654,17.8064229834798,0.321687208991518,17.8064229834798,0,0.142,1,0,0,434.425655132649,51.3762911808699,0,0,385.087942610732,49.6943360805827,0,0,0,0
"probit",0.5,0.95,25,1000,2.7839910818831,0.200765797924087,1.34223700746822,0.49289941274974,0.738092221549609,2.42610008888828,2.11159077729693,0.873116639229239,0.415579805664146,2.2058747648101,0.117888528097027,0.879535527594182,0.389833311004627,0.396549962436901,1.87592200703419,1.59600075597619,0.718399043100039,0.304385387351787,0,1,12.8693586602159,2.99554375323647,0.105431378819799,1.3113322046202,0.922,0.002,0.078,0,0,64.8365777278692,49.8750378076741,0,0,13.3333868387569,7.61804984125119,0.156583333333333,0.08625,0.217166666666667,0.0554166666666667
"probit",0.5,0.95,50,1000,0.660805446239676,0.0624817470874268,0.227126757229616,0.2428698432829,0.0899862106003476,0.618467526658719,0.578072730281763,0.248859846135273,0.0881851318160018,0.580684981600457,0.0403081026598141,0.173775097781168,0.21188357744034,0.0725941054410689,0.540239581191247,0.501815372729712,0.215149139464585,0.0698640944329425,0,1,35.3916070766487,5.12619227804344,0.207683182004057,4.72184321023321,0.205,0.012,0.795,0,0,144.443092808704,27.9873924408153,0,0,28.8421440313743,13.4420767462198,0.0229166666666667,0.00208333333333333,0.08825,0.002
"probit",0.5,0.95,100,1000,0.213103439087234,0.0247011278804619,0.059858612837831,0.115941889675101,0.0563217182054469,0.207214947604994,0.201430131434657,0.115974888105755,0.0563233697549533,0.187563678870971,0.0161139271968235,0.0483695768114168,0.100353009150877,0.0439800654754268,0.181936490894879,0.177473987816523,0.100353009150877,0.0439800654754268,0,1,90.1409643919805,8.6012939648188,0.274888085396662,8.55541149516856,0.008,0.033,0.992,0,0,149.748569345573,29.7882539992704,0,0,68.9648411681002,23.7597414276299,0.00075,0.00025,0.0145,0.00025
"probit",0.5,0.95,200,1000,0.0758413184787517,0.0106871432868375,0.0187750649329499,0.0520806190477919,0.0339929927398036,0.074999677596235,0.0741636889465321,0.0520806190477919,0.0339929927398036,0.0689600812921048,0.00733189494720545,0.0147776328964238,0.0468313909831751,0.0296436865503092,0.0682477201696325,0.0673705992550482,0.0468313909831751,0.0296436865503092,0,1,206.055095481131,13.3888117267682,0.307837817040633,13.3888117267682,0,0.077,1,0,0,258.883127168044,40.7439269004993,0,0,186.35049766571,37.6470014464073,0,0,0.00025,0
"probit",0.5,0.99,25,1000,14.4425163632873,0.85404696394743,7.77080346618402,1.12559802109132,6.4548396962488,12.1291922692682,10.1741778077238,4.4339177761631,2.1639433330474,11.0357904910754,0.452793283525063,5.02514086396995,0.868514831327861,3.76440487350761,8.97428112265883,7.34005009394498,3.62366885668112,1.66492756192578,0,1,3.05240435109382,1.34587208632484,0.0302789380317934,0.251136857770228,1,0.002,0,0,0,111.988871409781,NA,0.001,0,1.72302988289529,NA,0.330083333333333,0.302333333333333,0.357666666666667,0.223
"probit",0.5,0.99,50,1000,3.4798008794169,0.259946109545134,1.40033382214642,0.646676686881316,0.576199482851791,3.08817518518471,2.7300971293405,0.968623320960122,0.330261872040858,2.98942920676887,0.156499558535911,1.10292578929591,0.541202778319696,0.390789798485177,2.60611336260945,2.27933108327149,0.879606138820255,0.272500214728768,0,1,8.58154201161327,2.30189351638013,0.0861054884672057,1.26053167734536,0.886,0.004,0.114,0,0,84.5607674729396,63.1547774803249,0,0,5.51381399653762,4.73104175639724,0.178,0.0770833333333333,0.255083333333333,0.0418333333333333
"probit",0.5,0.99,100,1000,1.12783865193397,0.0930605107092297,0.396678657722701,0.351372159570277,0.114039277600585,1.04229742738704,0.961065802218545,0.364143126869658,0.101566768907528,0.989762655799532,0.0555892866799933,0.322315568313403,0.283690744037091,0.0831761509969596,0.906979459506597,0.83600754413236,0.297582316160652,0.076856339630919,0,1,21.6067776113341,3.92246902638099,0.166280067861674,3.52386177628261,0.282,0.016,0.718,0,0,107.03348499859,29.9604888821673,0,0,12.1922115583206,9.82878820371934,0.0546666666666667,0.00525,0.14325,0.00358333333333333
"probit",0.5,0.99,200,1000,0.40151128374903,0.0385364776641575,0.117387240968837,0.182896587445139,0.0678471846625855,0.384488092465195,0.367903796837084,0.183030553145054,0.0677934778107541,0.36523059374372,0.0241452949398505,0.0965668958039666,0.156507668867999,0.0511645837344053,0.350881181806581,0.334158185602793,0.156507668867999,0.0511645837344053,0,1,53.1393576738808,6.36150208309169,0.242265900536159,6.29732953232108,0.027,0.028,0.973,0,0,127.591378052899,26.5560458409145,0,0,39.5281389162863,17.3035035110228,0.003,0.00075,0.0511666666666667,0.00075
"probit",1,0.8,25,1000,0.987133230001078,0.104356074733322,0.417616939542919,0.359548603060189,0.19663433467866,0.892429319347607,0.806327531009563,0.388035532147578,0.187074230678034,0.781513626988327,0.0625305440625693,0.281881204428926,0.2983937823679,0.155683837251277,0.71035974475148,0.641160367337878,0.327159137705213,0.153861611837306,0,1,52.1045657536503,6.19838773152136,0.35936361546253,5.21236793256542,0.379,0.011,0.621,0,0,148.721668673249,21.2907480969274,0,0,24.1252763918088,8.82927998183512,0.06025,0.0145833333333333,0.120083333333333,0.013
"probit",1,0.8,50,1000,0.261524816890294,0.0390912422370844,0.0819981170775345,0.161565155130634,0.0952195483071715,0.252758856069988,0.244205351330428,0.161566895700803,0.0952185962442839,0.224974061335364,0.027999777961668,0.0630769624883411,0.139596047527981,0.0785370450866371,0.219117650311187,0.211529153768492,0.139596047527981,0.0785370450866371,0,1,134.675377287661,10.046113444351,0.528264714672186,10.0411729950011,0.002,0.043,0.998,0,0,129.253050490744,18.7327140469968,0,0,63.784588969267,14.3914684498494,0.00208333333333333,0.0015,0.0225,0.0015
"probit",1,0.8,100,1000,0.0846999884047941,0.0174800045239349,0.0258241557971083,0.0655130208305023,0.0497011316606065,0.0836820562713599,0.0826720494991485,0.0655130208305023,0.0497011316606065,0.0754292624709808,0.0136410535728503,0.0213405335845786,0.0577000224104036,0.0435458755048825,0.0746053272201842,0.0736916268533788,0.0577000224104036,0.0435458755048825,0,1,312.969002713535,16.065241585652,0.612408561069955,16.065241585652,0,0.137,1,0,0,223.802476210759,24.3527267956926,0,0,167.341694983473,22.3297083133372,0,0,0.000916666666666667,0
"probit",1,0.8,200,1000,0.0298233871193555,0.00858130180820853,0.0117226837406605,0.025867264847403,0.0223154951695132,0.029688205956118,0.0295534239255456,0.025867264847403,0.0223154951695132,0.0270760897997595,0.00727312787042943,0.00971822036925368,0.0232415182585538,0.0200134788091098,0.0269691905963621,0.0268625595114063,0.0232415182585538,0.0200134788091098,0,1,625.463555811091,24.0690090350979,0.646464797940649,24.0690090350979,0,0.312,1,0,0,473.090982898751,33.8903218649661,0,0,433.442278149822,32.9155894479489,0,0,0,0
"probit",1,0.9,25,1000,2.37403418180933,0.18878688177483,1.10568760560744,0.621863340618533,0.472566657697606,2.07498057047309,1.81085119342662,0.803231510579897,0.37869730082998,1.93116881424507,0.106286283698325,0.820988528767647,0.502260073894214,0.325174337574807,1.69161413847087,1.47300245705755,0.67405944417011,0.305566132417161,0,1,27.8776805401728,4.26848509129125,0.23044400699713,2.79616487224352,0.745,0.005,0.255,0,0,84.7597379229924,30.3995430962635,0,0,11.7381162203385,5.81459593295156,0.146333333333333,0.0599166666666667,0.20825,0.0498333333333333
"probit",1,0.9,50,1000,0.592527945071396,0.0623132378217389,0.193490349491172,0.285427647034509,0.128689084591523,0.55775262774547,0.524442628201948,0.286510651466575,0.128252420986288,0.517823982066489,0.041115345363878,0.147742825187851,0.242227872943418,0.103650352898245,0.489007330991918,0.458472224445433,0.242848590633031,0.102342051782069,0,1,77.697247095488,7.59022765028285,0.436977703269185,7.42913249133464,0.047,0.019,0.953,0,0,131.361903908369,18.060989565486,0,0,28.6480066181108,10.2791416032129,0.0163333333333333,0.00666666666666667,0.0798333333333333,0.00666666666666667
"probit",1,0.9,100,1000,0.19111048460372,0.0241381165330005,0.0548473036178742,0.123347330224181,0.0750939935688438,0.18626860231764,0.181504141004815,0.123352119057503,0.0750867213381107,0.172145590328063,0.0162842348760215,0.0418578955873557,0.108937248837429,0.0641993462115826,0.167144982241496,0.162807205649151,0.108937248837429,0.0641993462115826,0,1,182.812728335195,12.3346484935735,0.561569272443118,12.309545595867,0.002,0.04,0.998,0,0,128.562817495576,20.5192990770026,0,0,76.6341485422573,17.1403735166934,0.00025,0.000583333333333333,0.011,0.000583333333333333
"probit",1,0.9,200,1000,0.0681935372954135,0.011292407657584,0.0175094450632868,0.0531461108792887,0.0405458484589196,0.0675038986483577,0.0668184749939164,0.0531461108792887,0.0405458484589196,0.0616862917600698,0.00820706361940471,0.0140248024293069,0.047609077278872,0.036659749014294,0.0610528781746895,0.0604887332457925,0.047609077278872,0.036659749014294,0,1,413.598594812013,18.74572133711,0.621796118158066,18.74572133711,0,0.101,1,0,0,273.404778673247,27.7195674099603,0,0,204.996615907409,25.8821607915033,0,0,8.33333333333333e-05,0
"probit",1,0.95,25,1000,5.2485011696249,0.384794785391541,2.49457205774292,1.01073514515655,1.2577558798115,4.52912837941874,3.90241903722805,1.68502990689124,0.794334189400919,4.08811074049402,0.206559537275458,1.6695000162849,0.766170049780241,0.721233978745061,3.48638464815092,2.91927467708588,1.40007138641377,0.617939032708118,0,1,13.9610022569542,2.9999778759754,0.139720039258765,1.42179085197695,0.911,0.004,0.089,0,0,165.812141556408,59.6136679680604,0,0,4.96380014452802,3.8732572899355,0.232166666666667,0.142833333333333,0.27925,0.114416666666667
"probit",1,0.95,50,1000,1.27512650936733,0.120150221492726,0.431088258185875,0.491260027255542,0.184015395427726,1.17304978868448,1.07695242180483,0.500083901662067,0.180889153051125,1.09082705581508,0.0763055087104995,0.329626613013924,0.410831360304019,0.14075798634639,0.986602432362101,0.900632773289201,0.422458174284739,0.139434381590596,0,1,38.8242822796398,5.21526714489687,0.312715746867384,4.89095581232494,0.17,0.007,0.83,0,0,183.773982432438,20.2186186480931,0,0,14.430064988156,7.02101198166287,0.05925,0.0153333333333333,0.153416666666667,0.0148333333333333
"probit",1,0.95,100,1000,0.423855220202769,0.0450373169640964,0.125023384566138,0.228909437265569,0.110277575338871,0.405280631332868,0.387228919834283,0.228989067282731,0.110168117379019,0.376643171234772,0.0269044604130261,0.0999549698092895,0.198154814403411,0.0876848177868086,0.359269050019508,0.342599013256912,0.198154814403411,0.0872092274943328,0,1,97.0712210726724,8.82097301328095,0.478465566308054,8.79613576005703,0.005,0.027,0.995,0,0,129.916209986172,18.2462622660755,0,0,36.4143530955659,12.2461942956559,0.00541666666666667,0.00466666666666667,0.054,0.00466666666666667
"probit",1,0.95,200,1000,0.149163128693142,0.0193659099540193,0.036911571982393,0.102555038964528,0.067046396494627,0.146242322853856,0.143355864288491,0.102555038964528,0.067046396494627,0.132900238978583,0.0119919854517452,0.0298307279874169,0.0894817632123619,0.0566734817298036,0.129975387857601,0.127356629685443,0.0894817632123619,0.0566734817298036,0,1,231.317765001052,13.8963176700115,0.577895214446317,13.8963176700115,0,0.082,1,0,0,179.198725620506,22.433042592126,0,0,101.607809495895,19.2205656755867,8.33333333333333e-05,0.000333333333333333,0.00575,0.000333333333333333
"probit",1,0.99,25,1000,27.6087959288424,1.81058303051004,13.8273590097852,2.34496172623407,11.4950946545995,23.3785034607342,19.7721032491263,8.86881496143227,4.17099701343061,22.7392654599551,1.04477194543946,9.98822046962098,1.89190959076423,7.58695085722721,18.855320773912,15.561825460419,7.72263832225309,3.33050376763254,0,1,3.06537113985951,1.31952435582978,0.0330042499750886,0.269524548078459,1,0.002,0,0,0,144.445960934905,NA,0,0,1.31637851027956,NA,0.3715,0.348166666666667,0.397,0.29225
"probit",1,0.99,50,1000,6.91720497833986,0.524660523150784,2.75656886436503,1.35823880587993,1.05107675535437,6.08878715284048,5.33714199568059,1.93886500025527,0.661600184421231,6.00476760915141,0.294585264759856,2.10224073292884,1.09014249947522,0.72735985424104,5.24314940810864,4.51176845559712,1.71724238346205,0.543126286364941,0,1,9.01418872620422,2.31922810904991,0.103170500070151,1.32870402673843,0.899,0.001,0.101,0,0,98.4040714356201,56.1538030158859,0,0,2.18622423138288,2.40699217741239,0.256083333333333,0.13875,0.315916666666667,0.099
"probit",1,0.99,100,1000,2.18702170851987,0.186758042039107,0.741251848536501,0.71946784357411,0.219405507690125,1.98292647503795,1.79199382595194,0.739228261590444,0.208358441386951,1.92507261788279,0.110418544774704,0.629289712317826,0.613640291287195,0.170054530348347,1.71101065525701,1.5285366086778,0.626818035336444,0.158643019063217,0,1,22.432325385539,3.85845375018942,0.229385710777918,3.51711599653039,0.261,0.013,0.739,0,0,105.290101520448,23.9749680001386,0,0,7.23786126399083,4.81932600227091,0.116833333333333,0.0195833333333333,0.21925,0.0183333333333333
"probit",1,0.99,200,1000,0.799071119041798,0.0774547323461555,0.242887122711398,0.374080859796529,0.146041872395847,0.750193248104778,0.703185701079488,0.374267057200894,0.14593513067776,0.721130761282411,0.0450067521149101,0.195449669237458,0.316443122928317,0.102785304965348,0.675306234247518,0.628675574026743,0.316443122928317,0.102785304965348,0,1,55.8753255023665,6.30959096748655,0.384745008497744,6.27093252131571,0.02,0.032,0.98,0,0,103.574877508461,17.2660783386013,0,0,18.7160687456212,8.65291666153364,0.02325,0.0116666666666667,0.10825,0.0116666666666667
"probit",1.5,0.8,25,1000,1.51491473353385,0.156546758711233,0.649669340944271,0.561656064848198,0.324168455781694,1.35659617458244,1.21345811443659,0.605152997363875,0.301900234677484,1.21998454346648,0.0885045255494597,0.431996417393495,0.450192771034334,0.24213722164984,1.08708957084414,0.973709667575792,0.499680864242872,0.237744369579899,0,1,60.1261232628194,6.44818105871369,0.454866249199206,5.38365742336534,0.398,0.005,0.602,0,0,83.5084218450798,17.310872547852,0,0,17.0607992027006,5.55608766833891,0.0911666666666667,0.0395833333333333,0.1625,0.0361666666666667
"probit",1.5,0.8,50,1000,0.36458923380256,0.0514947681910304,0.113927382579293,0.225084957802897,0.13272350030532,0.349144431374058,0.334170480888522,0.225121147916787,0.132754646103726,0.315041354467531,0.0338117691699811,0.0901972866766964,0.191852109359357,0.104091480268083,0.301726003174152,0.290143934401264,0.191852109359357,0.104091480268083,0,1,153.485660050236,10.8846739613997,0.741597905687346,10.8640958113943,0.003,0.031,0.997,0,0,129.327471154028,14.5844549405731,0,0,41.0335204452376,10.3739281434598,0.00491666666666667,0.00616666666666667,0.0401666666666667,0.00616666666666667
"probit",1.5,0.8,100,1000,0.12138098385392,0.0221328539809189,0.0361567148626708,0.0932196511557914,0.0701453242129995,0.119343693849076,0.117328567067775,0.0932196511557914,0.0701453242129995,0.106742572160258,0.0169780937175351,0.0295050708025231,0.0825349993205771,0.0611416116106104,0.105365200135572,0.103332310647446,0.0825349993205771,0.0611416116106104,0,1,351.175744123864,16.883369139775,0.890962499322689,16.883369139775,0,0.114,1,0,0,178.047568348074,17.9885644076464,0,0,115.240117261401,16.1397884294926,0.000166666666666667,0.000333333333333333,0.00308333333333333,0.000333333333333333
"probit",1.5,0.8,200,1000,0.0428369890794175,0.0107093103871029,0.0150802622145346,0.0370631826031689,0.0318649926986265,0.0425632429697662,0.0422905984509339,0.0370631826031689,0.0318649926986265,0.039035404964162,0.00912506074983955,0.0123651638995145,0.0343392065832777,0.0292481309342794,0.0387985830699624,0.0385239454199986,0.0343392065832777,0.0292481309342794,0,1,751.93157053953,25.4413315694768,0.954078523941294,25.4413315694768,0,0.231,1,0,0,349.642374372689,24.8137366402274,0,0,303.622251117862,23.6366781899332,0,0,0,0
"probit",1.5,0.9,25,1000,3.50626255026006,0.292136826790056,1.56921547282981,0.957825102396136,0.665534067723712,3.06192769055627,2.67069302087098,1.2047937428109,0.560822961552743,2.78926571030485,0.164261356536245,1.0934505831284,0.765186300180203,0.454077340586639,2.427440663914,2.06788316532441,1.01951340507535,0.451674907095448,0,1,32.3610409728093,4.40219576331537,0.273105159739959,2.90180615735637,0.714,0.004,0.286,0,0,129.238770055077,28.0490700843133,0,0,9.02115576068431,3.6862838719701,0.18175,0.08425,0.24525,0.0776666666666667
"probit",1.5,0.9,50,1000,0.899788238873209,0.094403190791268,0.292034336924587,0.445888101506468,0.205506880366949,0.838920447512052,0.781034772451841,0.446925147919911,0.205238074541087,0.765698115599623,0.0594684142777274,0.221000094902701,0.378696166005543,0.163901259953711,0.711956758282698,0.66304144225599,0.378696166005543,0.163680809778836,0,1,79.4754238438447,7.53570877677146,0.55826548754552,7.43914124906159,0.043,0.012,0.957,0,0,140.184459382732,14.4312140680132,0,0,19.1501224685018,6.96576793309916,0.03475,0.019,0.119583333333333,0.0189166666666667
"probit",1.5,0.9,100,1000,0.283260884559312,0.0347302742686514,0.0789128997552079,0.185336748664667,0.114763895889987,0.273803832724781,0.264547622685238,0.185344761735086,0.114758474204858,0.256467929886279,0.0230187025083525,0.060695313558717,0.166037722121141,0.0961386109409218,0.24774572830347,0.239336657462335,0.166037722121141,0.0961386109409218,0,1,199.433134895975,12.506371120526,0.786148173534398,12.4948593161961,0.003,0.043,0.997,0,0,119.737926814634,15.0714140196923,0,0,55.2784051943225,11.5290911682266,0.00175,0.00333333333333333,0.0254166666666667,0.00333333333333333
"probit",1.5,0.9,200,1000,0.103110327743015,0.0148664067048627,0.0276977017031509,0.0795646684733436,0.0599980036363638,0.101638539701366,0.100179379992501,0.0795646684733436,0.0599980036363638,0.0912730408386867,0.00995693379094192,0.0228767789336395,0.070452002178591,0.0518940102801126,0.0899680954467687,0.0884992799382014,0.070452002178591,0.0518940102801126,0,1,464.80369464492,19.8961318468107,0.913120110924661,19.8961318468107,0,0.078,1,0,0,238.937212545973,20.2311227144197,0,0,143.815151653535,18.3500194875349,0,0.00025,0.00116666666666667,0.00025
"probit",1.5,0.95,25,1000,7.93067832136565,0.63213348989495,3.72720747237218,1.61523062437716,1.89342553710966,6.85907911163937,5.92625276491123,2.60286641425592,1.24625098362541,6.12345188719996,0.337991977895206,2.48155255553826,1.28030056364202,1.11066625737682,5.25046225343374,4.44695869324373,2.14910250321977,0.931130747212871,0,1,14.1401238439837,2.9821959260725,0.152357453094994,1.46192376656509,0.898,0.004,0.102,0,0,411.901116940521,43.7277505001495,0,0,2.26391334826664,2.38577166411373,0.264083333333333,0.182083333333333,0.316916666666667,0.165333333333333
"probit",1.5,0.95,50,1000,1.85185006535638,0.168903965405611,0.661381639520565,0.737980763890162,0.290382099804703,1.68167000831785,1.52321135829099,0.750382027962431,0.285172926938363,1.63110307394,0.0985630107119024,0.512079666023739,0.618703478527348,0.215488104987224,1.46635367196084,1.30388829410847,0.630413687503348,0.211546140247005,0,1,41.9670010593613,5.24796495978754,0.383595118568538,4.91202270691859,0.174,0.01,0.826,0,0,164.93899243031,16.9941579835078,0,0,10.7282447513575,4.63725408188197,0.0968333333333333,0.0321666666666667,0.19675,0.0314166666666667
"probit",1.5,0.95,100,1000,0.608854141139149,0.0619483175339362,0.18263540105555,0.335838015167165,0.166444435407541,0.575755522887964,0.543824189473116,0.335900219422419,0.166424910395609,0.541359610687922,0.04033391521439,0.147089744285347,0.29111177492898,0.132388978545042,0.511644977236531,0.481474767682158,0.29111177492898,0.132388978545042,0,1,107.331272601083,8.92443779153201,0.637859727905585,8.88886114734076,0.009,0.028,0.991,0,0,120.111856020065,14.0321324129253,0,0,26.1636022474613,8.29311500334415,0.0150833333333333,0.0124166666666667,0.0844166666666667,0.0124166666666667
"probit",1.5,0.95,200,1000,0.22278505193802,0.0254445374225421,0.0606350746850326,0.151455157264252,0.0976791052027127,0.216778944816593,0.210869987337877,0.151455157264252,0.0976791052027127,0.204414679446029,0.0164218910368815,0.0478120673735611,0.13652114979168,0.083895093714559,0.198511148305254,0.193035046653859,0.13652114979168,0.083895093714559,0,1,260.369606291872,14.3755719168638,0.820725754516651,14.3755719168638,0,0.044,1,0,0,135.519853436701,16.43052050452,0,0,65.3989931704945,13.290860176621,0.00025,0.00225,0.01675,0.00225
"probit",1.5,0.99,25,1000,41.0711091349113,2.66680093024189,21.1056672963799,3.56067384924947,17.3236184021427,34.9302953166306,29.6696467882994,13.1026874557341,6.36199491688055,33.3249792663645,1.49716522259551,14.386504500386,2.88640453647668,10.3256106684487,27.1846058698386,22.3459180438139,11.1770728476448,4.97451209403954,0,1,3.18968828573965,1.37468964553011,0.0335898256090599,0.284397377721289,0.999,0.002,0.001,0,0,136.186157760735,2304.41078204174,0.001,0,0.928301863690434,1.09432629903318,0.394833333333333,0.374666666666667,0.415833333333333,0.329416666666667
"probit",1.5,0.99,50,1000,10.0795651655355,0.815019914574286,3.83550308963895,2.11266701796084,1.4165610508536,8.87179385004817,7.77898964786088,2.87605918054,0.959820347073917,9.10322381932017,0.474636691135404,3.20364924782124,1.72912915384858,1.06441323126398,7.94363220878956,6.79253399152486,2.61026517476615,0.787405520128896,0,1,8.73120461687411,2.27909402899935,0.11174007888659,1.38828095012343,0.861,0.005,0.139,0,0,124.776056148197,56.3734826852166,0.001,0.001,1.46048683493887,1.59001588614119,0.288666666666667,0.173166666666667,0.347333333333333,0.144666666666667
"probit",1.5,0.99,100,1000,3.28954184620107,0.278280922741823,1.12132245522662,1.0943118363895,0.344740542302989,2.96100957782294,2.65534237250902,1.12372299062801,0.323304168693193,2.87934752934693,0.157268127293232,0.895177592155667,0.895750071742649,0.25296268034776,2.53196661301266,2.2519573422194,0.924047588114317,0.237019398924727,0,1,24.3283133404479,3.94235663497007,0.266343964410637,3.56906004137828,0.247,0.006,0.753,0,0,96.0734805196534,20.9387411225756,0,0,4.6724920445677,3.26012521833007,0.157583333333333,0.04325,0.257,0.0400833333333333
"probit",1.5,0.99,200,1000,1.17035545046981,0.109500673313007,0.352076508634046,0.55359994827916,0.216105081172494,1.08530336562542,1.00417141811804,0.554188127449059,0.215590099657386,1.04207925582558,0.0628588719744313,0.289721183054927,0.475087905607713,0.156689996425642,0.962910011147486,0.888981417075797,0.475087905607713,0.155920891573395,0,1,58.3582437040533,6.37368862845432,0.487605501722951,6.30972856927021,0.023,0.027,0.977,0,0,105.252027074612,14.1869746939299,0,0,12.9591391055054,5.82084549852425,0.046,0.0215,0.15225,0.0213333333333333
"probit",2,0.8,25,1000,1.98196349442862,0.226479303813712,0.802101545271642,0.785650420131329,0.437883923279467,1.77325266666507,1.58546821581562,0.828295126388813,0.412631129094835,1.58443749828802,0.128072938618057,0.542567924624016,0.637788272263267,0.317957285507641,1.40822492555292,1.25144791814274,0.679143763151745,0.316516728354579,0,1,55.9822116238685,6.20630168590984,0.505100931300056,5.41935393303841,0.3,0.016,0.7,0,0,78.9205778228372,15.9742429567372,0,0,11.8071418945374,4.46053954373395,0.114166666666667,0.0541666666666667,0.192166666666667,0.0529166666666667
"probit",2,0.8,50,1000,0.477591300059872,0.0648720300506805,0.148651105729981,0.299963306173794,0.180764899621942,0.454227929859028,0.431694776276313,0.299979900495383,0.180763312134944,0.409555509032567,0.0437890847298459,0.116546258166815,0.25174888345194,0.145779687612674,0.388782134953649,0.369279330944471,0.25174888345194,0.145779687612674,0,1,165.671356403695,10.984318143061,0.936733026048808,10.9742822424862,0.002,0.027,0.998,0,0,93.0302843970216,11.6419702461354,0,0,31.296402615645,7.75422751464412,0.00891666666666667,0.01275,0.062,0.01275
"probit",2,0.8,100,1000,0.163567300521984,0.0302418624369095,0.0442024539393019,0.127119182462396,0.096864782929324,0.160300416988437,0.157075074150269,0.127119182462396,0.096864782929324,0.145222881989955,0.0207115620598049,0.0361329131520734,0.110760468335624,0.082245034194966,0.142202061227688,0.139552739976231,0.110760468335624,0.082245034194966,0,1,379.633766867604,17.2196776018818,1.14378830149957,17.2196776018818,0,0.116,1,0,0,136.384606908739,14.0956406382857,0,0,84.7752353366539,12.1970636126951,8.33333333333333e-05,0.00183333333333333,0.00825,0.00183333333333333
"probit",2,0.8,200,1000,0.0573569653545664,0.0129594845200329,0.0182773709044454,0.0495234240311553,0.042467204560984,0.0568812009217815,0.0564078830685576,0.0495234240311553,0.042467204560984,0.0524912889030232,0.0104106191401242,0.01481940422028,0.0449209988071893,0.0378437172767255,0.0520937350422256,0.0516947400766095,0.0449209988071893,0.0378437172767255,0,1,839.807617508477,26.3947370832766,1.26555527272068,26.3947370832766,0,0.193,1,0,0,287.783502908681,19.3535213575321,0,0,239.187602597008,18.2282565358537,0,0,0,0
"probit",2,0.9,25,1000,4.71253585929,0.415263755433998,2.10962801246822,1.33511408906122,0.944413945731439,4.11426434009402,3.59043437699875,1.64166709828396,0.790630335913712,3.62075649526385,0.22825846300406,1.40175127373709,1.04921031242113,0.63874544907634,3.09380701615992,2.69341306237936,1.3702246170622,0.632545943951943,0,1,30.9917446656934,4.43146373175782,0.305541045684468,2.98420740567831,0.686,0.003,0.314,0,0,42.0828234019148,24.7387280244738,0,0.001,3.71070288162937,2.71778502849577,0.211166666666667,0.1185,0.273166666666667,0.114
"probit",2,0.9,50,1000,1.12624288288567,0.11904492328159,0.369136026305351,0.569159243515189,0.26815575529859,1.04114640535534,0.960792920516742,0.570180268182521,0.267992364047192,1.00545654673982,0.0712910157112886,0.300303922680545,0.489442523145937,0.202554532302349,0.930528641713831,0.854253496791269,0.489682320203403,0.203233927117759,0,1,86.6905455492845,7.75411368282771,0.664022701145553,7.65886799057043,0.032,0.017,0.968,0,0,95.016558508839,12.5682326065627,0,0,15.0650964106019,5.35714327212557,0.0513333333333333,0.029,0.143583333333333,0.029
"probit",2,0.9,100,1000,0.378756554301742,0.048276858552814,0.099887613173916,0.252755434911058,0.160311004536887,0.36412262095777,0.349850590672278,0.252755434911058,0.160311004536887,0.338662666742567,0.0307034132532049,0.0786373259355558,0.222500687371397,0.131089374034986,0.325478663793874,0.312521981745477,0.222500687371397,0.131089374034986,0,1,208.292953363486,12.5144578960894,0.983106960507054,12.5144578960894,0,0.052,1,0,0,121.847026181889,12.2759881845534,0,0,42.7954427995337,8.69594405058473,0.00308333333333333,0.0101666666666667,0.046,0.0101666666666667
"probit",2,0.9,200,1000,0.134465446941661,0.0199835012535374,0.0326498377647709,0.104987272746763,0.0802005510894517,0.132102911571179,0.12976534731898,0.104987272746763,0.0802005510894517,0.121371554014632,0.0131002149330538,0.0260133852932628,0.0934750878208732,0.0708801131459895,0.119198530205544,0.117388992661654,0.0934750878208732,0.0708801131459895,0,1,478.572964413168,19.8578393610342,1.17540095185304,19.8578393610342,0,0.086,1,0,0,167.871402531776,15.6104488829526,0,0,106.722150310747,13.794116543344,8.33333333333333e-05,0.000916666666666667,0.00466666666666667,0.000916666666666667
"probit",2,0.95,25,1000,10.2456702637289,0.810602884112898,4.77146585967618,2.14355388044446,2.35138052427903,8.84979974289212,7.63768006858788,3.3225855784158,1.5821910042472,8.03505589898258,0.445577305655866,3.3357569549709,1.65651921401171,1.35128418858223,6.78955587483602,5.685749927122,2.83603704672884,1.25311915163932,0,1,15.322072678597,3.00821949784825,0.159557684458329,1.52355452205784,0.9,0.001,0.1,0,0,40.9129392582053,36.5319122243345,0,0.004,3.05096123969232,1.87294399694278,0.290666666666667,0.20675,0.336833333333333,0.192666666666667
"probit",2,0.95,50,1000,2.44296488168973,0.245267557197026,0.831075815639913,1.00202052411491,0.403220069472565,2.21286444985478,1.99924883433374,1.01533247104169,0.398966612909689,2.08062763781953,0.134005875312837,0.650522622124149,0.827484275050023,0.286019458874353,1.86346144925232,1.67777947619141,0.843569486764894,0.279563152460283,0,1,42.7168706945805,5.24071553648472,0.432752654278977,5.00930138032273,0.129,0.013,0.871,0,0,94.6649769082914,15.5873555728308,0,0.001,6.98927429781162,3.58703873185507,0.119333333333333,0.05175,0.226166666666667,0.05075
"probit",2,0.95,100,1000,0.804121902984645,0.0752849588617846,0.250133895759738,0.439609344239978,0.214855306520639,0.753782868525678,0.705491584137532,0.439748293237671,0.214744980032522,0.716744391961654,0.0483275922889034,0.197559088260571,0.383059603140096,0.169072372828011,0.670402123094675,0.62530067105159,0.383059603140096,0.169072372828011,0,1,108.497596542245,9.08936882921711,0.77519149904749,9.05472645897023,0.011,0.01,0.989,0,0,113.695984521483,11.7937506541297,0,0,20.2918686254422,6.21953495364829,0.02625,0.02,0.1115,0.02
"probit",2,0.95,200,1000,0.294050700090182,0.034674750887618,0.0750868887010251,0.204078940443861,0.135023763446767,0.28460619078521,0.27534597493717,0.204078940443861,0.135023763446767,0.270878272137246,0.0227194634079222,0.0613456920897928,0.181903822255135,0.114695668651911,0.262051746678288,0.254127681515253,0.181903822255135,0.114695668651911,5e-06,1,252.324707289894,14.1509802820677,1.0321702595725,14.1509802820677,0,0.055,1,0,0,135.090831385632,12.916317940901,0,0,52.7904780610156,9.99895876231864,0.00116666666666667,0.0065,0.0316666666666667,0.0065
"probit",2,0.99,25,1000,56.7816449741357,3.81444513213997,28.7538283559267,4.89366914137666,24.0296918422537,48.6889938559234,41.720466076245,17.9822120305332,8.74854259392306,44.5095419459059,2.05621449515924,19.5194241120978,3.72122049731051,15.0852840705058,36.8621854596632,30.8578588400144,15.3493823037104,7.13050941361971,0,1,3.12891976625691,1.40794143737076,0.0328883057319095,0.294018020810332,0.999,0.002,0.001,0,0,1182.10943777673,112.283796273941,0.002,0.001,0.811527984032181,0.858301417582244,0.408583333333333,0.39375,0.429583333333333,0.34975
"probit",2,0.99,50,1000,13.1107654107793,1.06992649760626,5.06483320846773,2.76744909874711,1.90454278329942,11.5542008916851,10.1468446713288,3.74698696430103,1.26717032847466,11.314047158642,0.578344004249568,3.98296826304616,2.25843182957455,1.33287187149489,9.81305497936192,8.36351027344459,3.24023178167047,1.04322347961909,0,1,9.99197008845858,2.41834769068493,0.12044906989818,1.45993940451934,0.851,0.003,0.149,0,0,125.101520860053,51.4560124534137,0,0.024,1.43877605370597,1.27897124709546,0.307833333333333,0.2045,0.363,0.16875
"probit",2,0.99,100,1000,4.2293319362389,0.363233739396232,1.40704997533561,1.45312391821224,0.451477711790887,3.78681490170435,3.37720523659071,1.48227148813304,0.432004095113854,3.7689681580906,0.224935839569495,1.15370533837318,1.24122007085554,0.343967082542809,3.32933425589988,2.91837260014243,1.26473741138641,0.323656018338364,0,1,24.4633131893658,3.94822956280367,0.295372102204981,3.62067613198154,0.206,0.011,0.794,0,0,77.2267062627308,20.0064733874439,0,0,3.83450179297753,2.47469833510865,0.184833333333333,0.06125,0.281416666666667,0.0576666666666667
"probit",2,0.99,200,1000,1.53352513137132,0.144643068865492,0.463039152508936,0.739733384144012,0.298586142952795,1.41188720571379,1.29645949855524,0.74039877583573,0.297662840982072,1.36897126422117,0.0860967701673433,0.390727343290743,0.64647278138063,0.221573040720529,1.25193478951217,1.14231817015294,0.64647278138063,0.219819320444581,5e-06,1,60.1621702885284,6.43427500342451,0.566915759280815,6.37561600095364,0.018,0.021,0.982,0,0,69.7178099768164,12.3640452765966,0,0,9.20858123518394,4.35305570513735,0.0689166666666667,0.03625,0.184916666666667,0.0360833333333333
"cloglog",0.5,0.8,25,1000,3.18870411953955,0.213879375902782,1.5516822388687,1.2086936589646,0.693210907865707,2.96221796056791,2.74866922234253,1.24785670217868,0.647018128113755,0.493501579034367,0.0439938424924148,0.209172980794644,0.167916627620171,0.0900250465274196,0.455394293409125,0.423985748221688,0.19010319148873,0.0866320955384405,0.00212,1,77.9118678069876,6.0128547044761,0.294985027772866,4.68943163491289,0.411,0.022,0.589,0,0,133.838042439928,26.236830698432,0,0.055,42.1054522907695,13.0844990285459,0.0666666666666667,0.0300833333333333,0.104416666666667,0.0283333333333333
"cloglog",0.5,0.8,50,1000,1.31480389668474,0.337818941210103,0.249840123423721,0.997210422460172,0.748113026441886,1.27740220893735,1.24072254831421,0.997221386645709,0.748120109965242,0.113683625028228,0.0204211513421065,0.0357212609218723,0.0705815339419023,0.0426805338308446,0.111634252669517,0.109878938408084,0.0705815339419023,0.0426805338308446,0.0031,1,100.65548308894,8.90830005127807,0.454528979204385,8.77530891685369,0.006,0.18,0.994,0,0,140.503293704038,24.8869523314467,0,0.067,54.2865824335276,21.2581128143854,0.0245833333333333,0.0520833333333333,0.0675,0.0520833333333333
"cloglog",0.5,0.8,100,1000,0.63607189121456,0.367281626689025,0.234417957328221,0.589731182450795,0.546504070169283,0.630048227330256,0.624067883100538,0.589731182450795,0.546504070169283,0.0381680027005562,0.01375488472549,0.0137621887825314,0.0322542633103535,0.0262865799911271,0.0378501284741501,0.0375339147138284,0.0322542633103535,0.0262865799911271,0.00405,1,191.720384585192,12.3710192952598,0.625555296743601,12.3710192952598,0,0.69,1,0,0,225.61050032003,28.6733002003967,0,0.027,150.748152073237,27.0215698825665,0.02975,0.0618333333333333,0.0691666666666667,0.0618333333333333
"cloglog",0.5,0.8,200,1000,0.491228967420875,0.44075483580686,0.401974719999871,0.486755562825973,0.482355162368628,0.490333373448149,0.489440800318224,0.486755562825973,0.482355162368628,0.0734134847128795,0.0572945480351563,0.0446925750203674,0.0725906736313792,0.0717798047863945,0.0733597271219478,0.0733060201419933,0.0725906736313792,0.0717798047863945,0.00405,1,252.954453875721,14.4601524238767,1.08949955736467,14.4601524238767,0,0.991,1,0,0,264.917698592885,20.9007446097681,0,0.032,233.291253579897,19.2727465069908,0.0566666666666667,0.06475,0.06525,0.06475
"cloglog",0.5,0.9,25,1000,5.34707189310762,0.325265360536879,2.58178927586368,1.69933122886086,0.970876151424964,4.88577109946129,4.46081191145931,1.90925821073217,0.798075281097235,1.21958915672325,0.0587311089555325,0.569335417187579,0.240607652625376,0.210538297178549,1.04221897112301,0.912184983759713,0.381895620959224,0.174530568809531,0.0018,1,34.3998941494359,4.67104947107076,0.189329252052515,2.62287603224725,0.811,0.001,0.189,0,0,186.889176747156,36.9547937841185,0,0.049,44.0782439021483,8.26079070846218,0.133916666666667,0.0635833333333333,0.171083333333333,0.042
"cloglog",0.5,0.9,50,1000,2.34081571400924,0.549142724114361,0.482800941896092,1.53319183975638,1.00768329126904,2.26366547956712,2.18834601422606,1.53401455330653,1.00730089184011,0.240702440489243,0.020150367767648,0.100678325579079,0.103384422574048,0.0429542882992614,0.229738003636454,0.218571119219721,0.104275828942251,0.0419199353095272,0.00322,1,159.211975456016,8.79400348608876,0.332546454271242,7.71526683632408,0.075,0.063,0.925,0,0,134.656695697186,28.2568926568451,0,0.083,3.9433589579043,19.6547438944611,0.0425833333333333,0.0515833333333333,0.0859166666666667,0.0515833333333333
"cloglog",0.5,0.9,100,1000,1.19228159164207,0.642353629746547,0.453334571661981,1.03800309853705,0.909019992881388,1.17854002308523,1.16492582060131,1.03800309276268,0.909019962111979,0.0755898639834605,0.0116847487985351,0.0251385608633486,0.0524120138262203,0.0344126022402517,0.0744815555227705,0.0738037108382657,0.0524120138262203,0.0344126022402517,0.0036,1,185.355613567611,12.1078830856258,0.434105072898578,12.1041596993261,0.001,0.352,0.999,0,0,98.4860456003917,32.499659151772,0,0.037,25.5853897964867,29.3827548434356,0.0435833333333333,0.0733333333333333,0.0851666666666667,0.0733333333333333
"cloglog",0.5,0.9,200,1000,1.18412052417326,1.05325479119519,0.958571650022181,1.16763555141183,1.1516397831102,1.18152302527113,1.17893658888315,1.16763555141183,1.1516397831102,0.216108158484183,0.146601237868322,0.107411043881359,0.209486677527817,0.20058961797105,0.215809658617727,0.215511570420139,0.209486677527817,0.20058961797105,0.004095,1,268.924745185262,13.7258130586908,0.726207958386699,13.7258130586908,0,0.857,1,0,0,145.470052404115,17.261292869763,0,0.079,91.3716754560294,14.0508023620336,0.0924166666666667,0.103583333333333,0.104666666666667,0.103583333333333
"cloglog",0.5,0.95,25,1000,11.6405428280382,0.673230445866999,6.03954244951193,2.69645717719463,2.57313145552673,10.4935435470403,9.44934925716215,3.56455855925271,1.62905377399236,2.52818211366074,0.0826325961226707,1.42035182541036,0.322143216746691,0.663307129495711,2.0891687920713,1.71391318790258,0.810718451924333,0.352408078864131,0.00232,1,55.4654758120914,4.08445435658677,0.126841692050795,1.3469375990657,0.943,0,0.057,0,0,NA,46.4038169131542,0,0.036,NA,0.416674318437724,0.21325,0.139333333333333,0.239333333333333,0.0869166666666667
"cloglog",0.5,0.95,50,1000,4.8402012299264,1.18635887319168,1.09056813417604,2.81469665779795,1.65616713089823,4.65917759685874,4.48350167047212,2.82648836167063,1.64819079482861,0.520020397400236,0.0254100710734297,0.249811285044647,0.15595806311498,0.0713190679412082,0.479574874946198,0.448370920502849,0.172012851762032,0.0643356337540363,0.0033,1,107.977860520235,7.36651762098573,0.252183460977863,5.6209680349089,0.393,0.044,0.607,0,0,105.096080840894,28.6786273126294,0.006,0.117,1.45812321186324,12.7486812385555,0.08375,0.064,0.132,0.063
"cloglog",0.5,0.95,100,1000,2.44494058436783,1.34397400702504,0.963212892569046,2.05125019304091,1.73531054005177,2.41343095472497,2.38226621898701,2.05127679888747,1.73526250219756,0.172441446831673,0.0168260485287912,0.0647606506079039,0.0927069566722999,0.0481329409706215,0.169061339427652,0.165574305107155,0.0927069566722999,0.0481329409706215,0.00384,1,221.893868634784,11.2092021774398,0.333298031054723,10.698480668891,0.013,0.295,0.987,0,0,80.5302745722709,32.0373553150748,0.001,0.073,9.41352680477752,25.5249765905957,0.0675833333333333,0.0956666666666667,0.115833333333333,0.0956666666666667
"cloglog",0.5,0.95,200,1000,2.26494386747031,2.02072521380674,1.84565727869613,2.22126314498342,2.17948186121472,2.25940270483825,2.25388814163158,2.22126314498342,2.17948186121472,0.340933098959634,0.231728424200592,0.152737368148966,0.319328546435382,0.308892973674056,0.339252219800133,0.337578612771619,0.319328546435382,0.308892973674056,0.003965,1,280.315073600197,13.393651475024,0.506580051561922,13.393651475024,0,0.668,1,0,0,74.1309342663743,17.7488703644701,0,0.122,28.2368786628266,12.2953367085654,0.1175,0.127583333333333,0.130916666666667,0.127583333333333
"cloglog",0.5,0.99,25,1000,52.3112801677964,2.7858212040446,28.2409892396718,6.54435756714318,18.5603886415452,46.1089330622801,40.6127865855699,17.1346802040964,7.79176067520125,13.8439235393356,0.333785347929599,8.51657845529595,0.784517846984666,6.25958314859531,11.1061248376032,8.83117284825268,4.37424697302559,2.03924996804303,0.0022,1,4.86232608964946,1.60756706142854,0.031387593442624,0.267598814699946,0.998,0,0.002,0,0,NA,28.5416853860594,0,0.002,NA,0.0459600308259702,0.369833333333333,0.344833333333333,0.365583333333333,0.251666666666667
"cloglog",0.5,0.99,50,1000,30.3596362326481,7.06443823719679,7.78922518694718,12.0008941426329,6.24777276178166,29.0636732692001,27.8246962923283,12.6022772837307,5.75960189488046,2.98722040867487,0.0894053542174486,1.75995016293607,0.415267359393874,0.738389665554355,2.58907918538637,2.20597004662736,0.815072036267571,0.334474793873306,0.00404,1,17.7420501623764,3.40188928516866,0.102180439994634,1.51076482604211,0.81,0.037,0.19,0,0,110.357906976652,53.2653001352017,0.037,0.151,0.248265344872109,0.306570238383815,0.247833333333333,0.171166666666667,0.277416666666667,0.125833333333333
"cloglog",0.5,0.99,100,1000,12.1521771753939,6.38588297805038,4.89475631439559,8.49205179627079,6.24883420784783,11.9616652924379,11.774454312796,8.51483647698254,6.22181900766769,0.87193771189017,0.0347828019514574,0.500388758220231,0.23465280370116,0.138163347478112,0.826394314016001,0.770403213822721,0.268672827006665,0.1029368542265,0.00366,1,64.448596960847,6.84292318392246,0.176686039093757,5.02158850595912,0.374,0.232,0.626,0,0,70.2373673498636,33.828319558186,0.058,0.183,1.72382783258568,3.31753335756157,0.155,0.131833333333333,0.198083333333333,0.1285
"cloglog",0.5,0.99,200,1000,10.71975081825,9.45599965647484,8.60198708201075,10.235771113829,9.80593676952419,10.6878337022624,10.6560982588334,10.2358057633424,9.8059282432832,1.60681631435047,0.88416435624492,0.62795846209838,1.35888234272551,1.10122185931582,1.59271760178872,1.57419950174672,1.35888234272551,1.10122185931582,0.00396,1,211.515093891122,11.2561696804323,0.237492087371096,11.0522209618803,0.029,0.542,0.971,0,0,56.9748610043537,22.3483227339667,0.06,0.212,4.47381084130947,5.82033926454455,0.181583333333333,0.19325,0.204333333333333,0.19325
"cloglog",1,0.8,25,1000,4.0360923177905,0.260065229603923,1.98623857258669,1.5974494073322,0.871129235263032,3.72918752555686,3.44363956527496,1.66014253547576,0.779508645904679,0.969242216527348,0.0715406133061398,0.394503626652295,0.32846570906255,0.174586283126306,0.85112259841518,0.757131024852118,0.369567165087255,0.169588379685058,0.0022,1,99.9537972128809,6.65952076836893,0.427518814956516,5.12887090196711,0.442,0.009,0.558,0,0,145.633784820828,20.4952308882672,0,0.067,22.5884661767705,7.4135098445089,0.10525,0.0465,0.152583333333333,0.0413333333333333
"cloglog",1,0.8,50,1000,1.37908833230055,0.347944037846081,0.266186614934682,1.03272292521469,0.76917012362408,1.33781946403786,1.29739146304512,1.03272547030569,0.769164805593723,0.204715504386259,0.0279292369508584,0.0709263196158201,0.12502774593078,0.0728133609785892,0.197321014955361,0.190853027764736,0.12502774593078,0.0728133609785892,0.0033,1,866.45090310643,12.35710872685,0.665410815168406,10.2945431340805,0.011,0.122,0.989,0,0,103.277107070731,16.7254848924897,0,0.075,13.2376229523317,12.856979205831,0.0271666666666667,0.0485833333333333,0.07025,0.0485833333333333
"cloglog",1,0.8,100,1000,0.545603423124499,0.30225724374495,0.189543384932533,0.501783823015204,0.461416742201979,0.539722211585209,0.533888799513318,0.501783823015204,0.461416742201979,0.0511566031607462,0.0144639300339921,0.0174725110019017,0.0435369113954556,0.0360786252834004,0.050718888607344,0.0502684416380602,0.0435369113954556,0.0360786252834004,0.00355,1,283.576357160679,14.9640967784151,0.8803680884772,14.9640967784151,0,0.514,1,0,0,149.653831894195,19.2692238395166,0,0.018,81.4347172624315,18.0224852863494,0.0251666666666667,0.0530833333333333,0.0585,0.0530833333333333
"cloglog",1,0.8,200,1000,0.42714339940304,0.37661054800701,0.338725591845709,0.422669725964362,0.418279249548302,0.426308830091639,0.425476902543131,0.422669725964362,0.418279249548302,0.0896389358855375,0.0640155233167769,0.0454986099218677,0.0871518954921422,0.0857256607783774,0.0894909362781368,0.089343079845122,0.0871518954921422,0.0857256607783774,0.00412,1,397.853183381716,17.6127923485253,1.32407688368554,17.6127923485253,0,0.943,1,0,0,206.710479745674,15.1437454198755,0,0.033,174.565038530458,13.7307972363464,0.0443333333333333,0.0553333333333333,0.05675,0.0553333333333333
"cloglog",1,0.9,25,1000,7.70502964890723,0.470251919330077,3.95471498325842,2.26893842361943,1.55123067376099,6.97241849375686,6.30518948585347,2.66519739560757,1.19717459510681,2.28564198410007,0.0933425378866958,1.09940731830417,0.454671172186451,0.402631126108948,1.94642970068655,1.67091918691385,0.737236620857592,0.341468824117269,0.00236,1,53.5428133676848,5.30090526581722,0.259114056197574,2.79509365995901,0.808,0.004,0.192,0,0,68.4200217968778,29.4450321357883,0,0.059,11.5881104886457,4.28186069213268,0.191583333333333,0.103666666666667,0.226416666666667,0.0788333333333333
"cloglog",1,0.9,50,1000,2.71675120770661,0.573127525412859,0.633685971351142,1.73852725277048,1.11559354215126,2.613664126358,2.51361140919275,1.73996741977017,1.11492397647013,0.45633570787061,0.0310667681286729,0.190218086172498,0.194036600813165,0.0808079633515161,0.424682263560085,0.393558922185975,0.194893941347429,0.0799897058402156,0.0031,1,183.242757224775,9.72249712579661,0.499947945055363,8.49593488768603,0.092,0.049,0.908,0,0,115.843920092397,19.1780200089091,0,0.091,3.59327543760484,11.0353574758545,0.0579166666666667,0.05575,0.11175,0.0556666666666667
"cloglog",1,0.9,100,1000,1.25295863371567,0.675884620610109,0.486597378127531,1.09878077859447,0.968128926229451,1.23700445676457,1.22122050291735,1.09878078345325,0.968128828265682,0.131236061615413,0.0167351263297573,0.0426596554616303,0.088808943929217,0.0569804284773804,0.12923545187382,0.127259064622911,0.088808943929217,0.0569804284773804,0.00359,1,286.539565958271,14.4979473966794,0.675046778963923,14.4729051764712,0.003,0.292,0.997,0,0,93.7228197073675,21.5272835455216,0,0.057,18.5537494571207,18.3096287863013,0.0439166666666667,0.0753333333333333,0.088,0.0753333333333333
"cloglog",1,0.9,200,1000,1.12783141926486,0.998497319154013,0.910298093690033,1.11172455615927,1.09618474752289,1.12519256104305,1.12256651643115,1.11172455615927,1.09618474752289,0.202478975075277,0.121713387821939,0.0801855500298242,0.18323953555848,0.170135883452858,0.201506744524721,0.200711062334092,0.18323953555848,0.170135883452858,0.00395,1,446.140941476698,17.5103661338626,0.983458668719101,17.5103661338626,0,0.723,1,0,0,105.169213184922,15.0883581293081,0,0.084,61.062421605583,12.45409726668,0.0870833333333333,0.0971666666666667,0.0995,0.0971666666666667
"cloglog",1,0.95,25,1000,13.8134253952434,0.805726285545366,7.29623478416211,3.16146169656356,3.36151410531063,12.2599647897466,10.8733407814205,4.37127633473091,1.97658726572494,5.00420203775042,0.16297160923174,2.72923263687625,0.679509757382531,1.23891684180912,4.14472701396011,3.4627900088442,1.617766019957,0.7570902362959,0.00304,1,76.8302495003971,4.56910651810349,0.161828288584243,1.44685949101508,0.927,0.002,0.073,0,0,217.592215229255,36.6619799407888,0,0.039,7.09343468728615,0.316953833075467,0.275416666666667,0.197,0.291166666666667,0.148333333333333
"cloglog",1,0.95,50,1000,5.53121766921985,1.08566336217661,1.48630561767097,2.96001186499331,1.66512666391575,5.28380142937187,5.04633705703597,2.9869881486656,1.64415884785668,1.00538288667467,0.0432054958740602,0.514554504856092,0.293378208362632,0.139016758387463,0.908328550102991,0.808775790573517,0.323716812075939,0.122696082770226,0.00338,1,195.66644254714,8.18655198196232,0.366542584745548,5.88761827955815,0.387,0.04,0.613,0,0,123.942927992594,22.53577461073,0.005,0.124,1.47387145071533,6.8502948924154,0.1235,0.0730833333333333,0.172666666666667,0.0705
"cloglog",1,0.95,100,1000,2.64431079325498,1.46187675013181,1.11550515079799,2.21806446488324,1.88678527917691,2.60724152698161,2.57066675920902,2.21814602221699,1.88670613802466,0.256190994038391,0.0186383669408157,0.114369016452721,0.129992662770316,0.0653063983211378,0.247612292756081,0.240762014513716,0.131198772662128,0.0653063983211378,0.00398,1,229.161422078151,12.7134970544955,0.52547380333115,12.2975921271877,0.017,0.259,0.983,0,0,71.4386255504779,22.1159013438062,0.002,0.094,7.5029198246178,16.0169290102799,0.0765833333333333,0.101166666666667,0.122833333333333,0.101166666666667
"cloglog",1,0.95,200,1000,2.26051073538164,1.98067117455959,1.79465985826953,2.21160571082128,2.16554092367835,2.25434657752471,2.24821301602555,2.21160571082128,2.16554092367835,0.410518597328729,0.265361405178952,0.188518750447821,0.384597907782612,0.351120392449265,0.408987706067149,0.407600346815364,0.384597907782612,0.351120392449265,0.004145,1,468.10587213368,16.3080609927125,0.723515059220463,16.3080609927125,0,0.604,1,0,0,70.8400956834242,13.2476431068959,0.001,0.133,21.3222812283841,8.59071686339246,0.119,0.134,0.137083333333333,0.134
"cloglog",1,0.99,25,1000,63.3269042851838,3.05475050947285,36.5491166419855,6.5886086804297,25.6102977251954,55.1733839483377,48.083576878866,18.9424108189639,9.0533699486507,26.4119452417853,0.589407143219383,16.6717536203736,1.56327711070348,11.3869774766874,21.5716385611214,17.4441801660847,8.44897914186584,3.92965555817434,0.00232,1,7.86200551874867,1.7942821520707,0.0365482594822635,0.273741410725814,1,0,0,0,0,NA,NA,0,0,NA,NA,0.396666666666667,0.37675,0.395333333333333,0.307583333333333
"cloglog",1,0.99,50,1000,26.8979640963195,5.09753763099712,8.48423731872584,9.46739556157484,5.57934289067986,25.4258089322573,24.0463154301098,10.4199205499568,4.71823676999006,5.71405403766769,0.143669618660073,3.35029550629043,0.811349608221307,1.24565870728737,4.85452489268008,4.17844137999195,1.63959862105688,0.615379766351309,0.00334,1,20.0362298182703,3.4620442522046,0.126592919394895,1.53211205485754,0.835,0.021,0.165,0,0,100.902590967669,44.6697028771134,0.021,0.121,0.262799429288532,0.341084977777273,0.299333333333333,0.209083333333333,0.312833333333333,0.15375
"cloglog",1,0.99,100,1000,12.5527675696001,6.11877441274613,5.12070142305564,8.40800880307613,6.16903658621573,12.2987397288236,12.0518153748486,8.4632489884368,6.09868940947169,1.53920439289393,0.0490680460985161,0.961190419464704,0.383029405466846,0.247432939349155,1.38110608886074,1.23046443418429,0.431428536504333,0.173381579699206,0.00378,1,74.9883102463099,7.43651768112929,0.269101988713519,5.36447624803484,0.396,0.206,0.604,0,0,66.5251939537324,27.2157394001633,0.063,0.184,1.54652344505957,2.45411868163456,0.18775,0.138833333333333,0.230666666666667,0.132666666666667
"cloglog",1,0.99,200,1000,11.9050683829144,10.3894986927626,9.43233922001059,11.3482628714192,10.8638231640227,11.8659887616403,11.8271872776451,11.3484680781699,10.8636423143397,1.8925309660096,0.935995119420327,0.754193845557748,1.44853860683132,1.15229437644529,1.8564999884654,1.81572015859714,1.44853860683132,1.15229437644529,0.004105,1,247.21516095733,11.8720535677974,0.371517287020538,11.5708529752416,0.028,0.54,0.972,0,0,56.4686935448048,19.3163564026096,0.064,0.273,3.6418000878028,4.35062013717521,0.185583333333333,0.198416666666667,0.21425,0.198416666666667
"cloglog",1.5,0.8,25,1000,3.76422314657318,0.263071933759496,1.83047177013017,1.48764158164528,0.807907824081005,3.42430698875683,3.11304258456489,1.55886727592977,0.753665149342574,1.32393761245689,0.088850182665435,0.583280961226501,0.431548194454502,0.237314089451164,1.1640059095492,1.00726024800088,0.492832993777225,0.231480174539185,0.0024,1,95.570261247469,7.07596852600939,0.513006782482233,5.28651655881611,0.462,0.007,0.538,0,0,111.283342642304,18.2963747311313,0,0.055,12.5172434899092,5.16377307004087,0.131,0.0555833333333333,0.177416666666667,0.04875
"cloglog",1.5,0.8,50,1000,1.64415795089209,0.424305032521503,0.352080704670391,1.23136719595755,0.930287866928408,1.59234163968194,1.54169977922449,1.23143734700644,0.930155493609934,0.287275363827464,0.0350598513495845,0.0995396417156598,0.173522217412148,0.100243271776969,0.27400526797691,0.260839748525053,0.173522217412148,0.099468698822805,0.00374,1,194.954110151078,11.6715143655015,0.881868443631549,11.1106800280368,0.016,0.111,0.984,0,0,106.84729034511,12.8926639655949,0,0.088,6.48479717240093,9.29465721464036,0.0363333333333333,0.057,0.0835833333333333,0.057
"cloglog",1.5,0.8,100,1000,0.613199719510937,0.332321924835302,0.216064819765962,0.562652924092563,0.516330405105469,0.606272967386783,0.599405326953462,0.562652924092563,0.516330405105469,0.0782147111181911,0.0167768960529224,0.0245749875043139,0.0637588175234809,0.0500825275752756,0.0774361352541839,0.0766620320663135,0.0637588175234809,0.0500825275752756,0.0038,1,348.625397882879,16.1604650371818,1.13353599461676,16.1604650371818,0,0.448,1,0,0,119.525470176686,15.4477255618406,0,0.019,49.9853765247587,14.014155747682,0.0278333333333333,0.0604166666666667,0.0654166666666667,0.0604166666666667
"cloglog",1.5,0.8,200,1000,0.480850701736804,0.421106776721569,0.377565545155959,0.475706310950612,0.470663536160274,0.479821303534866,0.478795667156221,0.475706310950612,0.470663536160274,0.0731776399328523,0.0465737870694954,0.0276943860546537,0.0708327761424345,0.0690767175410414,0.0731125126772501,0.0730474275948254,0.0708327761424345,0.0690767175410414,0.00391,1,557.947580487361,20.6186842294991,1.68662712285477,20.6186842294991,0,0.914,1,0,0,206.324188255867,13.7857377062854,0,0.037,175.150884907163,12.5666357088427,0.052,0.0618333333333333,0.0629166666666667,0.0618333333333333
"cloglog",1.5,0.9,25,1000,8.89595232713826,0.64620123219203,4.27237853956994,2.84492632284124,1.89864846508804,7.98255780740613,7.16194246745599,3.25283975042985,1.55955823305747,3.13525735971571,0.153500478384771,1.49966615913644,0.722149919813577,0.590122355306445,2.70674303385687,2.24162241323253,1.06904341242254,0.500507237164806,0.00292,1,66399214.1397588,1004.88699106041,0.308282395517344,2.85131044581229,0.768,0.001,0.232,0,0,100.572784189435,28.9678407556879,0,0.069,10.5711041108126,2.71982443150685,0.22775,0.130833333333333,0.2575,0.10975
"cloglog",1.5,0.9,50,1000,2.839447015428,0.605042369317406,0.679786551769874,1.7963508932209,1.15769987894705,2.71996868636562,2.60473338414603,1.79884306736083,1.1567264086982,0.65818918273961,0.0473247724531531,0.270789678905296,0.283866040145943,0.126328945091224,0.618006104736751,0.563395526071402,0.290336345856976,0.12401220409669,0.0032,1,216.796954999998,10.505263831873,0.646364708459355,9.0133129236212,0.102,0.058,0.898,0,0,98.7028501479427,15.7569310335045,0,0.097,3.23549066676134,7.58522538073985,0.0709166666666667,0.06025,0.138166666666667,0.0601666666666667
"cloglog",1.5,0.9,100,1000,1.3746061108173,0.704670601765515,0.493083997954787,1.19008320034347,1.0343748570903,1.35503521570494,1.33569547439076,1.19008637011107,1.03437490726927,0.181697713788425,0.0209969236316877,0.0652363451264197,0.125061905425464,0.0813735591672478,0.177451624746591,0.172578654871533,0.125061905425464,0.0813735591672478,0.00377,1,339.385216082521,15.6458519158939,0.883777467277873,15.4511428022093,0.004,0.286,0.996,0,0,81.5916963996748,16.4633450701874,0,0.061,15.3693470417027,12.9986992013343,0.0480833333333333,0.0783333333333333,0.0934166666666667,0.0783333333333333
"cloglog",1.5,0.9,200,1000,1.0792727927461,0.932170070485709,0.837133658662722,1.06077037805638,1.04300932473537,1.0761836555377,1.07311010668302,1.06077037805638,1.04300932473537,0.224128927764511,0.126309691275265,0.0785617379619696,0.212848690843056,0.203839942595573,0.223394470645065,0.22296313964595,0.212848690843056,0.203839942595573,0.00415,1,560.536533484208,19.3854643423651,1.23171145303442,19.3854643423651,0,0.686,1,0,0,99.5348898156338,12.398020207356,0,0.079,50.8454721149976,9.85775416957782,0.0834166666666667,0.0983333333333333,0.100416666666667,0.0983333333333333
"cloglog",1.5,0.95,25,1000,15.7426750672853,0.911334127043343,8.25076717347998,3.42387558069645,3.832037654308,13.8697290972879,12.224272584661,4.9981124638698,2.36393008285761,7.02657785115432,0.245690121091578,3.99680325052419,1.11196087846407,1.6710953652781,5.84005987687491,4.78077177501609,2.39257890932106,1.09353025555888,0.002,1,57.850958938928,3.92377742853602,0.162830133417827,1.4187451941685,0.928,0.001,0.072,0,0,75.6025380165777,38.4212372179034,0,0.036,4.1455038323777,1.15338994463957,0.310083333333333,0.228916666666667,0.31925,0.186666666666667
"cloglog",1.5,0.95,50,1000,5.65955388905754,1.13640142001684,1.5328723134148,3.04534047582645,1.73653128823864,5.36950143752682,5.09446127847768,3.08072008401974,1.71301813257688,1.52317149589221,0.0614656660496938,0.738805592987657,0.446880142524109,0.210610221557877,1.3492646665175,1.18404037047455,0.49276736601906,0.188951371708284,0.00316,1,154.431806605905,8.27020464520929,0.44866076013923,5.95021171975073,0.401,0.046,0.599,0,0,131.51754427341,18.94828568001,0.009,0.127,1.65403199635065,4.50692109052889,0.14775,0.0768333333333333,0.201,0.0731666666666667
"cloglog",1.5,0.95,100,1000,2.60796472602913,1.29188322933876,1.01437450870605,2.11423216757767,1.74729613382043,2.56310015499338,2.51899241842414,2.11446245967951,1.74708597997021,0.389130881165192,0.0244279263170115,0.177695295383384,0.18465423503343,0.0881474103669304,0.374404743854299,0.353549070718442,0.18465423503343,0.0876522399426913,0.00367,1,280.280709312828,14.0892961823191,0.701891715420159,13.5621147113774,0.027,0.207,0.973,0,0,67.5440952794751,17.85469658932,0,0.095,6.04557848661875,11.7313590115947,0.0749166666666667,0.0933333333333333,0.126083333333333,0.0933333333333333
"cloglog",1.5,0.95,200,1000,2.41165848026844,2.11350180879289,1.92948704800555,2.35868081553286,2.3091325487794,2.40502840885137,2.39843298483121,2.35868081553286,2.3091325487794,0.404124519903675,0.202122998734032,0.14387104166958,0.355964277537132,0.321807222182716,0.400423493161818,0.396745042432422,0.355964277537132,0.321807222182716,0.004,1,542.578439991679,18.0135121333636,0.915045103137799,18.0135121333636,0,0.56,1,0,0,68.6261977557355,12.63899034677,0,0.137,19.2998639457872,8.09661768066724,0.121,0.13625,0.139666666666667,0.13625
"cloglog",1.5,0.99,25,1000,85.6272253140559,4.49550207825006,48.4334236032955,9.85685866722471,33.0435512467549,75.2075874639243,66.111405738923,26.2512490234032,12.835492102525,36.090691256513,1.01475932571515,21.6177575867028,2.34800062266271,15.2641225464353,29.3379613787912,23.9237197771159,11.6554702335271,5.52404865883184,0.00272,1,9.77153727224808,1.88796167782963,0.0397106907585461,0.313307426803047,0.998,0,0.002,0,0,NA,95.3351787425144,0,0.002,NA,0.0554735882477027,0.412333333333333,0.391916666666667,0.410166666666667,0.33625
"cloglog",1.5,0.99,50,1000,29.7598345311119,5.82366339231713,9.50887259592824,10.5109982408672,6.21886671037578,27.9565897354703,26.2896238031709,11.561704710893,5.27176378723469,7.59564707170739,0.188445016851242,4.39844468769261,1.14734904260133,1.62359517457518,6.4875603795304,5.41097970764539,2.11647664229587,0.854754006354953,0.00322,1,23.6275645775829,3.59357241155662,0.142797870795718,1.61106554295495,0.854,0.024,0.146,0,0,90.5007401249064,50.5353733741506,0.024,0.12,0.249409429951673,0.281696313925919,0.32425,0.2275,0.3345,0.174666666666667
"cloglog",1.5,0.99,100,1000,14.411557746328,7.03172741528702,5.55110803937136,9.8058728176686,7.08556800069249,14.0785918152979,13.7573797902087,9.85079342446067,7.03889070270095,2.57836548605022,0.0868570773518495,1.33331320114834,0.730580744158792,0.442340191293787,2.37013927710131,2.10610803884616,0.827881159832316,0.297378401102146,0.00413,1,119673.454378186,38.8752589550698,0.328537498101375,5.22608694326415,0.364,0.229,0.636,0,0,72.6504374005703,24.7703036968783,0.078,0.24,1.48932665954703,1.72412164266563,0.216,0.161,0.256416666666667,0.152583333333333
"cloglog",1.5,0.99,200,1000,11.783272379594,10.1172007214014,9.1751580262694,11.1733566661658,10.6613932797519,11.7387509355117,11.6946510512195,11.1742092834387,10.6603198235899,2.23022426814646,1.1074337296307,0.794858712834112,1.78722631942806,1.51758603270346,2.20653035126509,2.16858158750552,1.78722631942806,1.51758603270346,0.004195,1,294.52794745261,12.9509004673048,0.505051099622722,12.3974765213205,0.044,0.525,0.956,0,0,58.6980779794554,17.2583133094256,0.063,0.274,3.8592955852153,3.35239424301009,0.19075,0.202166666666667,0.220916666666667,0.202166666666667
"cloglog",2,0.8,25,1000,4.58412479867189,0.380150455484635,2.0013016918755,1.94060956128243,1.09389345353015,4.16926512262906,3.79093208165575,2.02336292200791,1.03644704491134,1.92772982883316,0.136868392686524,0.770684758466657,0.661029692359886,0.35537442979997,1.68013308900561,1.46152981492538,0.74097924580264,0.353066791201843,0.00236,1,290.918315084193,7.79434707455966,0.566970753063266,5.41617534895276,0.411,0.009,0.589,0,0,97.8023630345072,15.6443873647093,0,0.077,11.3813159417706,3.71440533663891,0.158083333333333,0.0853333333333333,0.216,0.0804166666666667
"cloglog",2,0.8,50,1000,1.46075696887984,0.354561620474283,0.314033465990058,1.08171364699245,0.801234245445357,1.40920706599271,1.3590575238386,1.08171187034527,0.801210151543746,0.387733465136999,0.0432576208282925,0.127730555551454,0.234068655248928,0.129034070717112,0.363023677321938,0.345534186237762,0.234068655248928,0.129034070717112,0.00342,1,292.969556241172,12.9039763508336,1.05040288700746,11.8513605388017,0.017,0.103,0.983,0,0,100.30576655842,11.3232351837873,0,0.087,8.33656181783633,7.5010826706764,0.0345833333333333,0.0575,0.0975833333333333,0.0575
"cloglog",2,0.8,100,1000,0.62420182555271,0.316419553154926,0.209664047487504,0.568744266569276,0.518432170030798,0.616311428848986,0.608496592587318,0.568744266569276,0.518432170030798,0.101092104360699,0.0200476227242382,0.0310355801634309,0.0816883098680383,0.0665865933059385,0.0999044439295859,0.0983918752890281,0.0816883098680383,0.0665865933059385,0.00383,1,419.488038918095,17.6402683070258,1.3913863674687,17.6402683070258,0,0.397,1,0,0,111.03065224408,12.7186792286592,0,0.028,41.1675012312351,11.2097951392367,0.0273333333333333,0.06025,0.0654166666666667,0.06025
"cloglog",2,0.8,200,1000,0.517741371628451,0.452176614768534,0.40658084908085,0.511936071623416,0.506261210262081,0.516517074451399,0.515297503905618,0.511936071623416,0.506261210262081,0.120545485190704,0.0777682519350791,0.0571788319276704,0.118705675578115,0.116239546963384,0.120321498299977,0.120097902871121,0.118705675578115,0.116239546963384,0.0041,1,660.740125391206,22.1126992066504,2.01476216450389,22.1126992066504,0,0.857,1,0,0.001,146.041851642123,10.0983431601182,0,0.04,111.991992940788,8.83409067618953,0.0583333333333333,0.0695,0.0705833333333333,0.0695
"cloglog",2,0.9,25,1000,9.92060468189736,0.622211502297217,5.01872594256407,3.02647312343907,2.12321381691126,8.85099671746934,7.89620250830912,3.54272543382062,1.67632399650913,4.40500130509365,0.208993091187157,2.01077079920653,0.992330502089099,0.809649788997395,3.65956912007804,3.04302776292416,1.49497029893011,0.685684870663372,0.00228,1,51.7934895070486,5.25074156480922,0.328416333729751,3.03249311856932,0.76,0,0.24,0,0,NA,27.1323834074616,0,0.072,NA,2.23138069285013,0.255,0.155333333333333,0.275916666666667,0.135833333333333
"cloglog",2,0.9,50,1000,3.08656425857224,0.639392937582001,0.80393033296329,1.93263712055358,1.22364637471135,2.942295980911,2.80408962376951,1.93584347150706,1.22197048537456,0.881816110234003,0.0558127905737726,0.360221203005055,0.372950239647281,0.156082735410755,0.803549337372302,0.721220731402746,0.374712190599619,0.154776614579572,0.00388,1,237.114403961043,11.4038303340292,0.780371054862902,9.43862683499767,0.119,0.048,0.881,0,0,81.1212402969868,14.022628695343,0.001,0.106,2.90995892876706,5.85718371649915,0.0868333333333333,0.06875,0.150583333333333,0.0683333333333333
"cloglog",2,0.9,100,1000,1.36612184249444,0.666979875051069,0.472015068664121,1.16962724581536,1.0066388647899,1.34404089221648,1.32225803286472,1.16962527751823,1.00663424216642,0.247756730042329,0.027663301899495,0.0873486115454631,0.166158762867849,0.109780495242116,0.241110380431101,0.23181399204043,0.166158762867849,0.109780495242116,0.00387,1,448.930718417404,16.6735206179838,1.07481081579283,16.1581623080151,0.005,0.265,0.995,0,0,72.815535797855,13.6486711419723,0,0.051,12.8128098657217,10.2353451452123,0.0474166666666667,0.0850833333333333,0.101083333333333,0.0850833333333333
"cloglog",2,0.9,200,1000,1.08766070176815,0.938007453010748,0.844989314796837,1.06948867430909,1.05210010814018,1.08461068913585,1.08157519666028,1.06948867430909,1.05210010814018,0.210137400045103,0.11430841133618,0.0831252540611683,0.201664515180509,0.189281029720049,0.209275911166826,0.208318505342585,0.201664515180509,0.189281029720049,0.004115,1,701.926017106618,21.3077958722686,1.45748281005149,21.3077958722686,0,0.625,1,0,0,89.7742718493103,10.8799824585224,0,0.075,40.5910742912505,8.7542920993112,0.0868333333333333,0.10225,0.103916666666667,0.10225
"cloglog",2,0.95,25,1000,18.6068654024663,1.12321450347596,10.0860665541532,4.1307657505213,4.37861699153614,16.3483275540787,14.3665510840983,5.92001170339634,2.87885243937918,8.64510606197429,0.287754016046244,4.78307243586656,1.4164163313957,1.87043249588615,7.21361258085937,5.82297173537131,2.86827064541215,1.33545986453295,0.00312,1,46.3909814658958,4.15023816454059,0.191676778420819,1.57155440988374,0.928,0.001,0.072,0,0,230.978591218664,40.9577772882271,0,0.034,2.20969188111437,1.05015788461434,0.321416666666667,0.244083333333333,0.335666666666667,0.205583333333333
"cloglog",2,0.95,50,1000,5.87244742908644,1.23464055747617,1.71694096559844,3.27314329089479,1.99073492037918,5.54578596503442,5.23787788522135,3.31245678798577,1.9606571814546,1.80789383105261,0.0781647645694907,0.904131409998195,0.547704759854672,0.25647977753926,1.56953196806552,1.37644634928253,0.590013981958017,0.235142671160128,0.00364,1,226.943596560651,9.27986834159973,0.534060117325402,6.22146432876908,0.365,0.036,0.635,0,0,89.1068776655418,17.8368613431081,0.009,0.13,1.31644195766969,3.67820080231956,0.165083333333333,0.0881666666666667,0.220916666666667,0.0825
"cloglog",2,0.95,100,1000,2.42236290994734,1.16312203658185,0.936348986474665,1.95684491390509,1.61342390205177,2.37213512991472,2.32299325259313,1.95708836899252,1.61316881990841,0.522638250765258,0.0324010177209893,0.222728594504812,0.252687604735471,0.127186499621493,0.493168851566858,0.46907993421374,0.252687604735471,0.125480848264374,0.00358,1,261.890510412327,13.9473358505535,0.85866699073727,13.7069411000632,0.027,0.216,0.973,0,0,68.4130680494126,14.4723674508431,0,0.092,6.99451709405002,8.73763522263163,0.07825,0.0960833333333333,0.13525,0.0960833333333333
"cloglog",2,0.95,200,1000,2.33799417293417,2.02342142663631,1.83400466047206,2.28076908685915,2.22789683646283,2.3304962372711,2.32304108954859,2.28076908685915,2.22789683646283,0.332273834171131,0.137509868952376,0.116109015655155,0.28070962033204,0.250538093261787,0.327481081150642,0.32273437772636,0.28070962033204,0.250538093261787,0.00399,1,696.093664657701,20.5796790910808,1.11392366223877,20.5796790910808,0,0.519,1,0,0,61.9958487975143,12.4389939868852,0,0.146,16.4888160179694,8.12476707671539,0.112666666666667,0.127916666666667,0.1315,0.127916666666667
"cloglog",2,0.99,25,1000,99.7516572617683,4.98341159234432,58.6095602752812,10.5063361044745,41.0118901173679,87.3846168098308,76.6025202801943,31.383330774823,15.1934525722571,47.6637681751708,1.20385372231621,27.7093700761795,3.12914026633505,19.9634578905567,38.6108804400058,31.1452752151986,15.3361091116777,7.12537503200053,0.00248,1,9.01788841760372,1.8825236556949,0.0402951374333774,0.31083229531756,0.997,0,0.003,0,0,NA,34.6387622721961,0,0.003,NA,0.0498614419206215,0.423583333333333,0.40425,0.423666666666667,0.355583333333333
"cloglog",2,0.99,50,1000,31.419956685582,5.11182663661521,11.3247315600194,10.0174317494942,6.23426874062801,29.3206458255162,27.3921818548469,11.4175698419384,4.92406540210011,9.71413382551909,0.249655335958255,5.75269819010232,1.48628670571126,1.98908322603016,8.22743283450423,6.91061440953406,2.87591360318787,1.12564074352374,0.00322,1,26.0223906301024,3.66350117977741,0.155960705844821,1.65197147936122,0.835,0.026,0.165,0,0,116.139319857169,51.3702041162972,0.026,0.132,0.252017028818479,0.316814676588056,0.335333333333333,0.25475,0.348333333333333,0.20075
"cloglog",2,0.99,100,1000,14.3430751793299,7.00190908246373,5.97229881514374,9.72195783884555,7.17192975606612,13.9763489049355,13.6254387147198,9.77417577545877,7.10950685472735,2.926280462,0.0912268993017709,1.61260491498091,0.807786414005851,0.447184532417533,2.57999027287655,2.29131375412271,0.900728099854904,0.348039955475021,0.00398,1,99.3076654785058,7.66241978296059,0.395229398494812,5.5429197702654,0.37,0.204,0.63,0,0,68.2838226401726,23.439374097178,0.075,0.237,1.29914719088813,1.76573669585802,0.228583333333333,0.162333333333333,0.268166666666667,0.153416666666667
"cloglog",2,0.99,200,1000,12.7068627261163,10.8962385401121,9.87297252738353,12.0482022878865,11.4893438844862,12.6529790400252,12.5997194677926,12.04857251157,11.4889265889601,2.2857946586829,1.06519239172772,0.994782340560544,1.7854600928511,1.43105075179117,2.24803392050878,2.2083591696192,1.7854600928511,1.43105075179117,0.004285,1,294.476762308385,13.0575701547567,0.624500472248196,12.7345561665801,0.032,0.523,0.968,0,0,54.0261564087649,15.3744976617221,0.075,0.314,3.05647788990824,2.86482032002266,0.19575,0.2045,0.225666666666667,0.2045
"neglog",0.5,0.8,25,1000,3.01973491059278,0.208268420402953,1.44164236357275,1.25305185571614,0.666739072540994,2.80044503174752,2.59384788578547,1.29343157848654,0.617346969590571,0.527898221077065,0.0450002756380199,0.208051474043337,0.16810676215098,0.0922260859771468,0.477178956585594,0.437009862965597,0.191960029851581,0.0891402529832375,0.0024,1,138.001718182984,6.60168393498709,0.29634774086525,4.62323436448508,0.436,0.017,0.564,0,0,78.6714995051087,26.0227517887545,0,0.06,41.331998171715,13.0043048448516,0.0684166666666667,0.0334166666666667,0.1035,0.0285833333333333
"neglog",0.5,0.8,50,1000,1.15662221630152,0.305769260883676,0.186017045023006,0.891590771475321,0.680118729954477,1.12513806545177,1.09423382251082,0.891592088262616,0.68009958151572,0.107654165617231,0.0195260134722626,0.0368813732481827,0.0661441012764957,0.040101301124914,0.104582486133333,0.101742089632797,0.0661441012764957,0.040101301124914,0.00332,1,155.24913350454,9.71711439024843,0.434589263599349,9.20454443607485,0.011,0.162,0.989,0,0,139.841253524766,25.1469708764928,0,0.063,70.9177917465055,22.1177080404761,0.0204166666666667,0.0425833333333333,0.0566666666666667,0.0425833333333333
"neglog",0.5,0.8,100,1000,0.62934597800136,0.361925641516179,0.230548876050678,0.581472158200179,0.537090413492963,0.623392383165629,0.617482296185607,0.581472158200179,0.537090413492963,0.0412380862710356,0.0145439150351472,0.0117675025685501,0.0344911300999656,0.0288693046156591,0.0410221308310566,0.0407902874713692,0.0344911300999656,0.0288693046156591,0.00375,1,182.402689653616,12.1343899418228,0.620236559047162,12.1343899418228,0,0.703,1,0,0,219.338518342728,28.5111993948366,0,0.021,143.059159216709,26.7505006953329,0.0313333333333333,0.0609166666666667,0.0669166666666667,0.0609166666666667
"neglog",0.5,0.8,200,1000,0.50153902456852,0.449696196918901,0.409576496807893,0.496961939081453,0.492457898246719,0.500658121885211,0.49977997868902,0.496961939081453,0.492457898246719,0.0882769724031469,0.0712085309709282,0.051607383975989,0.0869771799714682,0.0854454891132005,0.0881457983438704,0.0880147815785643,0.0869771799714682,0.0854454891132005,0.004155,1,258.785262717532,14.1668511021223,1.12808888262727,14.1668511021223,0,0.99,1,0,0,246.530286210299,17.8806578092811,0,0.037,221.607671461828,15.9470002969289,0.0586666666666667,0.0668333333333333,0.0673333333333333,0.0668333333333333
"neglog",0.5,0.9,25,1000,7.45845196742686,0.442898008923636,3.7020073541849,2.30537338280033,1.3563943207277,6.82568095947143,6.23973007434738,2.60099610045076,1.1520889109241,1.16692659837544,0.0595536044003009,0.557483331222397,0.242785785319265,0.211788857515636,1.0144874740286,0.876198601705512,0.383989906500679,0.172732647625725,0.00232,1,43.4902393529281,4.78141374750606,0.192873890884499,2.60866609353302,0.778,0,0.222,0,0,NA,37.0807799184374,0,0.067,NA,8.75144055358284,0.133833333333333,0.0680833333333333,0.170166666666667,0.0494166666666667
"neglog",0.5,0.9,50,1000,2.52796900933357,0.617453370687367,0.609054373231219,1.62863482744559,1.04947531812212,2.44274206370478,2.35961809423491,1.62968048792898,1.04908675205677,0.249011533624915,0.0207038418843855,0.102849234941619,0.109363069039349,0.0452516560194742,0.238401280861352,0.228027456834246,0.110700227175729,0.0443416619410032,0.00332,1,108.356140170245,8.458091037575,0.339806298618635,7.57519445965157,0.08,0.068,0.92,0,0,105.503432544186,26.4736522022572,0,0.097,3.63807875338479,18.6947472848061,0.0451666666666667,0.0580833333333333,0.0893333333333333,0.058
"neglog",0.5,0.9,100,1000,1.20468691773205,0.66003287518889,0.449040889959569,1.06236178614344,0.938997330886907,1.19085280469046,1.17714488740044,1.06236256537021,0.938997082154113,0.0842774507880521,0.0140473411318262,0.0252428902536117,0.0548844889714379,0.0360768223681583,0.0830437289318337,0.082086157751885,0.0548844889714379,0.0360768223681583,0.00378,1,182.842337668623,11.8489755633421,0.441663273624033,11.7860770348074,0.003,0.382,0.997,0,0,104.695445587117,32.9885887510794,0,0.037,23.1859684558592,29.1128798636912,0.0475833333333333,0.0795,0.0924166666666667,0.0795
"neglog",0.5,0.9,200,1000,0.960144233750123,0.862308710493812,0.788180734832507,0.947464086013727,0.935110028649319,0.958184213774206,0.956231564737234,0.947464086013727,0.935110028649319,0.149437400111189,0.098567545833104,0.0586573640664407,0.140235389573187,0.135535660916015,0.149126773410658,0.148816757244855,0.140235389573187,0.135535660916015,0.00381,1,286.356486681562,14.6323279716804,0.709614615427436,14.6323279716804,0,0.85,1,0,0,145.532796826236,20.1677275433933,0,0.059,93.7089929697941,16.3344497051946,0.0793333333333333,0.0901666666666667,0.092,0.0901666666666667
"neglog",0.5,0.95,25,1000,10.7734593952393,0.632203994935397,5.50349604303993,2.51745670392789,2.42567046127345,9.65818471743634,8.64691648328881,3.38840976052506,1.5728014752407,2.70741548892983,0.079671521443904,1.44595088993718,0.317291943945289,0.64514740998629,2.2161793483783,1.84789768876714,0.808438476947281,0.368117479168691,0.00208,1,79.6879913647143,4.3498575236528,0.120373209797178,1.31649457002894,0.943,0.001,0.057,0,0,72.5543841548594,61.5656789821253,0,0.031,4.89125866688811,0.384128852811657,0.217916666666667,0.141666666666667,0.2415,0.0896666666666667
"neglog",0.5,0.95,50,1000,4.58163193584902,1.07607598422668,1.13285054843503,2.57462220182593,1.50475297572883,4.40678804325438,4.237150789334,2.58846972084226,1.49642239645838,0.504921308280187,0.0241957765617017,0.236036490886276,0.143190697658141,0.0683143538029457,0.472922371133057,0.438765409339958,0.166022543986438,0.0634620089871135,0.00336,1,108.660726830872,7.23408006790961,0.248394073968963,5.58647087228193,0.394,0.052,0.606,0,0,95.1380249247379,29.4339942366866,0.007,0.11,1.57870713612864,13.8059418561378,0.08025,0.0579166666666667,0.125,0.05725
"neglog",0.5,0.95,100,1000,2.28300848426412,1.24697031897498,0.895026050264922,1.90671339242318,1.60902362801174,2.25368612352148,2.22468539759583,1.90672471949451,1.60901711070257,0.165507386647583,0.0159066462564947,0.0639336449546348,0.0891682649452166,0.0486023224715972,0.161477878940272,0.158721273461651,0.0891682649452166,0.0486023224715972,0.00365,1,145.230575396405,10.6861392884108,0.331440217833446,10.6129799857154,0.01,0.272,0.99,0,0,74.2944665366659,32.7223203257258,0.001,0.072,9.10992449095455,25.5883052415189,0.0655,0.0898333333333333,0.11175,0.0898333333333333
"neglog",0.5,0.95,200,1000,2.38017638062415,2.11353769729421,1.92267471424792,2.33350098200774,2.28881229891768,2.37428100215315,2.36841181031312,2.33350098200774,2.28881229891768,0.559437222251003,0.439216117899703,0.320371052622017,0.536849718609422,0.509943264391124,0.557856098019269,0.55627945626051,0.536849718609422,0.509943264391124,0.00433,1,253.198076929298,12.5805449814497,0.519795297967588,12.5805449814497,0,0.698,1,0,0,73.9967462300173,14.04605899505,0,0.123,24.1221379908207,8.12795501734241,0.128916666666667,0.141333333333333,0.143916666666667,0.141333333333333
"neglog",0.5,0.99,25,1000,53.1940934222586,2.7265745455832,29.9119291584097,6.77587289908323,19.339931496068,47.0791626246457,41.6712435857871,16.3610172087034,7.96220013989314,13.108942358683,0.261989513439618,8.18053869471862,0.658246368832167,6.01730871321416,10.8089587302596,8.33667890522654,4.11932324629014,1.86102369873983,0.00196,1,5.1512093638767,1.67102888298143,0.0327002474507736,0.260443938859098,0.999,0.002,0.001,0,0,236.723411277646,42.9985340953622,0,0.001,3.35393079539895,0.0215359893248708,0.36725,0.33825,0.356833333333333,0.24425
"neglog",0.5,0.99,50,1000,25.5340564450116,5.17635569640543,7.20137092220252,9.32559156689908,4.88183220370306,24.386172037172,23.2914047047256,9.93584486551934,4.38817712686028,2.86596601535284,0.0708659049260567,1.70395837704554,0.35324438504068,0.720999445149447,2.49420579261845,2.11373155382459,0.820306288365332,0.319874601913413,0.00316,1,20.6344328944247,3.61507958415084,0.102678637531355,1.47313029383154,0.834,0.035,0.166,0,0,95.5885848387783,51.7010674272872,0.035,0.131,0.324608960254823,0.299429018792763,0.239166666666667,0.160416666666667,0.263916666666667,0.11475
"neglog",0.5,0.99,100,1000,12.3993799627277,6.52251525636965,4.8089312803106,8.72841485815988,6.40033028638956,12.2048867293443,12.0137033836778,8.74636150411665,6.38778861209188,0.741605301226701,0.03143616281792,0.419147506199762,0.207051529671201,0.111716559132674,0.679980266638299,0.637452893140767,0.238234107372226,0.0882163758585862,0.00376,1,68.2381588155195,6.85432211041717,0.180849439974676,4.99476450168455,0.381,0.244,0.619,0,0,75.3946082561278,30.2546611462884,0.051,0.178,1.93444239164266,2.86018232411186,0.146916666666667,0.126916666666667,0.190083333333333,0.126166666666667
"neglog",0.5,0.99,200,1000,10.8753333143322,9.50260888056519,8.60191577894361,10.3637401201566,9.91016643257138,10.8426440182731,10.8101486673017,10.363851283039,9.91008704135055,1.43684619341869,0.784287942469967,0.543054459099069,1.16573308735344,1.00851831597328,1.42047929483251,1.40718812968951,1.16573308735344,1.00851831597328,0.00391,1,196.201553832285,11.0397286963954,0.241164427146781,10.7876233386062,0.02,0.539,0.98,0,0,57.3648094230967,23.9613112252463,0.045,0.237,4.28553014889448,5.73009392568688,0.178,0.190833333333333,0.201,0.190833333333333
"neglog",1,0.8,25,1000,3.52929329749401,0.246653511542643,1.69859215620446,1.48609386101229,0.762098342427286,3.2430084416918,2.977771869565,1.53609850418678,0.718016982509982,0.957468684991187,0.0671792294844063,0.394735576269867,0.307674582313119,0.161328478646597,0.844585877139562,0.737422328604427,0.34710640226173,0.153649437172096,0.00232,1,90.9259867228408,6.71022850606513,0.422167186755657,5.1530771454162,0.426,0.006,0.574,0,0,96.2255594828611,20.5545128052237,0,0.062,26.0326221992653,7.2139654906702,0.10175,0.0451666666666667,0.149333333333333,0.0394166666666667
"neglog",1,0.8,50,1000,1.2671334775305,0.338001893454495,0.257586715985763,0.964503322303361,0.733004071700012,1.22768744511051,1.18911186559764,0.96451939111953,0.732952399744553,0.212781444089426,0.0295461692949664,0.0723183860261374,0.131500071646487,0.074019556912417,0.204264943540904,0.195833678579724,0.131500071646487,0.074019556912417,0.00348,1,159.822552218658,10.5590426837984,0.6911128131972,10.2447887411621,0.014,0.125,0.986,0,0,92.7967127043937,16.1083205419844,0,0.074,14.4706886679183,12.6549345398392,0.027,0.05075,0.07225,0.05075
"neglog",1,0.8,100,1000,0.603570241789424,0.340852240183677,0.219296412634971,0.560033433803334,0.519559728749857,0.597446493533699,0.591370646435903,0.560033433803334,0.519559728749857,0.0581783570298506,0.0154863971150503,0.0164376078995785,0.0479608473962329,0.0397280935424262,0.0578011893672132,0.0572889050446539,0.0479608473962329,0.0397280935424262,0.00368,1,261.97652901583,14.4970087248794,0.883785748271796,14.4970087248794,0,0.534,1,0,0,150.020384365598,19.1588196022618,0,0.027,83.8672395688872,17.9634663304485,0.02975,0.0605,0.0656666666666667,0.0605
"neglog",1,0.8,200,1000,0.446058729654623,0.396060389760828,0.359276849204677,0.441470594289522,0.436976983406988,0.44524653035205,0.444436812624742,0.441470594289522,0.436976983406988,0.104341476807195,0.0721192789440178,0.0570863198159866,0.100645438813044,0.0991037126665819,0.104187008404748,0.103997444259505,0.100645438813044,0.0991037126665819,0.003935,1,403.399435440247,17.6615635046977,1.32364714866339,17.6615635046977,0,0.956,1,0,0,223.900917834137,14.9650687005881,0,0.029,185.19592163561,13.2851442967539,0.0524166666666667,0.0605,0.0616666666666667,0.0605
"neglog",1,0.9,25,1000,7.85547197684954,0.529660699053379,3.77059137305473,2.47574578670669,1.68532672966201,7.10703919406669,6.42761573502442,2.88049271856511,1.33599732897478,2.26166374564057,0.101634595584351,1.12005860179274,0.461883588764435,0.418021393654131,1.95370504689013,1.65059409925258,0.753784791771117,0.358770396609903,0.00272,1,58.3047551592933,5.41598240163519,0.267642121057818,2.75664675896906,0.79,0,0.21,0,0,NA,28.8819063927707,0,0.068,NA,4.08654530993367,0.194166666666667,0.10975,0.226166666666667,0.0835833333333333
"neglog",1,0.9,50,1000,2.42029499547437,0.546112215618331,0.549871899580522,1.55859573683576,1.01910808680655,2.32627970436404,2.23512975948298,1.56052559700234,1.01713391780771,0.459187129662478,0.0310523416073822,0.186330199709025,0.197640403401368,0.0815820111323001,0.429557223590551,0.402133591831408,0.19771281250728,0.079849232463795,0.00284,1,147.616802540945,9.64906490008271,0.498473112385801,8.47697486026087,0.114,0.05,0.886,0,0,83.4865418306335,19.1031075625005,0,0.088,3.64747112193131,11.1363093069642,0.05275,0.04875,0.107,0.0488333333333333
"neglog",1,0.9,100,1000,1.3194501132989,0.717851136331106,0.514569210977337,1.15318825093968,1.01287164758853,1.30308625535768,1.28688796477253,1.15318935999717,1.01287323927569,0.131221821074254,0.0174335612666158,0.0463053539521503,0.0899501739294172,0.0618676114911866,0.128294632266415,0.125545023063714,0.0899501739294172,0.0618676114911866,0.00379,1,275.901920489096,14.4092264150443,0.670944833790452,14.2081736018984,0.003,0.298,0.997,0,0,80.4964785417754,20.9155700699714,0,0.058,17.4703261710457,17.2505323874974,0.0479166666666667,0.0773333333333333,0.09,0.0773333333333333
"neglog",1,0.9,200,1000,1.14260401720407,1.00780889192094,0.911746080989012,1.12524897808528,1.10846845059454,1.13989308650628,1.13719288998494,1.12524897808528,1.10846845059454,0.274911155314599,0.173333106277433,0.123695165880813,0.259595266555205,0.248701660364283,0.274363369222719,0.273817130259473,0.259595266555205,0.248701660364283,0.004285,1,422.551321647681,16.6552923376718,0.971803546511029,16.6552923376718,0,0.748,1,0,0,97.5064453466406,13.2263721432041,0,0.088,50.4584767423642,9.62159185545224,0.0935,0.105916666666667,0.108666666666667,0.105916666666667
"neglog",1,0.95,25,1000,12.4647227146172,0.765142736202127,6.62134633500876,2.73451745841207,3.12635461647149,11.0374350147256,9.77155383595411,3.91013547738829,1.88801516333762,4.99895714795879,0.160102089266084,2.73348292885652,0.693715821224015,1.19487432177848,4.08246723816372,3.2904251384227,1.59959436955499,0.734985503425267,0.00256,1,55.2839021340377,3.99925580198171,0.155494553876165,1.38867103769218,0.934,0.001,0.066,0,0,1268.07080315644,61.3025620077988,0,0.031,4.6162319292378,1.48833476162288,0.282166666666667,0.196583333333333,0.292166666666667,0.1455
"neglog",1,0.95,50,1000,5.17984129379838,1.04649369853825,1.42218590400133,2.84513413584882,1.66006302093332,4.94615745990957,4.72198103757912,2.87166663535818,1.63876332794058,1.05105762052644,0.0470400870632848,0.532800039124009,0.316401423419598,0.148873048355445,0.944161225189996,0.852990843867777,0.358484007888317,0.132355823217736,0.00362,1,93.9591705333694,7.76827358697532,0.369876222761314,5.86410731774095,0.395,0.039,0.605,0,0,110.176422068919,22.0101351131278,0.004,0.126,1.62515626933033,6.13797484310566,0.1275,0.0749166666666667,0.174333333333333,0.07075
"neglog",1,0.95,100,1000,2.55678159258529,1.32294715370137,0.970426889263757,2.12330865550927,1.78722773738218,2.51820600750251,2.48015272608927,2.12336331686043,1.78718549193589,0.26869138800969,0.021468989915412,0.11760876090007,0.142059391309959,0.0694824032472857,0.259688250861462,0.25186599464642,0.142059391309959,0.0694824032472857,0.00384,1,210.733469246607,12.7555823606679,0.531630193216686,12.6025238855751,0.019,0.25,0.981,0,0,74.670735083765,22.069859333717,0,0.086,7.4767388871212,15.7802877758961,0.07225,0.09875,0.122083333333333,0.09875
"neglog",1,0.95,200,1000,2.36335963897426,2.0855657080959,1.89556295730875,2.31527077776095,2.26958125046694,2.35713075375433,2.35093169593509,2.31527077776095,2.26958125046694,0.462166451894185,0.309470034018396,0.206288032978196,0.42752804205071,0.407127760077474,0.460464053350883,0.458775397628665,0.42752804205071,0.407127760077474,0.00421,1,430.906914256456,16.0650654469669,0.717462792454248,16.0650654469669,0,0.615,1,0,0,71.6990704373641,13.0689863305172,0.001,0.133,21.7507156057056,7.86065780147364,0.121916666666667,0.13875,0.141666666666667,0.13875
"neglog",1,0.99,25,1000,77.8200907439125,3.36532354740515,46.2479630876354,7.91931766973932,32.4716838511529,68.5194814576622,60.3482660120299,22.5052522982104,11.133940758261,26.1951647924074,0.619148545894579,16.0817173788891,1.53861073316678,11.7952515345275,20.7864903051504,16.4734947564157,8.50666807741609,3.82625726324927,0.00236,1,8.33577941993324,1.78894916869433,0.0352646400796451,0.28638101153399,0.998,0.001,0.002,0,0,1318.99247376483,157.785457953838,0,0.002,1.57556256549372,0.0510862255227211,0.402583333333333,0.383,0.398916666666667,0.312083333333333
"neglog",1,0.99,50,1000,29.1213984281935,5.79936635559111,8.66746050056556,10.1754385903731,5.84649166197425,27.5429676154872,26.0622179922479,11.0614848905896,5.02348964564141,5.54770577722448,0.144522657872087,3.16814400572569,0.728764049443454,1.24525728162794,4.69006791014185,3.95106581381045,1.50684672287055,0.608323529003259,0.00346,1,2523.91270704449,5.6659319433489,0.129938632313929,1.53843661535597,0.821,0.038,0.179,0,0,122.774091009977,54.7755263935606,0.038,0.142,0.304993246334944,0.310965044715751,0.294666666666667,0.205833333333333,0.311833333333333,0.152833333333333
"neglog",1,0.99,100,1000,13.6828905753768,7.12252402597843,5.58279215150107,9.5827141637417,7.05531986203611,13.4278485530162,13.1797081810944,9.6123862362014,7.02646533742433,1.44272134776414,0.0444215954759539,0.813790476843426,0.36774693925028,0.231724875357467,1.29237438783755,1.17295070058107,0.425107375107488,0.170647698659561,0.00372,1,93.9629120882104,7.27217758317714,0.275947596612772,5.15154762219974,0.41,0.233,0.59,0,0,67.7723315529494,26.2849414688002,0.071,0.195,1.56251111818112,1.87801448860748,0.184166666666667,0.1395,0.222333333333333,0.1355
"neglog",1,0.99,200,1000,12.4737812106092,10.9267600441821,9.94029960271541,11.9028861586788,11.4026403616924,12.4347815085896,12.3960543724093,11.9030806171467,11.4025059032429,2.65721367683581,1.85265283328316,1.24735139203725,2.42733733647214,2.14836726777092,2.63427550177532,2.61381421719447,2.42733733647214,2.14836726777092,0.004245,1,250.146936048767,12.2398777479262,0.369257733328761,11.8489190666146,0.039,0.548,0.961,0,0,57.0281656959112,19.2038483676484,0.058,0.27,3.63323701631328,2.82839676788053,0.198,0.207166666666667,0.219666666666667,0.207166666666667
"neglog",1.5,0.8,25,1000,3.86036619901318,0.293413692654919,1.86216155072072,1.52577900110033,0.900933307236,3.49034864457995,3.15239959897203,1.60307266555337,0.795235107421199,1.40698000424475,0.0969759102512631,0.549584585942544,0.456707166911538,0.259277075158995,1.22977843316471,1.05714141783035,0.526467608011603,0.247374817901699,0.0026,1,139.463561091788,7.54288250281742,0.509449548606992,5.21053560951734,0.423,0.007,0.577,0,0,72.701181774554,17.9549823969893,0,0.069,16.1727500316573,4.94923919132224,0.131333333333333,0.06425,0.182916666666667,0.0573333333333333
"neglog",1.5,0.8,50,1000,1.32057522721928,0.324274444660454,0.278854534620971,0.989159370685881,0.738520721066102,1.27710979153573,1.23469199607267,0.989173425743626,0.738530513062207,0.286346956052994,0.0349868167594721,0.0981534764702419,0.172900215490603,0.0975583199454675,0.272171804324085,0.260527715534433,0.172900215490603,0.0975583199454675,0.00326,1,189.239366733897,11.605153428271,0.889215188036413,11.1686387026876,0.011,0.09,0.989,0,0,104.770283237349,13.0735730425448,0,0.067,8.5925974188724,9.30679321955156,0.0275,0.0505,0.0820833333333333,0.0505
"neglog",1.5,0.8,100,1000,0.601944674986642,0.33282068928583,0.220334478219594,0.554954685284766,0.511842034212769,0.595128393069106,0.588372383823969,0.554954685284766,0.511842034212769,0.0843082010458928,0.0188201022545736,0.026111712286597,0.0694924530520117,0.0557634756566704,0.0838290514680343,0.0830561795509011,0.0694924530520117,0.0557634756566704,0.00395,1,365.634486983681,16.5471925015571,1.14084826652172,16.5471925015571,0,0.443,1,0,0,113.287006015414,15.4215045536229,0,0.021,45.8210504297053,13.7468941596862,0.0296666666666667,0.062,0.06775,0.062
"neglog",1.5,0.8,200,1000,0.483589502417271,0.426230525905778,0.384793423232248,0.478569822083498,0.473650969915479,0.482635636183584,0.481684822951349,0.478569822083498,0.473650969915479,0.119654116442663,0.0777885151771667,0.0552086748292019,0.115626682411215,0.11146683631674,0.119318095055214,0.118982648497064,0.115626682411215,0.11146683631674,0.004345,1,542.575900471305,20.0203683341991,1.6121707013002,20.0203683341991,0,0.898,1,0,0.001,176.069620265215,11.6649641713305,0,0.038,137.3850424665,10.0917611899691,0.05475,0.0628333333333333,0.0639166666666667,0.0628333333333333
"neglog",1.5,0.9,25,1000,8.16018806370483,0.579427336801928,3.86236893759928,2.48316305635404,1.69637826263049,7.29101598026182,6.5120349930812,2.91132114253568,1.32763842551994,3.34374994054358,0.144154966712458,1.59506015714909,0.705033437703893,0.611828345340372,2.81147231083298,2.3903227603799,1.11281470660535,0.529852656529853,0.0026,1,299.14386860479,5.7758361324123,0.297030923068934,2.85615327171178,0.771,0.004,0.229,0,0,245.864809857117,29.5903586535744,0,0.067,9.37458660859259,2.75201591132481,0.231166666666667,0.13025,0.26,0.106666666666667
"neglog",1.5,0.9,50,1000,2.9904399532084,0.601016645253111,0.750704326288306,1.86948362130279,1.18251003599061,2.86460590450026,2.74325097318877,1.87163664363454,1.18120179833612,0.681189530612704,0.0455021815272121,0.27741379377379,0.299867049091963,0.119853490348887,0.628406095729189,0.578739372452616,0.304975121300012,0.119308102690294,0.00352,1,269.209907313626,10.8895241874079,0.651970960778946,8.95255105646779,0.104,0.046,0.896,0,0,96.0933555568587,15.56545912631,0.001,0.105,3.23644005554284,7.60150489063662,0.0753333333333333,0.0638333333333333,0.139666666666667,0.0634166666666667
"neglog",1.5,0.9,100,1000,1.21886808171892,0.601636597670901,0.420296116098196,1.04916701129631,0.906578424549936,1.20084832007111,1.18304180035665,1.04916729325731,0.90657860202815,0.17925597278006,0.020189405833912,0.067560454198448,0.119407373254351,0.0771702802698591,0.173907888608827,0.169855773454488,0.119407373254351,0.0771702802698591,0.0038,1,343.464525343537,15.8262183214528,0.888001322862374,15.6123792083397,0.005,0.276,0.995,0,0,79.0140359920677,16.3962188967501,0,0.048,15.9168055566959,13.1207419393577,0.0426666666666667,0.0759166666666667,0.0879166666666667,0.0759166666666667
"neglog",1.5,0.9,200,1000,1.1119740933533,0.970664349800607,0.878898393841156,1.09431395182891,1.07734780056116,1.10918415109552,1.10640610633889,1.09431399855325,1.07734786946626,0.249052559704709,0.126605283415075,0.0783794402605762,0.229036032539397,0.211201449833035,0.248052644123272,0.247056538890746,0.229036032539397,0.211201449833035,0.004005,1,646.279472114588,20.0856716825022,1.20302043625501,19.9205143181958,0.001,0.662,0.999,0,0,87.9814685401096,12.6040688600073,0,0.084,43.4963988597337,9.70645723378803,0.0880833333333333,0.0999166666666667,0.101833333333333,0.0999166666666667
"neglog",1.5,0.95,25,1000,17.7319754914934,0.953905425790469,9.91364156791587,3.66196473176313,4.4673294153516,15.780640362895,14.0543388813082,5.31375571527196,2.50199349013031,6.78081729615429,0.238821332863401,3.59211132984411,1.04707381312915,1.54551217447367,5.58655892721759,4.57568502636904,2.28223961777387,1.04214913299263,0.0024,1,124.22973664501,4.70675791115385,0.174743031462364,1.48667614043508,0.923,0.001,0.077,0,0,746.384775664445,52.3710239314725,0,0.037,6.29909639499651,1.19397550551552,0.301,0.215416666666667,0.313416666666667,0.178083333333333
"neglog",1.5,0.95,50,1000,5.28403400833089,1.07024044996901,1.57113635311246,2.81705534485907,1.61193189383303,5.0168069080039,4.76342325513692,2.85244828754222,1.58776464636142,1.39126634067473,0.0630920907466885,0.671297732414452,0.421310630723663,0.205963367214487,1.25062070386806,1.11172204485348,0.472372293456841,0.180564215029969,0.00302,1,142.309883948738,8.63521229681593,0.457357073197411,6.14911847859702,0.397,0.038,0.603,0,0,84.0932271541909,20.2592672096951,0.009,0.105,1.47880685479136,4.77512402567766,0.13925,0.0711666666666667,0.193416666666667,0.06675
"neglog",1.5,0.95,100,1000,2.8887577249808,1.50207142119649,1.18932437673908,2.37222317936581,1.98670879616549,2.84138550262085,2.79480639888878,2.37235807632406,1.98656850799706,0.456951508163204,0.0314007657633365,0.181588161465773,0.230840780874732,0.112074574311522,0.426336294287332,0.401188587169547,0.230840780874732,0.11106293273887,0.00402,1,221.684325954409,13.0449284138685,0.687550416745945,12.8474211428583,0.025,0.251,0.975,0,0,67.7458945067107,17.4826486028712,0,0.103,6.98288135963688,10.7378089462869,0.0845,0.107333333333333,0.140333333333333,0.107333333333333
"neglog",1.5,0.95,200,1000,2.47925854545196,2.1623489071971,1.9670266043471,2.42097696822749,2.36670240211156,2.47204585198486,2.46487418117887,2.42097696822749,2.36670240211156,0.470737807109231,0.259224126167616,0.181966443353006,0.43955134859554,0.410000748384852,0.469596430767673,0.467710032128677,0.43955134859554,0.410000748384852,0.0042,1,469.690323311084,17.26308189383,0.898231873705987,17.26308189383,0,0.592,1,0,0,71.7029253670908,12.1506579395804,0.001,0.138,18.7930472553036,7.3210107535436,0.123833333333333,0.13925,0.144,0.13925
"neglog",1.5,0.99,25,1000,84.7321654656663,4.17665642896279,48.1525167315474,9.3378952834921,33.0026770354264,73.7934408895379,64.3074258636573,25.837680022297,12.8833466696754,37.3886668061403,0.952793558654523,22.2157957514571,2.40629263087801,15.5705018525199,29.9030367953959,23.9079075858139,12.6590262621296,6.1805390881899,0.0024,1,5.8582033673541,1.7429974835703,0.0377701960127585,0.305470452148054,0.999,0,0.001,0,0,NA,37.8254018127037,0,0.001,NA,0.0771260584303352,0.4165,0.395583333333333,0.41125,0.341666666666667
"neglog",1.5,0.99,50,1000,27.7398300393555,5.32797881894437,8.93134076905631,9.87905154433947,5.75282287549958,26.0045130939818,24.4019070485347,10.9151708170237,4.83792271758124,7.80299710667541,0.207373498351049,4.84765231008506,1.2368558298296,1.65488543416934,6.66597367334371,5.68483663538193,2.29378831525763,0.916531854903397,0.00292,1,24.1947789981436,3.58061853226571,0.139605423474597,1.58326777464415,0.83,0.026,0.17,0,0,137.642419629465,53.9550340005549,0.026,0.128,0.333621071651009,0.323416848096612,0.323833333333333,0.227583333333333,0.334333333333333,0.174916666666667
"neglog",1.5,0.99,100,1000,13.6878734076361,6.48359059138977,5.51261330808837,9.20254003225124,6.70211088955892,13.3700992410919,13.0640954671985,9.25118458279299,6.64334116984922,2.29645481402774,0.0800924985854055,1.34092207880948,0.599794161464489,0.369729854735411,2.02512986492798,1.80446095787131,0.661474494388013,0.284087361015641,0.00369,1,92.7989693683815,7.33350822941426,0.336891718255308,5.2568117002141,0.379,0.199,0.621,0,0,69.4523437931413,24.1037000297744,0.062,0.209,1.51334142215142,2.03438488430037,0.214916666666667,0.152666666666667,0.250166666666667,0.145
"neglog",1.5,0.99,200,1000,12.3153929985538,10.597159786522,9.57926530138973,11.6975475379145,11.1687053768803,12.2705835045229,12.2261739334524,11.6979076059616,11.1683649520877,2.01034992545598,0.998441852736735,0.753866540634158,1.6201800678856,1.42459636272387,1.97134565022276,1.93555760959486,1.6201800678856,1.42459636272387,0.00409,1,311.440362913728,13.4149871915813,0.507279207379986,12.9130325902758,0.039,0.518,0.961,0,0,59.8668301515924,17.4233034567168,0.056,0.284,3.56067155752916,3.45285504079664,0.187666666666667,0.200416666666667,0.218166666666667,0.200416666666667
"neglog",2,0.8,25,1000,4.40331556070714,0.377985928709847,1.96324416950142,1.86756337886287,1.11398233278126,3.99449751980904,3.62253150313153,1.95147412197073,1.02778342027777,1.71991039237072,0.131940890034543,0.685523772267823,0.617909446321737,0.333108789594997,1.48647944021228,1.29979430156658,0.680182437588433,0.31776679953605,0.00268,1,232.832743254403,8.00583680626039,0.5923032824981,5.55039391678748,0.387,0.005,0.613,0,0,66.3325018006636,15.968863938171,0,0.069,10.5589453896844,3.81240994052478,0.145666666666667,0.0726666666666667,0.2,0.0676666666666667
"neglog",2,0.8,50,1000,1.44502528155775,0.33956694726846,0.316111046144102,1.05544577730291,0.770213050774903,1.39099930106649,1.33851470432243,1.05544449244254,0.770185954645795,0.382050768368216,0.0411487542697149,0.131320504231647,0.2312929502885,0.12808971808184,0.363997472703691,0.34378355876045,0.2312929502885,0.12808971808184,0.00326,1,8981.92219115765,21.7265540858796,1.07444006388352,11.6882429942406,0.016,0.082,0.984,0,0,81.6172185033593,11.0209079732709,0,0.072,7.32317343850533,7.27866557344246,0.0335,0.0535,0.09425,0.0535
"neglog",2,0.8,100,1000,0.633880022528393,0.321489721555345,0.20988495058098,0.578283147848463,0.527547206973308,0.625957360532449,0.618109505104282,0.578283000010727,0.527546874343279,0.0898577968802095,0.0190635660261223,0.0304811120260501,0.0747601864328069,0.0604343015127611,0.0883763871221998,0.0872555423553558,0.0747601864328069,0.0604343015127611,0.00359,1,457.268431961173,18.176049732318,1.36555095636512,18.1334063774826,0.001,0.352,0.999,0,0,106.5449547227,13.0545634997828,0,0.021,36.4272585913207,11.6750954771052,0.0246666666666667,0.0580833333333333,0.0640833333333333,0.0580833333333333
"neglog",2,0.8,200,1000,0.512116621033153,0.452310317310931,0.410672025222586,0.506948314647204,0.501893475309173,0.511114066539736,0.510114731933774,0.506948314647204,0.501893475309173,0.106975793911499,0.065096160729609,0.045906571875388,0.101593388823508,0.0988650778395147,0.106516865001117,0.106059078245253,0.101593388823508,0.0988650778395147,0.0041,1,645.593071948825,21.6301523106998,1.88774807123297,21.6301523106998,0,0.869,1,0,0,166.761196683484,11.1595247447477,0,0.043,132.394413706377,9.42815131117966,0.0555833333333333,0.0634166666666667,0.0645,0.0634166666666667
"neglog",2,0.9,25,1000,10.6260313411473,0.677909422691466,5.54684963468759,2.99232209333645,2.22073648905838,9.4831106648533,8.4630064465175,3.58577627689439,1.73428034135042,4.39401513596971,0.191303311599851,2.09512552518708,0.980757306614706,0.819067126280141,3.77032463487297,3.19508977992644,1.4852155024301,0.689970104691817,0.00232,1,92.1854186847125,5.71496377401896,0.326772895538222,3.01437763753671,0.763,0.003,0.237,0,0,81.7151373732947,25.6028268389289,0,0.062,4.95814307299324,2.39799410628259,0.25375,0.156916666666667,0.280916666666667,0.135166666666667
"neglog",2,0.9,50,1000,2.73699082063055,0.520233986610621,0.784599611545765,1.65972347550305,1.03045450404833,2.6008568508448,2.47068417019721,1.66299595075172,1.02822122726294,0.898566765720176,0.055280473613741,0.361109758324678,0.394636535608883,0.161743754221708,0.819377597566364,0.74771029347688,0.396396622335894,0.159399226439276,0.00284,1,146.414746912587,9.88593785875114,0.748351078892851,9.10501374106568,0.097,0.043,0.903,0,0,107.453363842124,13.9384702124075,0,0.089,3.21295386798978,6.00290312236808,0.085,0.0613333333333333,0.152833333333333,0.0609166666666667
"neglog",2,0.9,100,1000,1.30577687764783,0.678582157932318,0.507199078193313,1.12921058991365,0.982632436663249,1.28464678682876,1.26381913681068,1.12921049692979,0.982631829949754,0.227080242557211,0.0254018379063544,0.0795943178230736,0.154761939053495,0.0963222050675682,0.219956092694758,0.212017902896538,0.154761939053495,0.0963222050675682,0.00363,1,347.285057073369,15.8927402558177,1.08702489612022,15.8161252989406,0.003,0.258,0.997,0,0,67.0876942602094,13.8492101493386,0,0.059,12.9575216481896,10.27746234395,0.05,0.0791666666666667,0.0980833333333333,0.0791666666666667
"neglog",2,0.9,200,1000,1.09895626305245,0.954715945789333,0.861613607972594,1.08158343559731,1.06487973621066,1.09585817714054,1.09277508061885,1.08158343559731,1.06487973621066,0.227416670334809,0.118863934168482,0.076010962452587,0.208533818365404,0.192870850913217,0.226603420392305,0.225793062372402,0.208533818365404,0.192870850913217,0.00412,1,729.666364407035,21.6527630501645,1.63995008276022,21.6527630501645,0,0.625,1,0,0.001,83.1427781568039,11.2387156361587,0,0.078,40.0560949903413,8.73963626322641,0.0863333333333333,0.099,0.101166666666667,0.099
"neglog",2,0.95,25,1000,20.4434818057758,1.2398793597492,10.8899226423076,4.4665355860454,4.84932344724897,18.0604776336458,15.9541048972256,6.5312300045081,3.17775447109568,9.3332727966693,0.352838858661936,4.95782374941263,1.57968523893429,2.12557336732236,7.74074334718522,6.33282762331119,3.17208500724276,1.46377253463563,0.00264,1,32.9169018111634,3.94489337411567,0.182106388919292,1.54733143187206,0.926,0.001,0.074,0,0,279.379626356302,38.7146398849626,0,0.041,2.46969023586082,0.468726456478458,0.324416666666667,0.24575,0.339583333333333,0.216083333333333
"neglog",2,0.95,50,1000,6.70576000545631,1.31672463101329,2.00277912016262,3.55453432183628,2.05284456931657,6.34206082824363,5.99846819708343,3.59970342602286,2.02465986427613,1.90550224954781,0.0769946061196942,0.930177346463479,0.592645431782418,0.263007349657156,1.69141875206366,1.4632694314604,0.642080082442035,0.242449249326525,0.00372,1,9589.31555497938,19.6311777459323,0.522400965658004,6.24864340059701,0.372,0.042,0.628,0,0,109.528171336599,18.0428506741696,0.009,0.153,1.49826032195887,3.60066385755973,0.170166666666667,0.0920833333333333,0.22175,0.0883333333333333
"neglog",2,0.95,100,1000,2.5579389049592,1.23384950385492,0.984882804496008,2.07067071788671,1.70716170562512,2.5068555252714,2.45681408701875,2.0708335417677,1.70709429434451,0.520815678859838,0.0344738195378459,0.221744790656132,0.274692308348663,0.14536588034561,0.48743530965745,0.461943269955094,0.274692308348663,0.14536588034561,0.00388,1,275.135446053627,13.6488444712734,0.866472953987835,13.2616042238437,0.026,0.232,0.974,0,0,72.367476895312,14.4259021065814,0,0.099,6.99855003363266,8.4027468184791,0.0781666666666667,0.0985,0.134083333333333,0.0985
"neglog",2,0.95,200,1000,2.13424980224497,1.83773515550534,1.66910209341171,2.08117784470694,2.03223290599378,2.12720474872383,2.12020198334683,2.08117784470694,2.03223290599378,0.378372482313305,0.162865031491964,0.14612719234026,0.353290956237006,0.307924566138722,0.376053356184376,0.373898338504192,0.353290956237006,0.307924566138722,0.003985,1,637.694815608287,20.0461596972581,1.11463350194222,20.0461596972581,0,0.53,1,0,0,65.9306000218214,11.6060205414878,0,0.133,16.9895520802866,8.04482531788955,0.112,0.126833333333333,0.131666666666667,0.126833333333333
"neglog",2,0.99,25,1000,101.334758902731,5.59142568575343,56.589821596661,11.5023935336569,40.491256172544,88.4031324087242,77.1792766014419,30.8686768612041,15.3579620861668,49.0445282456384,1.31948882739073,28.4418487721247,3.25695186653043,20.7978255540283,40.3588584171471,33.2786250796001,16.23868551015,7.51652775245791,0.00228,1,6.77899432370035,1.79542318832189,0.0388473732847565,0.318195768373075,0.994,0,0.006,0,0,NA,91.2031476422438,0,0.006,NA,0.0419024342381019,0.42375,0.40475,0.426416666666667,0.3585
"neglog",2,0.99,50,1000,33.7258497893438,6.2382850471135,11.2459367362005,11.5500785924478,6.92537328677149,31.5555568045689,29.5597000552096,12.8808859006497,5.7636959549702,10.4587234881394,0.276923786607847,6.20656793467157,1.69779698699198,2.20577726560313,8.94661921133213,7.50600968318967,3.03576279880905,1.20424265554916,0.0036,1,56.5817478771409,3.9733967295649,0.15258042311086,1.63832242914615,0.824,0.028,0.176,0,0,140.709177571267,54.5258749360229,0.028,0.146,0.281968244678037,0.309298008286955,0.346166666666667,0.25925,0.350416666666667,0.2065
"neglog",2,0.99,100,1000,15.7706651542552,7.37156303157531,6.18456105516504,10.6950755855191,7.82059449084021,15.3765325863931,14.9988478173778,10.7532485105431,7.75279091093737,3.10300590945086,0.0902252317578521,1.70330561046907,0.823921543726277,0.495259597348215,2.75479397984945,2.47492597478914,0.915010355707319,0.352818645836655,0.00416,1,97.0880877517139,7.6053642984348,0.387968508309778,5.41179426536239,0.384,0.219,0.616,0,0,73.534883597096,23.9254163523703,0.076,0.258,1.61609405124031,1.40313197425004,0.2335,0.166833333333333,0.272583333333333,0.156833333333333
"neglog",2,0.99,200,1000,12.9797230046626,11.1055534885253,10.0051925160456,12.30449695285,11.7287527151917,12.9263965919344,12.8736652957983,12.3048799709573,11.7283712374066,2.15452984836354,1.00911483331194,0.885100284769646,1.78277951121664,1.50223352280023,2.11691908154013,2.07949276981802,1.78277951121664,1.50223352280023,0.00429,1,323.914719255389,13.3368537498707,0.623951265125018,12.9270133972878,0.034,0.52,0.966,0,0,57.4784855508484,15.38592202169,0.072,0.317,3.259834053303,2.82770557933315,0.193,0.20175,0.222916666666667,0.20175
