"Link","Sigma","Rho","n","Successful_Reps","MLE","SRRE_k1","SKLE_k1","SRRE_k2","SKLE_k2","SRRE_k3","SKLE_k3","SRRE_k4","SKLE_k4","MLE_Med","SRRE_k1_Med","SKLE_k1_Med","SRRE_k2_Med","SKLE_k2_Med","SRRE_k3_Med","SKLE_k3_Med","SRRE_k4_Med","SKLE_k4_Med","Clamp_Rate","Conv_Rate","Mean_k1","Mean_k2","Mean_k3","Mean_k4","K4_Binds","Prov_Hold_k1","Prov_Hold_k2","Eq32_Hold_k1","Eq32_Hold_k2","Eq32_Val_k1","Eq32_Val_k2","Eq32T_Hold_k1","Eq32T_Hold_k2","Eq32T_Val_k1","Eq32T_Val_k2","SignFlip_k1","SignFlip_k2","SignFlip_k3","SignFlip_k4"
"logit",0.5,0.8,25,1000,6.1820779957423,0.361084491394896,3.60698203269303,0.779246927361378,2.43886401941784,5.32231151464356,4.59236321034019,2.13999773061134,1.22970711689566,4.73078554879615,0.216508601659711,2.38536838776333,0.660977046325925,1.34344433923177,3.98404057919465,3.39346177009152,1.804739464226,0.976282887994192,0,1,9.66069589432021,2.54230287155208,0.0619053557586098,0.605463501342406,0.999,0,0.001,0,0,NA,112.356160286638,0,0,NA,10.8710318279971,0.2779375,0.209625,0.2906875,0.1616875
"logit",0.5,0.8,50,1000,1.30420269494072,0.1243966695679,0.447929725958077,0.449505632891746,0.169727816473754,1.22254035578708,1.14474112249809,0.476863243836104,0.165662176877739,1.13817433559701,0.0849724896496461,0.356947122571626,0.400571644217977,0.140906482962728,1.06655464190642,1.00161898759038,0.429377665668931,0.140582291114079,0,1,23.6625473766298,4.05622383880941,0.153630310156088,3.58600511571249,0.391,0.005,0.609,0,0,194.536924255122,34.6934133483085,0,0,16.0649706056487,10.8984891570803,0.07425,0.0114375,0.1655625,0.0100625
"logit",0.5,0.8,100,1000,0.500710517981359,0.0565110660413832,0.140024545316389,0.257345923449543,0.110540112725899,0.484677320285252,0.468963505196158,0.257364125244672,0.110527664499686,0.45957024455367,0.0401567314775396,0.11849941610261,0.236394673776164,0.0923710035799365,0.443585373934924,0.428419854253467,0.236394673776164,0.0923710035799365,0,1,51.4427007533621,6.14731892337302,0.225754970959253,6.1460529608532,0.001,0.014,0.999,0,0,150.19522831961,28.402231200936,0,0,50.5829906789913,17.763802001812,0.010375,0.00375,0.072,0.00375
"logit",0.5,0.8,200,1000,0.221423201210566,0.0293311054162382,0.0648468969154502,0.141493743144632,0.0822533809512677,0.217677174010392,0.213966908124054,0.141493743144632,0.0822533809512677,0.211918235250289,0.0226536291105932,0.0535496017183183,0.134307309966627,0.0744845802284052,0.208086993590703,0.204333619321126,0.134307309966627,0.0744845802284052,0,1,107.11849721732,8.93758213512083,0.274422002904477,8.93758213512083,0,0.062,1,0,0,220.495144160754,31.4806302369029,0,0,111.599410712578,24.9027906519358,0.000625,0.001,0.015625,0.001
"logit",0.5,0.9,25,1000,14.1560660663148,0.775812404651237,8.34253634486847,1.21977986668197,6.7559431983455,12.041097435253,10.2730984435552,4.93190237367893,2.76143907671214,11.1086320321663,0.467677046367974,5.61519848510046,0.989360039144935,4.11111277202698,9.39825160960999,7.74787910164927,4.24574823035518,2.20042618697298,0,1,4.30625294605526,1.64335134908405,0.0293647982689248,0.259202928417363,1,0.002,0,0,0,113.712992176266,NA,0,0,3.83609184466207,NA,0.3341875,0.30175,0.355625,0.2490625
"logit",0.5,0.9,50,1000,3.14172724186828,0.267086275810707,1.09147806272544,0.788805124922093,0.372910773771461,2.89419529783218,2.66176493908898,1.00548195600358,0.322549216882034,2.80068712166134,0.17315281918416,0.898177938397167,0.692149362375295,0.289723990910914,2.55162553308662,2.32230600246998,0.91862354653348,0.274501845901731,0,1,10.7514504977264,2.64325739650196,0.0893841675831021,1.80051674406571,0.806,0.003,0.194,0,0,92.7562280263714,58.8443590966845,0,0,8.76476454119976,6.4128399384903,0.16325,0.047125,0.259875,0.0388125
"logit",0.5,0.9,100,1000,1.18951232576929,0.115151806729632,0.312204978157379,0.474824678224493,0.13722869925136,1.12946278086705,1.07134252978876,0.476179324886982,0.136609182935229,1.10120627366868,0.0799633261396818,0.27242421382748,0.425635669879224,0.102761930026412,1.03808780010916,0.97887402541347,0.425635669879224,0.101014204429305,0,1,23.4821658343964,3.98669136634625,0.16035731200145,3.91740800822676,0.054,0.012,0.946,0,0,108.435670706008,30.4783838304723,0,0,20.279738685027,11.0668570814588,0.0439375,0.01025,0.1595,0.010125
"logit",0.5,0.9,200,1000,0.531352051498079,0.0573526061142179,0.116737478061491,0.282337828987262,0.121438395238918,0.515048682504335,0.499028755304458,0.282340122339363,0.12143712863466,0.495807934608369,0.041092744271299,0.102676035446822,0.260394011237161,0.103701572460184,0.480228969461866,0.465369807411503,0.260394011237161,0.103701572460184,0,1,46.8252154609608,5.74406500153254,0.221217060698272,5.74367860551464,0.001,0.055,0.999,0,0,168.688008398073,26.5305426701916,0,0,47.811229162179,16.0852169979508,0.0049375,0.0050625,0.0771875,0.0050625
"logit",0.5,0.95,25,1000,31.5785648438679,1.58437649298304,18.851873095988,1.74803550848516,17.725507910994,26.557106220349,22.4055554591438,10.9562789056063,6.11616920488113,24.3991328315382,0.908499997441393,13.0453720602505,1.420315628365,11.4760908395447,20.3083501672241,16.8010045772666,9.37930198483185,5.12370784454974,0,1,2.08790096189289,1.13613134313878,0.0149454994905193,0.115062918899556,1,0,0,0,0,NA,NA,0,0,NA,NA,0.3900625,0.37725,0.4048125,0.3251875
"logit",0.5,0.95,50,1000,6.75166535298524,0.516493343314792,2.49508345983111,1.16161621433611,1.11187113200491,6.12830168911351,5.55021693846891,2.05937912409877,0.663157037442412,6.11062874394223,0.344635399590857,1.99073753943154,1.01004583387735,0.802390877347366,5.49028887023296,4.96224936625035,1.89860504873782,0.572620713717224,0,1,5.18812915270476,1.79446212142214,0.0499294556134433,0.858507221851589,0.979,0.002,0.021,0,0,647.392951413298,89.4380204443616,0,0,4.81213869876278,3.90626829997654,0.24625,0.14275,0.3264375,0.102875
"logit",0.5,0.95,100,1000,2.54983412205896,0.229796859401573,0.721545244237551,0.758763922498792,0.175242464149926,2.38054258664576,2.21862423166727,0.787469455002511,0.164989983847795,2.35903334510575,0.148035530541181,0.612498002143073,0.669429777462764,0.133391170877353,2.1954808576299,2.0282627835455,0.694678454022433,0.125393318309912,0,1,11.496696514405,2.6982613732415,0.101647955431866,2.46211003833093,0.317,0.022,0.683,0,0,152.628935317145,42.6657919447439,0,0,9.8977425556577,7.02778040587549,0.1145,0.0130625,0.2451875,0.0114375
"logit",0.5,0.95,200,1000,1.11698001029715,0.109533958093953,0.25771547895808,0.473238806900721,0.132365873587814,1.06505804085432,1.01453457107923,0.473432298470196,0.132210002003504,1.05476340334925,0.0777852616946763,0.229964175738795,0.429700828584765,0.0968046854393719,1.00435283372251,0.958928660384377,0.429700828584765,0.0968046854393719,0,1,22.717537605636,3.89022892808825,0.162016810260573,3.87867580965966,0.01,0.045,0.99,0,0,116.035733446467,27.4958534611184,0,0,22.8345346239029,10.8866503131988,0.03125,0.0095,0.159375,0.0095
"logit",0.5,0.99,25,1000,170.417637843153,7.56703457431657,106.94984098139,2.97096219089417,127.074253035162,143.637725080609,121.444216059147,59.7523585062893,34.1991255852966,128.92969132087,4.62003927247543,71.7917064904098,2.2891877029523,88.7104570431224,108.761131457114,90.334742636241,50.1949720159328,27.7852694267167,0,1,0.429961069238569,0.545077747343282,0.00296685606790399,0.0214931227326881,1,0.002,0,0,0,163.305192740996,NA,0.002,0,0.558875523484196,NA,0.4500625,0.453375,0.4538125,0.426875
"logit",0.5,0.99,50,1000,35.9245365168972,2.38672100703852,14.3694243977785,2.1534372924953,13.8760649461301,32.3254033836982,29.0097276970895,10.9426918795502,3.48353693224456,32.5349731548082,1.54454079789525,11.6225741257623,1.90536912358573,11.2724782850292,29.0030379191274,25.7651044584542,9.97904087916366,2.95572331243689,0,1,1.10044176549453,0.812252315363509,0.0107401390686638,0.162087018355703,1,0.002,0,0,0,91.7083194249956,NA,0.002,0,0.712793452837796,NA,0.386625,0.3825,0.419375,0.2833125
"logit",0.5,0.99,100,1000,13.7009553637414,1.13071853988202,4.09707638481407,1.78126051977541,2.14494495481759,12.5601698218308,11.4838597599919,3.33754108300339,0.666768189759846,12.5499517887304,0.720113569904898,3.62876757163381,1.47465182778076,1.7250011815301,11.4493241176399,10.3720126534553,3.08872706148935,0.558298619818422,0,1,2.3291535620909,1.17279836233691,0.0259002463513491,0.573022526383013,0.986,0.011,0.014,0,0,193.171466762546,175.914225821337,0,0,1.97034024231784,2.38196318731022,0.2949375,0.2233125,0.3841875,0.0991875
"logit",0.5,0.99,200,1000,5.90064626127957,0.514559258751003,1.52763761976665,1.23492844942116,0.316648569605759,5.46420595997561,5.04759318662217,1.36302198577873,0.185877229977122,5.56630610587081,0.337677079035872,1.36718872321092,1.05751270949661,0.217741758082952,5.15205212030123,4.72388723703889,1.20166210754211,0.154665584831814,0,1,4.7420606548355,1.71087131987018,0.0523260746826253,1.42620627352757,0.547,0.033,0.453,0,0,124.526035856075,73.7116725216617,0,0,4.3112432227485,4.02043737401102,0.197375,0.036375,0.3253125,0.013
"logit",1,0.8,25,1000,12.7619341682421,0.713999721815148,7.65627222311057,1.62567478378393,5.21232563894209,10.9342085557085,9.38815682119895,4.36538340275815,2.53364963273325,9.62822862516754,0.451073509268787,4.71540468512953,1.38219191925353,2.66253184825746,8.25821999621003,7.06616580928594,3.7559265196744,1.98228617869655,0,1,10.6085075023096,2.51643547540485,0.0714098903271005,0.631137838004021,0.992,0,0.008,0,0,NA,66.5381114331468,0,0,NA,4.58076840757383,0.332625,0.268125,0.3475,0.2385
"logit",1,0.8,50,1000,2.54582360789988,0.239142789747995,0.870109134856696,0.924484589850748,0.344371421545495,2.36051450731151,2.18557357637118,0.962592126527243,0.343480275988763,2.31349648204992,0.148517031968571,0.704530109378649,0.801240776822441,0.280515478772796,2.13008485411056,1.97385934268728,0.836425140977373,0.281422690081613,0,1,26.7479804797815,4.13038515852163,0.205909932276043,3.73969949526458,0.321,0.006,0.679,0,0,155.148758147819,30.0880882634412,0,0,9.52148199984149,5.44846586181621,0.1476875,0.0439375,0.2393125,0.043375
"logit",1,0.8,100,1000,0.955166564423565,0.102541807043898,0.257964217786549,0.504014234880636,0.224844391997687,0.912261618389083,0.870569770233373,0.504039665660944,0.224837637052687,0.896218115803144,0.0702710327370201,0.213364692006114,0.469105326424511,0.191209381358919,0.854355282649083,0.814267563198845,0.469105326424511,0.191209381358919,0,1,56.1375573986966,6.17366867338924,0.348994255660202,6.17100042465429,0.002,0.02,0.998,0,0,136.509265676379,19.0408562890318,0,0,25.5143086388729,8.95955367535118,0.0390625,0.022,0.1414375,0.022
"logit",1,0.8,200,1000,0.424923793209691,0.0509923006408638,0.105077316682407,0.276381664601026,0.164616163693183,0.413734606326634,0.402712436600895,0.276381664601026,0.164616163693183,0.398764908988124,0.0374046636572789,0.088212243084335,0.252211556565099,0.14682528411856,0.38891580712372,0.377866803901656,0.252211556565099,0.14682528411856,0,1,114.399924676762,9.15490813379105,0.471451549023866,9.15490813379105,0,0.058,1,0,0,178.372802137044,18.9353987381194,0,0,62.3792555212446,12.880301347713,0.0048125,0.009875,0.0575,0.009875
"logit",1,0.9,25,1000,26.7528021074362,1.55284271453086,15.4716895465198,2.53696899035925,12.3838537940997,22.7962582553236,19.4963382146567,9.4760978330436,5.42140299126984,20.1120734283513,0.978983207470691,10.1697297931303,2.09773562616466,7.18705668209995,17.0032526000788,14.2408919160494,8.20291446429072,4.46445540401178,0,1,4.78624679695595,1.68953819965584,0.0346552721815126,0.281858520396554,1,0.001,0,0,0,85.3171918653002,NA,0,0,4.35317011676374,NA,0.3760625,0.3459375,0.392625,0.3155
"logit",1,0.9,50,1000,5.94872603586448,0.485795952098146,2.12513642054501,1.52594950827388,0.719387700157219,5.42761281966142,4.9418307505233,1.89203485904677,0.627843383451959,5.33851670922505,0.318152972246687,1.76310788840492,1.33708994422954,0.564990062078379,4.83017010601221,4.33586654718391,1.72794942112798,0.536094863000233,0,1,11.453615457511,2.69642009639209,0.109487886431185,1.91262228321193,0.763,0.005,0.237,0,0,163.661750773267,50.3401462871991,0,0,4.55402247771476,3.27887980509313,0.2318125,0.102625,0.317625,0.094
"logit",1,0.9,100,1000,2.29632326210498,0.211502390880738,0.625661236491421,0.933841000004175,0.277837569385551,2.15280986145507,2.01511882775609,0.936419800839934,0.276959387527907,2.12503888073341,0.148491577632311,0.539275905402019,0.831005307593537,0.21148773357997,1.97634639319752,1.83781194897077,0.831005307593537,0.20936182289674,0,1,25.7383891189161,4.1176612493877,0.219558748950151,4.05815178875127,0.047,0.01,0.953,0,0,133.535435376239,24.1555558902464,0,0,12.2123906281111,5.71943845691766,0.1070625,0.03225,0.233875,0.032
"logit",1,0.9,200,1000,0.988549990504228,0.102032882995524,0.225337446124493,0.534461721559906,0.237856389352101,0.94593940538694,0.904388580400109,0.534483560609162,0.237836315727322,0.929089944635791,0.0703424033324761,0.198164732728981,0.480381037762287,0.196704924165448,0.886330706389264,0.84362891964926,0.480381037762287,0.196704924165448,0,1,53.3441486631179,5.99393168148961,0.346549615459172,5.98642569890704,0.001,0.048,0.999,0,0,148.866309577267,18.1751319068372,0,0,26.1260342241039,8.38616020092343,0.0264375,0.0248125,0.14425,0.0248125
"logit",1,0.95,25,1000,63.3640564160552,3.18308378732169,38.3494035902946,3.58068719555396,35.8944104896363,53.8694860366172,45.8673184438331,21.7777222255957,12.3297166862211,47.2942514212556,2.04424570485253,24.379582057872,3.18906229299075,21.1575190078044,39.8796714908415,33.3076437626111,18.4517372622135,9.8322640357226,0,1,2.11646100391423,1.14628477077508,0.0154133094646808,0.125741810761665,1,0.001,0,0,0,113.628281453578,NA,0,0,1.34398279662321,NA,0.416375,0.4075,0.4268125,0.3735625
"logit",1,0.95,50,1000,13.010669357304,1.07965107353531,4.63632476170296,2.42748628895043,1.94664180220878,11.8048066977126,10.6876775541281,4.03374984888297,1.29128855656197,11.7841854338588,0.712726877983674,3.87081863498784,2.14592838496461,1.47432899294896,10.5976683066142,9.46884240722676,3.72306042235593,1.13263433738092,0,1,5.47296088765571,1.80469134230138,0.0560824147239842,0.913633503975652,0.974,0.006,0.026,0,0,470.238571841734,90.3975155467825,0,0,2.14727920671001,2.00854099311603,0.3075,0.2068125,0.3700625,0.173625
"logit",1,0.95,100,1000,4.92197520079858,0.441777138654036,1.37152798603133,1.52099690363926,0.353203221525951,4.55801245400144,4.21193069310177,1.56959833509393,0.330558802041795,4.55751912120845,0.28026741809539,1.19066090199889,1.33393095877434,0.269182638571656,4.20838432366969,3.88107326576442,1.37418656113086,0.252400352097674,0,1,12.128033334791,2.75952685148677,0.124395753628076,2.55219557832562,0.279,0.013,0.721,0,0,103.036047617371,36.7881364403908,0,0,4.84602755903772,3.53997341604394,0.18475,0.0445625,0.3065,0.040125
"logit",1,0.95,200,1000,2.13304232802405,0.205472753719498,0.504841259150696,0.928127360811356,0.271709766458291,2.0084909928244,1.88825697610267,0.928199424545762,0.271655596759517,2.02823596649371,0.140872267654414,0.448937083078881,0.848795783512966,0.208243170066432,1.90578788981009,1.77992231335452,0.848795783512966,0.208243170066432,0,1,25.4116436563306,3.99461191181484,0.225734323308334,3.99111324561172,0.005,0.043,0.995,0,0,128.664429697063,21.6826039828726,0,0,11.4467156265252,5.59640826300732,0.0820625,0.03225,0.2284375,0.03225
"logit",1,0.99,25,1000,339.833495124886,15.6206634324895,211.152098237522,6.33179763940311,250.824398607936,287.720765021286,244.369949088206,118.424938709272,68.189054994938,259.83316759708,9.06730498236725,147.304803140605,4.49242128915516,180.788286424976,214.447845092513,177.882962017019,99.3624253258164,54.659756316396,0,1,0.460537984479547,0.579383452728347,0.00290831787863176,0.0230921252277849,1,0.002,0,0,0,164.833495323577,NA,0.002,0,0.313132125859716,NA,0.4659375,0.4678125,0.46975,0.4478125
"logit",1,0.99,50,1000,69.8447965391556,4.86514616130867,27.305233940144,4.32512440312749,26.8657497247678,62.959246735182,56.6140993570264,21.4660422408753,7.00325778194005,61.558105397372,3.01534781000996,22.5566538560478,3.50592631100107,21.4199773045399,55.2738130902819,49.2847678054498,19.9882769768489,6.05603863465216,0,1,1.17869563631318,0.87858628594298,0.0116118775298298,0.173843845274631,1,0,0,0,0,NA,NA,0,0,NA,NA,0.4163125,0.4135625,0.44475,0.3426875
"logit",1,0.99,100,1000,25.2054667352904,1.9658960599887,7.88484346721722,3.26251678522053,3.88308273559338,22.9957113090955,20.9196585334901,6.20591632814175,1.22386080469237,23.2752745601911,1.25045329836939,6.93261370790989,2.89421142060159,3.08840959831935,21.1964148071681,19.1072731896357,5.76083865938353,1.06295689726084,0,1,2.56201820359015,1.22442902149132,0.0290828293648093,0.610356537287924,0.995,0.005,0.005,0,0,84.3650165361169,164.367942004726,0.003,0,0.989972503029618,1.57399417300461,0.346875,0.2835,0.4115625,0.171875
"logit",1,0.99,200,1000,11.3731965100848,0.931814032612918,3.05063731964267,2.44273777975839,0.544858439420441,10.4860558736074,9.64203261749551,2.64113298267303,0.353147259597734,10.9237163077444,0.650069515425481,2.7197406185688,2.18013598683407,0.404267536717535,9.93318514911197,9.07007122866202,2.36709642869199,0.294688082901762,0,1,5.17710382111067,1.7497058609199,0.0602897285197061,1.49800907913136,0.502,0.02,0.498,0,0,136.050659337387,68.5945913674788,0,0,2.28961923795624,2.0917536665778,0.272,0.0755625,0.373,0.045125
"logit",1.5,0.8,25,1000,17.1477176166574,1.09900389144659,9.73063306145689,2.49616406782014,6.34387321553857,14.7391259518903,12.6947618654244,6.14303863346624,3.52129425519944,13.6152574037689,0.673224982464814,6.68032952900597,2.08370488612106,3.47896878138919,11.5381796874258,9.6940918530761,5.16723066958215,2.77977964884889,0,1,10.4333664861901,2.51946694373428,0.0766227699050202,0.691258050095546,0.996,0,0.004,0,0,NA,225.09884470609,0,0,NA,3.31978486949358,0.3519375,0.2985,0.3726875,0.27475
"logit",1.5,0.8,50,1000,3.7633855863023,0.345170655512825,1.27114012941502,1.39302001487502,0.521772741699365,3.47277538114937,3.19938407932235,1.43946520413351,0.521681711308811,3.36874338180136,0.229009976958637,1.02380219738291,1.24204793503542,0.442612254578582,3.08508429363538,2.80437112244232,1.30018655593874,0.445182341971288,0,1,27.752260753282,4.195963893747,0.239062666013517,3.8724830486031,0.271,0.002,0.729,0,0,97.6054260330496,26.2615283794979,0,0,6.85626746047949,3.77239252755251,0.185375,0.0766875,0.2781875,0.077375
"logit",1.5,0.8,100,1000,1.34515431456949,0.138395190254385,0.365437334209203,0.720394056967737,0.330096291111943,1.27562808880369,1.20839407898448,0.720501655363808,0.330056268762811,1.27559212070292,0.0974250805320749,0.311083021966548,0.66043855340033,0.284603064065959,1.20060804807729,1.13117743219498,0.66043855340033,0.284603064065959,0,1,62.3277165601884,6.54193450228224,0.441807826907839,6.53092138192011,0.004,0.018,0.996,0,0,171.676107347721,15.9468643669523,0,0,18.5429950776615,6.03954873404418,0.0663125,0.0435625,0.1758125,0.0435625
"logit",1.5,0.8,200,1000,0.601378758443188,0.0691328201332754,0.146216728565246,0.395365185736963,0.238892541959283,0.58176985247111,0.562525924827512,0.395365185736963,0.238892541959283,0.568682623112588,0.0500640869995639,0.123778255793577,0.371310497688836,0.214964681814534,0.550070401074672,0.531142598589811,0.371310497688836,0.214964681814534,0,1,125.021399565409,9.36924945683149,0.629760390195957,9.36924945683149,0,0.054,1,0,0,163.74260626365,14.7079794529428,0,0,44.2681589475739,8.85109427048947,0.014,0.022125,0.088625,0.022125
"logit",1.5,0.9,25,1000,41.4060809976039,2.6065826673614,23.6406459076285,4.10454213551766,18.8735125394259,35.4995806738394,30.5083437149832,14.6936695828971,8.41277018156735,32.1949086562967,1.51799372975951,15.7774114712071,3.34039515689137,11.3315398492754,26.4284773702439,22.5648937194001,12.5889934986151,6.82180632258525,0,1,4.46921866612305,1.66265835364185,0.0338639550282092,0.293030977890871,1,0,0,0,0,NA,NA,0,0,NA,NA,0.397125,0.3728125,0.4101875,0.34675
"logit",1.5,0.9,50,1000,9.04935065221263,0.793098034830989,3.10329052812545,2.44629174103423,1.04049791251404,8.27357751595624,7.54947180387663,2.89215009891546,0.951800169731924,8.04474697794809,0.50548904145883,2.53195323120571,2.16601198624069,0.825603204725421,7.29862955701883,6.652079512702,2.5849866447932,0.801296882947652,0,1,12.1297821030483,2.70641759164831,0.118054001960546,2.00528006835166,0.705,0.003,0.295,0,0,272.127824064688,48.9791444808382,0,0,3.74853259547835,2.17259372078742,0.267375,0.141625,0.3475625,0.1351875
"logit",1.5,0.9,100,1000,3.31007777184138,0.331861075750551,0.855036733524949,1.4119719113552,0.450838360116643,3.09134954423771,2.88208975459177,1.41488495640963,0.450137678922046,3.06057731664555,0.226554199689002,0.718936854657667,1.25212099288811,0.362463065965301,2.86494440925689,2.64919313303967,1.25212099288811,0.361117514102473,0,1,26.8318861093533,4.0969733073928,0.25262703002712,4.04803776808855,0.036,0.021,0.964,0,0,104.156862094526,21.0425666907832,0,0,6.58179650288755,3.83610797029291,0.1356875,0.063875,0.271625,0.06375
"logit",1.5,0.9,200,1000,1.46419930250471,0.150937673639818,0.319054123613408,0.808519814935764,0.370435432200727,1.39210413834629,1.3220723985826,0.808519814935764,0.370435432200727,1.35959400694921,0.106974022614981,0.28091417286768,0.743095628841875,0.317445282311713,1.28900621836032,1.2182605918937,0.743095628841875,0.317445282311713,0,1,52.8935817771796,5.90956598246592,0.422176294303556,5.90956598246592,0,0.052,1,0,0,133.438222688664,15.1316873354047,0,0,18.2985734474886,5.57249283145248,0.0484375,0.0485625,0.1901875,0.0485625
"logit",1.5,0.95,25,1000,91.5157059285413,5.31209417231025,53.488503414726,5.76733267279129,50.0834728714371,78.1337551819406,66.8642080355645,32.4514203326941,18.4979411923872,70.5527146147256,3.143808167181,36.0666327428031,4.84111470616936,32.0156681035014,59.6419034930627,50.2714123793175,27.7153560048847,14.6903708126948,0,1,2.14030862685033,1.15701766097935,0.0156270693739847,0.128648743926174,1,0,0,0,0,NA,NA,0,0,NA,NA,0.426375,0.4183125,0.4425625,0.3963125
"logit",1.5,0.95,50,1000,18.9808715517874,1.58761427524069,6.65410950483461,3.68760773339082,2.77033511219912,17.2457347905354,15.6365605112691,5.91237612113661,1.95286534512966,17.2633736994699,1.04598513610893,5.47722881456289,3.22822589539737,2.04893384909282,15.5256421870987,13.907830598799,5.42608297486646,1.71033752114414,0,1,5.82230997190465,1.86315028992938,0.0603737631166264,0.982631081741022,0.946,0.005,0.054,0,0,222.193429796666,84.8978575833279,0.001,0.002,1.22808037962665,1.39558877213895,0.332,0.241625,0.3921875,0.21625
"logit",1.5,0.95,100,1000,6.85794121067284,0.589783492805019,1.97781458085614,2.17587279406112,0.508842475948737,6.3274218059752,5.82430887075346,2.23646769872392,0.487247662009287,6.42812447637207,0.40994920126184,1.75347116949276,1.94818624175079,0.396245948421995,5.85447902827511,5.36002838770055,1.99888771410802,0.368869586605957,0,1,13.541481390103,2.86392436354163,0.141383195445554,2.6602946032997,0.256,0.01,0.744,0,0,108.225092134094,33.5597360126308,0,0,3.5505277471391,2.50931420721543,0.2283125,0.0690625,0.3380625,0.0651875
"logit",1.5,0.95,200,1000,3.07564850754033,0.298778901985922,0.729696091468249,1.36615811566691,0.420214190124875,2.88173705731476,2.69517803943524,1.36654417064734,0.419930973368922,2.90051098742074,0.202683840569701,0.649078492229264,1.24441517811402,0.320128867162755,2.71563986903154,2.52628950044983,1.24441517811402,0.320128867162755,0,1,27.2113909476253,4.09446816563733,0.261235535103389,4.08247865518688,0.007,0.048,0.993,0,0,135.904043876174,19.3361850720566,0,0,8.0418712706086,3.8674020316823,0.114,0.0583125,0.270875,0.0583125
"logit",1.5,0.99,25,1000,464.794606000254,23.5884319955358,283.153470032048,10.5987149899313,332.527171819686,396.352808876739,338.635676027147,165.860841500645,94.9143634798098,356.747134951098,13.8556585517728,184.902015470784,7.76129839148145,230.751464245567,307.05857682549,259.975678586528,140.039573644316,77.4267073961242,0,1,0.482725827348612,0.584290564639423,0.00318273143699588,0.0256859942416825,1,0.001,0,0,0,652.287565496777,NA,0.001,0,0.210902867492764,NA,0.467375,0.4724375,0.475375,0.452625
"logit",1.5,0.99,50,1000,101.0984384777,7.41525846689317,38.4227628206189,6.69620619089156,37.390432059375,91.4302853631481,82.495920737788,30.9386223598691,10.005481383579,92.3329801928898,4.82344217065274,32.3475573888253,5.42707353714063,29.6498613539589,82.7948109258843,73.5170217452163,28.9317570875422,8.76135692173805,0,1,1.19515740983734,0.898137978591829,0.0119024835145778,0.185800160379601,1,0.003,0,0,0,407.832215976475,NA,0.003,0,0.416990276051847,NA,0.424875,0.4223125,0.4461875,0.363
"logit",1.5,0.99,100,1000,37.1208260050484,2.99094876048507,11.3226207887027,4.87637510345791,5.40840817521503,33.9832554413863,31.0292671122589,9.11691242217464,1.76781881329415,34.3479994356328,1.87645981692342,9.74660831086145,4.16244539958594,4.37443850477834,31.2872931785862,28.2574258804189,8.4813901266408,1.51246891624072,0,1,2.73260543964097,1.28527418154905,0.0307097146065937,0.647221601607568,0.993,0.011,0.007,0,0,169.948318616179,108.796321005855,0.011,0.007,0.704618428869915,0.710313744703682,0.3705,0.3136875,0.422625,0.21125
"logit",1.5,0.99,200,1000,16.4585246060438,1.3389137020359,4.4803181609849,3.6877582291624,0.684919987261982,15.1812694854061,13.9667064279142,3.9119451935709,0.477576262151396,15.3509094960644,0.886651698370833,3.98388850427365,3.25979609905802,0.505545228614377,14.0593876675387,12.7997439572947,3.44947853480782,0.402217110720433,0,1,5.72881511367947,1.77885323844116,0.0650790498539828,1.56679438781569,0.426,0.026,0.574,0,0,155.397294250505,64.3081788494914,0,0.006,1.73498607802437,1.43173677699165,0.304625,0.1001875,0.3894375,0.070125
"logit",2,0.8,25,1000,22.5871794606763,1.48728774712361,12.6628665547005,3.3625958350252,8.23427223293845,19.5013181275057,16.8702311516241,7.93130360062301,4.5905387134241,17.5052234985932,0.88934727548527,8.55023703570568,2.73478695270775,4.70735995507643,14.8190369802595,12.5487233552478,6.91165356858618,3.76142608663043,0,1,10.4669881069141,2.56540729108177,0.0798936558457162,0.740797065298288,0.997,0.002,0.003,0,0,122.404501372748,52.4420623473787,0,0,3.18012438636933,1.87018914976562,0.366375,0.3150625,0.381875,0.2940625
"logit",2,0.8,50,1000,4.72725223323881,0.470485109617874,1.51042184587251,1.85241887800261,0.719240961970735,4.35609189819716,4.00791437916319,1.90138917708193,0.715867176826702,4.1984173431201,0.321114005215568,1.20915393189061,1.70877707224237,0.600685762104301,3.85378199124057,3.55518116844909,1.74019822567956,0.600768005902198,0,1,28.3052666889515,4.18935901000478,0.261482015380474,3.85579831496701,0.251,0.006,0.749,0,0,112.751559630386,23.7421476971881,0,0,6.18444264995411,2.77532313228579,0.205,0.1050625,0.2948125,0.1046875
"logit",2,0.8,100,1000,1.77235655533657,0.18101051297526,0.470172704601785,0.964675262380988,0.450910653984607,1.67522449033252,1.58146462757724,0.964750419127226,0.450844191970271,1.64303235164874,0.127063695048448,0.396211050741792,0.869340925843209,0.383748610188211,1.55301262809463,1.45549825481036,0.869340925843209,0.383748610188211,0,1,65.39462204449,6.59476663790433,0.504813015029855,6.58492218712223,0.003,0.014,0.997,0,0,114.686241919304,14.2519634035756,0,0,12.1452863915928,4.61780428564823,0.0891875,0.06475,0.20575,0.06475
"logit",2,0.8,200,1000,0.777511014241132,0.0923831717067622,0.181288964594383,0.517378345892461,0.318336555149058,0.748821599903809,0.720737146562514,0.517378345892461,0.318336555149058,0.735223665036084,0.0627185679294195,0.149416579165957,0.48572177250938,0.286665568908698,0.706296005491376,0.67760714390104,0.48572177250938,0.286665568908698,0,1,130.029401659235,9.57795633739342,0.762824483731347,9.57795633739342,0,0.074,1,0,0,147.783327731964,12.5242001206527,0,0,32.9433784298923,6.69719640970476,0.022875,0.04,0.1151875,0.04
"logit",2,0.9,25,1000,52.1237973431201,3.10780966486511,30.0731365052199,5.29395466897668,23.4643737548757,44.4822887772076,38.0418688014398,18.7380858275039,10.8285202644955,40.611672001679,1.97367855025296,21.3483168912033,4.48435375916312,14.4576271699795,34.624336099462,29.4311184453689,16.1193489085898,8.84465424159668,0,1,4.80787592166321,1.70822008020906,0.035684079696438,0.306285345288038,1,0.001,0,0,0,77.6065520806772,NA,0,0,1.90146812452104,NA,0.4098125,0.383625,0.42075,0.3593125
"logit",2,0.9,50,1000,10.8859608811532,0.964060593148445,3.60677057106908,3.12590369504681,1.23608822490371,9.93833597385227,9.05587181330357,3.61401087927613,1.16863768503785,9.78704467204802,0.667340404164552,2.99853545181233,2.77604565960989,0.965051907863874,8.87118707781473,7.98072974973465,3.32947367056068,0.980875144441701,0,1,12.7304126192197,2.75966920060081,0.132696354694234,2.13921046516008,0.647,0,0.353,0,0,NA,46.3840254077021,0,0.002,NA,1.74757854301155,0.2831875,0.1564375,0.3591875,0.15475
"logit",2,0.9,100,1000,4.14993713808288,0.4008340985448,1.09200671071802,1.81588178095279,0.601438708595865,3.8639656461025,3.5910214474355,1.81790056909143,0.600654210233918,3.8176789943836,0.255465067818032,0.945523194405153,1.61291222299489,0.448913095000062,3.5494978975728,3.27483510069948,1.61291222299489,0.447401715942055,0,1,29.1050593051837,4.22430839622952,0.287623754696278,4.19461844336966,0.028,0.013,0.972,0,0,134.309030737221,19.178110366517,0,0,5.68444640035018,2.9533779396299,0.1619375,0.083625,0.2905,0.0835
"logit",2,0.9,200,1000,1.85165311648477,0.188329556345005,0.420931838741601,1.0345609698964,0.483674468464397,1.75248005495052,1.65644235019987,1.03457631874363,0.483664008044544,1.73814456556088,0.128513322906221,0.381609964060811,0.966181410476117,0.42259138520267,1.6364273253818,1.54880295394791,0.966181410476117,0.42259138520267,0,1,58.7465259976151,6.16076424480801,0.49235521591673,6.15887565714285,0.001,0.051,0.999,0,0,124.582778532616,13.7315673465477,0,0,14.7133008206104,4.30354983217527,0.0694375,0.07275,0.2133125,0.07275
"logit",2,0.95,25,1000,120.470195116968,6.73154220463001,70.7411487956999,7.62727944926642,66.0254451506011,103.544552785105,89.1711297689923,41.8175550972815,24.2186335126446,93.0442640895169,4.31896576821959,45.9517746238656,6.38239081413926,40.4211980882883,78.1564018509718,65.7432907054479,37.0430586929398,19.6029634333451,0,1,2.23917902525515,1.20666844311135,0.0166390358526752,0.141036712186694,1,0,0,0,0,NA,NA,0,0,NA,NA,0.434375,0.4269375,0.445,0.4048125
"logit",2,0.95,50,1000,24.9468113575085,2.07353791278431,8.67536654613192,4.90344939083473,3.53341869747306,22.7222704480784,20.6537677461149,7.62025573903323,2.46031345080464,22.6992864730231,1.45921735694435,7.02907720141272,4.48602874682409,2.51625371758207,20.4559236205992,18.4206130964183,6.97051434816524,2.12724167989033,0,1,5.75555918408363,1.85352177272362,0.0615485181128214,1.03683110596718,0.951,0.003,0.049,0,0,236.824364424659,95.7530429968132,0.001,0.015,1.43717473011486,1.14672467515629,0.3475625,0.2639375,0.40575,0.243125
"logit",2,0.95,100,1000,9.02653793208205,0.800443249401738,2.52642947335779,2.9802514485847,0.692687621453513,8.33622611945334,7.68163283748765,3.02871156932861,0.670421825868464,8.29888885459978,0.532622301957769,2.19542841833985,2.6464589941341,0.517068589602807,7.64577349729106,6.96671654676939,2.67831368910136,0.503958620138221,0,1,13.9435362071814,2.8551453453889,0.150362426046361,2.70312002980666,0.185,0.013,0.815,0,0,145.540857068734,32.9380192781316,0,0.001,2.88617384988675,1.90269016901707,0.2471875,0.095625,0.3531875,0.0911875
"logit",2,0.95,200,1000,3.93690774428384,0.376535525741582,0.925532217989543,1.77982257119856,0.562227920928006,3.67805306502157,3.42947915282883,1.77988191896289,0.562211449918395,3.70985164949839,0.256936252044986,0.835099430341162,1.62956336817766,0.459058941531725,3.44586920944386,3.20105419090335,1.62956336817766,0.459058941531725,0,1,27.7626129912088,4.1738545656364,0.291562729491012,4.17253230053752,0.004,0.039,0.996,0,0,127.393764681173,17.9133215230462,0,0,6.82779456335557,2.94747044029259,0.1411875,0.0820625,0.290875,0.0820625
"logit",2,0.99,25,1000,630.002108771234,32.4724980381073,378.265220034489,15.0387636240499,446.197720326949,542.46795787864,468.327459989799,222.003212655825,127.727169277275,505.329694697965,20.7293142606404,256.984672681813,11.4855723160871,307.741553599509,419.742146430056,355.473717960665,193.736647060411,105.139051315867,0,1,0.471463871461678,0.56965939666344,0.00310452704730518,0.0268000873410154,1,0.001,0,0,0,122.51341169803,NA,0.001,0,0.110400510458784,NA,0.4715625,0.47275,0.4785625,0.4583125
"logit",2,0.99,50,1000,125.585189625824,9.54544066240641,46.8939514214564,9.06425275642051,44.2888850140822,113.68791277454,102.707752638622,38.8561717658894,13.0094020138353,111.444577322847,6.17445522119951,38.2405605867774,7.52094588996017,35.506118700609,100.062186544809,89.3893644990026,35.5355864345375,11.1244560728899,0,1,1.27826516791922,0.925057731007543,0.0128247015054788,0.1984671523513,1,0,0,0,0,NA,NA,0,0,NA,NA,0.433625,0.4283125,0.457125,0.3753125
"logit",2,0.99,100,1000,48.4778227854178,3.90039051504104,14.5415436408459,6.54801401571099,6.88268752268664,44.4694760698266,40.6916467594925,11.9267454675549,2.27215777184743,44.9455349078533,2.49064542773015,12.5739126889752,5.35995987891946,5.54961746007649,40.8936734897457,36.953740756417,10.8745833384499,1.90301742005302,0,1,2.83057989354343,1.33142462942401,0.0319241522515243,0.684564827120214,0.99,0.004,0.01,0,0,138.005917731972,142.809129129816,0.004,0.01,0.52319286182493,0.572186823485518,0.39075,0.3344375,0.430625,0.233375
"logit",2,0.99,200,1000,20.6565213686758,1.67528366690633,5.75653491100901,4.62834906318389,0.883243612427264,19.0256979203446,17.4768320087702,4.93803554546235,0.623562395971752,19.4235320842704,1.07936312003937,5.33590980012695,4.05294111970789,0.688087435993693,17.7959520857061,16.2156324065231,4.37214574772956,0.52595733394199,0,1,6.14055569449831,1.88015779842207,0.0696829162236392,1.65102780209257,0.446,0.03,0.554,0,0,126.94952520462,68.1074791211234,0.004,0.091,1.25253844240146,1.14969821267982,0.3260625,0.1225,0.3999375,0.09175
"probit",0.5,0.8,25,1000,1.61453900125496,0.100014164919174,0.950336545963512,0.323127991803107,0.492229620406096,1.42290269544018,1.25499425043769,0.554789890931697,0.312837159445989,1.24881978172272,0.0663985540746637,0.628635040678046,0.275637362160466,0.263852951402567,1.10586549544172,0.960211281604661,0.470785530717625,0.253524461292629,0,1,31.4247343682847,4.79671070085098,0.148785458377981,2.16004074624251,0.908,0.001,0.092,0,0,291.295191402884,54.189995997474,0,0,38.114340621193,15.0402631234137,0.124125,0.0554375,0.1625625,0.0363125
"probit",0.5,0.8,50,1000,0.2938314635043,0.0316854562656059,0.11513719196848,0.14759226714617,0.0707870792861766,0.284374760229908,0.275146754205605,0.147771798030543,0.070787268765262,0.25894399557135,0.0237065551271287,0.0942570238499966,0.131239875486422,0.0597242035786207,0.251554528547222,0.244190064452238,0.131239875486422,0.0597242035786207,0,1,95.0055510501062,8.33788159164808,0.263599152552231,8.26038339720899,0.03,0.006,0.97,0,0,181.748576828367,32.2760978994819,0,0,84.8162029102811,23.2823853138407,0.00375,0.0005625,0.0284375,0.0005625
"probit",0.5,0.8,100,1000,0.0877662190262276,0.0144314494880822,0.0305515366440681,0.0622811030801374,0.042690083241807,0.086882514281811,0.0860046644781644,0.0622811030801374,0.042690083241807,0.0807978560431277,0.01200540115872,0.0257078038685205,0.056993314385445,0.0385435607475091,0.0800878706123296,0.0793461614596755,0.056993314385445,0.0385435607475091,0,1,216.755035895363,13.1144201330512,0.303433729498734,13.1144201330512,0,0.039,1,0,0,298.428682800398,40.9958687936705,0,0,220.900517427884,37.554413430137,0,0,0.0006875,0
"probit",0.5,0.8,200,1000,0.0313869977965263,0.00735812055182674,0.0123540753183304,0.0260738320005809,0.0214353801319609,0.0312745326800757,0.0311623256098932,0.0260738320005809,0.0214353801319609,0.0285219033481909,0.00635930533562744,0.0105657536305501,0.0240024786476513,0.0193944165870349,0.0284099766372077,0.0283167280790983,0.0240024786476513,0.0193944165870349,0,1,470.410264401018,19.7398968915827,0.322040952762009,19.7398968915827,0,0.161,1,0,0,680.352998358738,57.9937236145523,0,0,597.565195032793,56.2322271244195,0,0,0,0
"probit",0.5,0.9,25,1000,3.79924867628313,0.19780235831262,2.28456378728844,0.524402385845996,1.40091970447709,3.27270113945916,2.82362062672103,1.30799762661126,0.737363073830946,2.99318150352742,0.119374877300327,1.64888468934584,0.42408143614127,0.834452673623273,2.52755056714022,2.16213389038501,1.11622833955611,0.594229527929347,0,1,15.7888049573928,3.36408045111992,0.0865263983159603,0.913034896168305,0.995,0,0.005,0,0,NA,76.8534674941246,0,0,NA,10.7806827882053,0.2199375,0.14875,0.24925,0.1084375
"probit",0.5,0.9,50,1000,0.663528053191551,0.0534873959547294,0.264904489280828,0.248660837607892,0.0975404460514807,0.62844506573595,0.594752207992676,0.255606019487403,0.0965512652421436,0.574632099998573,0.0351248994693827,0.207353855538776,0.218005672649618,0.0814423946334936,0.540929277655152,0.513571952041933,0.22402801556439,0.079352377181749,0,1,49.4111717526137,6.14523685680476,0.207135659202284,5.68420632833672,0.262,0.003,0.738,0,0,131.044294463591,34.7862515835909,0,0,37.2884315601384,16.8887603049339,0.0269375,0.0026875,0.089875,0.002625
"probit",0.5,0.9,100,1000,0.20609524881914,0.0210897726649701,0.0679389784814478,0.11819241394326,0.0615749316018323,0.201741014292393,0.197446477612059,0.118201615820737,0.0615658789304529,0.192296010952637,0.0160583045208039,0.0582241842500609,0.107537638619089,0.0538614967260547,0.187876653947788,0.183470776797945,0.107537638619089,0.0538614967260547,0,1,124.457034119075,9.77632183540205,0.276468093157302,9.77147799075991,0.001,0.007,0.999,0,0,215.951417640969,34.3962715547108,0,0,109.754834130839,27.5134586194889,0.0008125,0.00025,0.0130625,0.00025
"probit",0.5,0.9,200,1000,0.0718204962758701,0.00964059700680042,0.0207589603829458,0.0520947546921749,0.0364111292734023,0.0712442610996141,0.0706708529862431,0.0520947546921749,0.0364111292734023,0.0669331919741045,0.00743070647081943,0.0182528046410137,0.0478528731435253,0.0325242046418077,0.0664094397131727,0.0658552219545033,0.0478528731435253,0.0325242046418077,0,1,290.771135530475,15.2734097072177,0.311153550421145,15.2734097072177,0,0.029,1,0,0,352.980727331403,46.3797793873026,0,0,278.827317908393,43.1384633695252,0,0,0.0001875,0
"probit",0.5,0.95,25,1000,8.30378576358586,0.357697430313455,5.25281709856684,0.782332187504232,3.79848556071166,7.03678627163085,5.98214311690926,2.81194851294681,1.56142120405462,6.59091822174418,0.230940510031514,3.70602324043169,0.663135071080456,2.36493624130157,5.39517843554472,4.45342243797072,2.42175414047174,1.27167657341794,0,1,8.31813343397361,2.35408472991522,0.0488191003552311,0.413477020170253,1,0,0,0,0,NA,NA,0,0,NA,NA,0.2960625,0.2539375,0.3180625,0.1936875
"probit",0.5,0.95,50,1000,1.44747902859666,0.0970557997378041,0.628665923183546,0.400134969566315,0.193726719197006,1.33727726910429,1.23349699131981,0.471763074944223,0.16910375905777,1.27523293469198,0.0617156512507521,0.516719412341198,0.33743301150509,0.15121303510625,1.16885290561792,1.06898225376284,0.421209349726963,0.145603243563327,0,1,26.3257045967236,4.34843805389133,0.148341797071359,3.22107944406435,0.663,0.003,0.337,0,0,217.735588693358,44.2840726924013,0,0,17.3931026461029,10.5742728219111,0.0955625,0.0151875,0.1718125,0.010625
"probit",0.5,0.95,100,1000,0.443034805958785,0.0358952277321303,0.158398659646391,0.201648438473744,0.0782711702172773,0.426915535407638,0.411176704193207,0.201872535686881,0.0782490363250503,0.400358788850271,0.0246750878618516,0.134782885426254,0.176463915095815,0.0630081109638595,0.38583936745009,0.370847046332168,0.176463915095815,0.0629793375080604,0,1,68.9507708789915,7.23593292800879,0.234316694880433,7.18481587691258,0.026,0.003,0.974,0,0,130.272055519521,32.3916913109344,0,0,48.7442364776003,20.4307087044681,0.009125,0.0013125,0.0576875,0.0013125
"probit",0.5,0.95,200,1000,0.15688870576844,0.0158395332308484,0.0484504103400601,0.0972459177281568,0.0554411936746733,0.15444212744556,0.152018940368168,0.0972481033602398,0.0554412923605213,0.14453627022525,0.0103133539251564,0.041740273580111,0.0871573492506067,0.0467003984959895,0.142313880491595,0.140163975624463,0.0871573492506067,0.0467003984959895,5e-06,1,169.311915907425,11.54220293775,0.288144446673669,11.5376194273758,0.001,0.008,0.999,0,0,656.793413282784,38.3559136697582,0,0,121.609866234578,32.5633440667076,0.00025,0.0003125,0.0059375,0.0003125
"probit",0.5,0.99,25,1000,43.458977329909,1.74960779429914,28.5535867362599,1.78765420440937,27.6157467305192,36.2855660782226,30.3697814145144,14.7337144315752,8.32171797500788,33.8028456508794,1.00315248917137,19.2980030014096,1.41211968705385,17.8662260694336,27.5347544558072,22.2115959411127,12.7558782146865,6.5883824736151,0,1,1.76599112043709,1.03080816528671,0.0109614756228234,0.0801177854679985,1,0,0,0,0,NA,NA,0,0,NA,NA,0.404625,0.3983125,0.4114375,0.348
"probit",0.5,0.99,50,1000,7.97999093749713,0.466705018574411,3.70660718036822,1.05738824420426,1.97312434116411,7.15485138253381,6.39802426858285,2.40085867697905,0.874088462625975,6.92933013543766,0.31499698619283,2.96224977982637,0.91494146624534,1.41603844216778,6.19642808048318,5.45672052318586,2.16468258033988,0.755895417783146,0,1,5.29523795441131,1.83415059049823,0.0434778702128932,0.661281904389434,0.999,0.001,0.001,0,0,125.564702199535,118.489597110507,0,0,4.58003071644069,4.48784949937322,0.285875,0.2075625,0.33325,0.132875
"probit",0.5,0.99,100,1000,2.30842556334587,0.153779278903647,0.927673873598169,0.569167198518229,0.24364905172424,2.12731777360955,1.95593212954521,0.658673305994012,0.192703175589541,2.08960614598828,0.105251732054865,0.79229854649594,0.499368442987035,0.199025570183382,1.90515769263312,1.74415055469298,0.591898496688941,0.166736910069635,0,1,15.3486880889919,3.24489083433984,0.109902813750426,2.48258779571046,0.678,0.004,0.322,0,0,196.747691024388,51.1039666035509,0,0,7.7200782417388,7.21373636602792,0.13775,0.0235,0.231125,0.01475
"probit",0.5,0.99,200,1000,0.819176308534642,0.059577361857683,0.291525872831597,0.315179343976469,0.0943285868187936,0.778590446083697,0.739260154170348,0.316270275632551,0.0937506656612215,0.743892506861639,0.0406617951086497,0.256524845544548,0.280618895942399,0.0706986490018112,0.706445736497247,0.671229701995523,0.280818807809708,0.0704721329101872,0,1,38.8012191636179,5.23342176939859,0.189440102560443,5.14972609013551,0.059,0.003,0.941,0,0,105.075144390728,32.4480903810279,0,0,23.8530607196774,14.6837330366038,0.032875,0.0033125,0.1165,0.0033125
"probit",1,0.8,25,1000,3.02783450340982,0.192481870113966,1.76147199237062,0.651214984861573,0.889439873419926,2.63354591014638,2.29353724132511,1.06448826548631,0.615398690192978,2.32429096553362,0.114988038504332,1.20021265375667,0.550221863273643,0.511182587192091,2.00194166579842,1.71005042863372,0.911565406623958,0.488662502582968,0,1,35.228434842685,4.98968319171089,0.202671979530475,2.30113940000426,0.924,0,0.076,0,0,NA,41.981848855748,0,0,NA,7.78837949833807,0.1929375,0.1051875,0.2291875,0.09125
"probit",1,0.8,50,1000,0.561095851472478,0.0559789620651182,0.212861838036825,0.285764982887898,0.138649476746579,0.534812941964218,0.509473018665257,0.286398926689164,0.138752781524915,0.504106384040746,0.0407174227771612,0.175396972207611,0.250768502457738,0.116748000557417,0.479172057126482,0.449356198353275,0.251761662555219,0.116925077763958,0,1,107.420838746254,8.92991487731906,0.437617797255457,8.80645468586841,0.035,0.004,0.965,0,0,138.846287700451,21.833875917698,0,0,42.2238326359505,12.7182900891082,0.0198125,0.0063125,0.076,0.0063125
"probit",1,0.8,100,1000,0.165797488310495,0.0228048390035332,0.054288909415329,0.116107638392937,0.078263330759229,0.162871051907203,0.159978420474773,0.116107638392937,0.078263330759229,0.151427762530201,0.0175713810196148,0.0454268323116387,0.104345836743237,0.0695764796178207,0.148587899492254,0.145602298767512,0.104345836743237,0.0695764796178207,0,1,273.375150608707,14.4018072978325,0.570287253233375,14.4018072978325,0,0.02,1,0,0,201.26869543874,24.0641971591991,0,0,112.854846314148,20.2269596753467,0.0004375,5e-04,0.0075625,5e-04
"probit",1,0.8,200,1000,0.0599720143540432,0.0109091511536484,0.0203263782207749,0.049228351792187,0.0398936805016269,0.0595736726820049,0.0591769843815556,0.049228351792187,0.0398936805016269,0.0559675905123451,0.00912819111317001,0.0173834337579987,0.0455027644421007,0.036381912398572,0.0556153636367249,0.0552425535527983,0.0455027644421007,0.036381912398572,0,1,596.947821231239,21.8544896008475,0.632084812357602,21.8544896008475,0,0.076,1,0,0,411.521686454109,32.3142934399588,0,0,323.969704199891,30.6844567089394,0,0,6.25e-05,0
"probit",1,0.9,25,1000,7.3124512840809,0.401202371949334,4.43381806669321,1.08602267101235,2.6874944923532,6.24881337906451,5.34965653430826,2.56967865797532,1.44781360288712,5.60676749513599,0.233504993697996,3.02832555867004,0.900667998827082,1.50690804682152,4.85618783153031,4.06178220713796,2.19599826318122,1.17784929152017,0,1,16.7412449606067,3.42349150151275,0.104829740258283,0.966754563929688,0.989,0.002,0.011,0,0,215.08227138682,83.574668503937,0,0,4.44434096287818,5.93750396823196,0.2813125,0.2101875,0.308,0.1796875
"probit",1,0.9,50,1000,1.29695256721702,0.102492706846018,0.521871634333951,0.503442199569632,0.206121660663892,1.20864461640492,1.1249340317926,0.518470305439671,0.203301804981518,1.14702798772078,0.0662659531825086,0.428216805888085,0.431445432235361,0.161842421984457,1.06564556200934,0.990376382756251,0.452758854775199,0.160742067019971,0,1,55.6620548873705,6.28997970268264,0.308166749615686,5.81158057368518,0.23,0.001,0.77,0,0,399.714998986809,25.2744836771992,0,0,12.0600000626621,8.44809174469784,0.079,0.0178125,0.16175,0.017
"probit",1,0.9,100,1000,0.402666378529523,0.0384007160338571,0.131545473499073,0.23400325159147,0.123970041281174,0.389483011173699,0.376580501032079,0.23400325159147,0.123970041281174,0.36352732839929,0.0273157300504735,0.112284903886993,0.208089910612493,0.104755133746365,0.350097216803221,0.338727734684079,0.208089910612493,0.104755133746365,0,1,145.371228278088,10.2179691400793,0.480663917861171,10.2179691400793,0,0.006,1,0,0,236.186934044109,21.5144466022357,0,0,55.8039414295142,14.5222762526432,0.0060625,0.0059375,0.0511875,0.0059375
"probit",1,0.9,200,1000,0.143486133248026,0.0160408890468121,0.0420700618839766,0.10294459101763,0.070932839049395,0.14141849619279,0.139368874814387,0.10294459101763,0.070932839049395,0.134140613092845,0.0120808976541327,0.0353219900961884,0.0949318937004279,0.0636987813323561,0.132163298488676,0.130459845777869,0.0949318937004279,0.0636987813323561,0,1,328.31845254186,16.2177516786366,0.584664658533388,16.2177516786366,0,0.02,1,0,0,256.44049618585,26.266276120566,0,0,145.056123774483,23.0437432238486,6.25e-05,6.25e-05,0.003125,6.25e-05
"probit",1,0.95,25,1000,16.003393712147,0.794154079223744,9.922026227919,1.71230935166346,7.05537355394561,13.548135382496,11.489803610032,5.50164981167393,3.12070888742852,12.3792016548263,0.452766478359597,6.75349338739194,1.3337853576593,4.10454953290162,10.0931843679315,8.40017600490914,4.6553215080631,2.4331368195787,0,1,8.74576320552618,2.35601911564944,0.0565124876879401,0.461644827466305,0.999,0.001,0.001,0,0,285.721735468198,410.91454679532,0,0,3.03173477792489,4.80308011148983,0.347875,0.309125,0.361875,0.2648125
"probit",1,0.95,50,1000,2.72579059025898,0.186525559463738,1.18236718369141,0.804437819455268,0.374396449702918,2.47969039496443,2.25090578620088,0.922846324366038,0.340629814433303,2.50318876745219,0.119723911765817,0.959437078601149,0.713854146487437,0.300119245676334,2.24691211545698,2.02016638307924,0.82591628174168,0.293838308709063,0,1,27.6076550485352,4.34013877109615,0.199665620582759,3.35176200462618,0.606,0,0.394,0,0,NA,35.3152105950197,0,0,NA,5.26873002128464,0.1639375,0.046625,0.242875,0.0416875
"probit",1,0.95,100,1000,0.862169533581208,0.0654791029459366,0.314405644572223,0.395997942991385,0.155279775476562,0.816818492474347,0.773033548822467,0.396774847512873,0.154904915755517,0.78380083836298,0.0456330261452665,0.272645100265766,0.352056714959705,0.125593688488312,0.742755677355025,0.700726997399162,0.352056714959705,0.125593688488312,0,1,72.8978703955205,7.35746036167918,0.3697272922345,7.29137720014758,0.03,0.004,0.97,0,0,185.609276813384,21.7878980315969,0,0,27.6711791666736,10.1720251882692,0.0368125,0.0091875,0.124,0.009125
"probit",1,0.95,200,1000,0.309597651480812,0.0276123031618617,0.0977848655110836,0.189964440706177,0.106719565938443,0.30140762217153,0.293349409465876,0.189978278336341,0.106714286068181,0.286372767069765,0.0194810028455179,0.0840011002623825,0.174145353303212,0.0939832361000795,0.278490269080151,0.271396730400039,0.174145353303212,0.0939832361000795,0,1,179.129323546886,11.7520216552544,0.511623920046691,11.7465019997185,0.001,0.003,0.999,0,0,259.256502908959,22.1461024796936,0,0,61.2751649146223,16.5544227569082,0.0018125,0.003,0.0329375,0.003
"probit",1,0.99,25,1000,84.8519827510833,3.85845307992975,54.7026740714938,3.78528160249878,53.139112199111,71.3925332018788,60.2094073101292,29.1432007562897,16.4673812951642,64.9739314930734,2.18050176427038,36.4924980643956,3.0269796086896,35.1929003554117,54.1209740734543,45.4337008034178,24.8995521425184,13.1875168087621,0,1,1.83603195471854,1.08189865782757,0.0115289868445313,0.0856082148405812,1,0,0,0,0,NA,NA,0,0,NA,NA,0.43375,0.429375,0.4358125,0.38975
"probit",1,0.99,50,1000,14.7903871800917,0.903405743584594,6.73094578476885,2.13512274249056,3.3529041982846,13.1954974965638,11.7403755917996,4.57307802152861,1.66829562113721,12.859104811801,0.573833100334514,5.72518324157592,1.79065931142344,2.40536128882077,11.2852157395026,9.97648907388893,4.12723633474861,1.39745427103556,0,1,5.93552904734291,1.87925696544913,0.0518319125152784,0.705363143600728,0.995,0,0.005,0,0,NA,76.324813613182,0,0,NA,2.4947774521903,0.3389375,0.2666875,0.3771875,0.2051875
"probit",1,0.99,100,1000,4.44404002212818,0.286914673683033,1.80160760375143,1.15109156899384,0.449965655107319,4.04859088437182,3.67791531380757,1.29795118198309,0.372843896279428,4.00842273339303,0.182776185403324,1.5849037265169,1.00295609450427,0.368307452910543,3.64645059811141,3.28514138115947,1.17345095883485,0.320205331142422,0,1,16.8616605187684,3.23930107294983,0.137454035822507,2.55698440194899,0.631,0.002,0.369,0,0,126.911635347606,42.0748134162948,0,0,6.18780021302371,3.61973477413009,0.2146875,0.0616875,0.294375,0.0500625
"probit",1,0.99,200,1000,1.64552809413541,0.122171834833173,0.588414144907852,0.6494603108616,0.204003891064772,1.54056973055309,1.43989467555276,0.652167786568827,0.202431916643418,1.53316915118629,0.0768189658862678,0.511893684354056,0.580625020751319,0.154038078582403,1.42256916289984,1.32413978197162,0.58112153929555,0.150694902765906,5e-06,1,41.3174914511556,5.28359033779366,0.268369413516547,5.17208888446595,0.063,0.005,0.937,0,0,95.4405841642031,23.7459679918868,0,0,12.5759100087096,7.18991707669482,0.090875,0.018375,0.1946875,0.01825
"probit",1.5,0.8,25,1000,4.50303584604937,0.285297706711709,2.62847386418542,0.996085187349617,1.30873353419609,3.90106855092033,3.38110631576386,1.60343969565502,0.911390442782181,3.5862234382167,0.178459592178901,1.82946519360761,0.826116751011174,0.76264091923317,3.08688447144198,2.64854202497331,1.34455536620081,0.732585975683819,0,1,39.7891137907827,5.17659729098675,0.232343858790476,2.42005072464443,0.919,0.001,0.081,0,0,232.069844885916,50.8886974488358,0,0,9.05636993408608,5.06211377568817,0.2338125,0.145125,0.2675,0.133125
"probit",1.5,0.8,50,1000,0.792207427265237,0.0779482788670173,0.290895237356306,0.414615487448466,0.208446621981882,0.749305844453455,0.708188300138785,0.415108390950815,0.208378783904564,0.692466603344708,0.0532654040289686,0.23108992884106,0.362938590315227,0.172128151706108,0.648144138157484,0.608831188295648,0.362938590315227,0.171746770341838,0,1,116.530757811827,9.19705391171042,0.584612370936084,9.13606481448167,0.025,0.004,0.975,0,0,336.706870394936,17.1492692711856,0,0,30.4427969532528,8.70678684570949,0.0340625,0.0175625,0.10625,0.017625
"probit",1.5,0.8,100,1000,0.251057348852964,0.0319260687859118,0.076877713009523,0.176462497526146,0.119209143157699,0.245267733630839,0.239564668399228,0.176462497526146,0.119209143157699,0.226562223030915,0.0239930875752904,0.0654889126767309,0.158971926328163,0.108454227572101,0.22017359699041,0.215112966304003,0.158971926328163,0.108454227572101,0,1,288.842315196609,14.9034735028146,0.801370953355858,14.9034735028146,0,0.014,1,0,0,180.300645589489,17.8200906077505,0,0,74.8751477267852,14.0275876954901,0.0008125,0.004125,0.020875,0.004125
"probit",1.5,0.8,200,1000,0.0847347590110895,0.0136827522451758,0.0265832481110634,0.0694910971164264,0.056234942339796,0.0839445187117809,0.0831588393551116,0.0694910971164264,0.056234942339796,0.0787369384658772,0.0113802279871767,0.0237694617914209,0.064517338641939,0.0515390282836499,0.0779504800934568,0.0773360231139388,0.064517338641939,0.0515390282836499,0,1,656.665632301757,22.8654583407219,0.929708019267481,22.8654583407219,0,0.04,1,0,0,313.386754735604,23.315971429712,0,0,214.471429530686,21.4248777409928,0,6.25e-05,0.000375,6.25e-05
"probit",1.5,0.9,25,1000,10.97385221702,0.613732343298848,6.62707708071807,1.72457993064177,3.95817792995237,9.35968167067436,7.99890861488999,3.84708931016986,2.22202649876149,8.54963085998616,0.400604954960213,4.46926778905038,1.44354694962546,2.2784553358277,7.09194100823869,6.07706787692561,3.18872431499658,1.72812673787961,0,1,17.2660817381357,3.33222534422766,0.112655103571146,1.02017479107109,0.984,0,0.016,0,0,NA,64.9742284207126,0,0,NA,4.8884224092501,0.3164375,0.250625,0.339875,0.2278125
"probit",1.5,0.9,50,1000,1.93850639843645,0.157670617541235,0.768813530572764,0.78319401688859,0.325214421993587,1.79281206422781,1.65551978484622,0.798208758635742,0.322979777302655,1.69001288477446,0.10163589322874,0.620004649217799,0.676674728696818,0.264685302488895,1.5614454640492,1.44256342656815,0.688275386817036,0.262755021924227,0,1,56.5775280990069,6.23039540099374,0.368176227400207,5.87031562798416,0.186,0.003,0.814,0,0,249.744123860558,21.9648276586739,0,0,10.6061917985687,5.75950703695038,0.119,0.0391875,0.206875,0.038875
"probit",1.5,0.9,100,1000,0.599289065859181,0.0541769721524728,0.198223138326591,0.347792470403795,0.183273456178921,0.574647541253241,0.550663561938444,0.347806427278646,0.183265558264829,0.542792842663579,0.0368535158141632,0.164998806835914,0.312785450296775,0.160072637530502,0.521448914509341,0.499174788959797,0.312785450296775,0.160072637530502,0,1,147.462440792075,10.3418431158544,0.636011395047645,10.3378522875311,0.002,0.004,0.998,0,0,155.751429318179,16.721223310786,0,0,42.6108653709231,9.9605618815423,0.016,0.01425,0.0861875,0.01425
"probit",1.5,0.9,200,1000,0.205270597819457,0.0216613025358182,0.0603586719292162,0.147987200676139,0.102545938733428,0.201308067721277,0.197391944873807,0.147987200676139,0.102545938733428,0.192025070001533,0.0162048486200954,0.0527851370730608,0.135170599302652,0.0911029142272687,0.188769705302019,0.185068005628421,0.135170599302652,0.0911029142272687,0,1,361.033857637576,16.7542915257776,0.833353524289612,16.7542915257776,0,0.012,1,0,0,212.182339763682,19.1341957854057,0,0,97.8072990497792,15.630164029273,0.0001875,0.0018125,0.0135,0.0018125
"probit",1.5,0.95,25,1000,23.2214010487174,1.26643656357728,13.9824252947786,2.71946006150908,9.6515811372604,19.899797849043,17.0900564741034,8.15644622170866,4.61635378174834,17.9928210193516,0.710781859365087,9.52216141169931,2.19299883007694,5.74873307484265,14.9297018125637,12.7256760174955,6.94742033981303,3.74351196028636,0,1,8.99901884479187,2.34167066571576,0.0597484878284249,0.499279532586973,0.997,0,0.003,0,0,NA,161.736438459078,0,0,NA,1.66209694354938,0.3730625,0.33375,0.3840625,0.29975
"probit",1.5,0.95,50,1000,4.30328479058945,0.309979865582909,1.80579323403617,1.30862131842256,0.585221644844937,3.92133876519168,3.56635430236707,1.46721026003906,0.540145021486324,3.72389896379939,0.198605660571921,1.40531893993688,1.14565236402309,0.468056432363012,3.31882532690437,2.98602432550876,1.2902766711551,0.454765633121782,0,1,27.6153998770986,4.24782405506942,0.215902664712462,3.41497472701074,0.579,0,0.421,0,0,NA,32.626733263069,0,0,NA,3.54459012453426,0.2065,0.0804375,0.290125,0.077375
"probit",1.5,0.95,100,1000,1.2771284384046,0.103125388002555,0.451287270539042,0.614707122588215,0.255755897048511,1.20003322643456,1.12606849267229,0.615290301131661,0.255500461050239,1.1748979672128,0.0659202629969152,0.39114395248703,0.550067152187187,0.200189182010498,1.10673307039805,1.03553350728968,0.550067152187187,0.199907937029943,1e-05,1,77.1158273519566,7.27022609762729,0.462736332396697,7.22127923912578,0.017,0.003,0.983,0,0,176.68311964514,17.9143857841567,0,0,18.1482888318165,6.86326344372829,0.06375,0.026625,0.1655,0.0265625
"probit",1.5,0.95,200,1000,0.43545836105644,0.0379792040140084,0.138324353125196,0.271225252431849,0.155299916477828,0.420738837378024,0.406325999961383,0.271225252431849,0.155299916477828,0.405433436031621,0.0282388865430053,0.120298469610254,0.253912622630418,0.142141363682051,0.391530507909643,0.378242655828516,0.253912622630418,0.142141363682051,0,1,194.722413848784,11.9291546595796,0.703173021047113,11.9291546595796,0,0.008,1,0,0,168.399097674025,16.8374754360129,0,0,44.7769565280871,11.344766084428,0.0060625,0.0083125,0.056,0.0083125
"probit",1.5,0.99,25,1000,128.228512637844,5.75415470864193,82.8038819619532,5.5908957158603,81.3908353412098,108.462489942605,91.8914994456974,43.1673050513444,25.2971674999107,95.066277841686,3.42010854224903,53.6526190747592,4.42353302341761,52.0722879714852,78.2217672845467,65.3876886833952,36.7911059255254,19.985370396241,0,1,1.82493916093086,1.1120013046056,0.0115885364908869,0.091368499593311,1,0,0,0,0,NA,NA,0,0,NA,NA,0.44175,0.440125,0.4519375,0.41225
"probit",1.5,0.99,50,1000,21.7563101132071,1.4402655754233,9.74466727411618,3.34781981630363,4.7819778144383,19.4273914406451,17.3025801454834,6.76777855745809,2.50500870878642,19.4844153143361,0.856276068242861,7.9566570748616,2.76366476493663,3.57280615977604,17.2561575087456,15.0828488073847,6.10115532757865,2.18581906211714,0,1,5.93006735201353,1.878050018451,0.0533922827698059,0.745414385752183,0.994,0.001,0.006,0,0,345.628113981464,600.755660678235,0,0,1.07536268215585,1.49517609517559,0.3646875,0.2995625,0.39875,0.2485
"probit",1.5,0.99,100,1000,6.86312931950039,0.451792048623757,2.74670050655259,1.81928656440399,0.691144989662326,6.24627306440557,5.66870525340951,2.03136926046268,0.578947438952136,6.2699608375851,0.315703613387793,2.33024918353521,1.62116464728507,0.565237590502921,5.66003472646239,5.07742110712268,1.81769779699954,0.496251994968404,0,1,15.9915528087172,3.18331892676101,0.142869215262183,2.57874675119357,0.575,0.001,0.425,0,0,4527.11288877938,45.2732628362846,0,0,2.7049709932932,2.48132830810212,0.2611875,0.1028125,0.3281875,0.08725
"probit",1.5,0.99,200,1000,2.44729885477222,0.189186009941481,0.872855124549427,0.975346213639278,0.310942210941456,2.27418543540073,2.10920991041259,0.978204680703024,0.309563663251785,2.18846860150159,0.11327485608034,0.761661879162353,0.823321846279065,0.210855772504379,2.02364787219598,1.86647672544503,0.824808821063718,0.210350067665106,5e-06,1,42.201133975382,5.4134427734146,0.320538785473906,5.3281681961816,0.054,0.004,0.946,0,0,177.93836722848,22.5798491436646,0,0.001,8.24778464976884,4.9984573331119,0.134625,0.0330625,0.2353125,0.033
"probit",2,0.8,25,1000,6.04716826372422,0.401248300517387,3.44638683985858,1.37862073577601,1.72865618665257,5.24342600500884,4.55190978736089,2.12891272815628,1.21729919285475,4.71068582172759,0.243813346905244,2.29318624401186,1.16570392770841,1.03299105655553,4.06661669308324,3.45052745836892,1.80649423594743,0.966175306431782,0,1,37.9917043174823,5.05959423092847,0.247224936916607,2.56201499651559,0.884,0.002,0.116,0,0,1554.78207130297,50.8926239296458,0,0,9.75319970204211,3.89432262805689,0.261375,0.1688125,0.294375,0.1594375
"probit",2,0.8,50,1000,1.07699021025824,0.116644941156982,0.36994422341508,0.582252529444747,0.302666898823438,1.01501887546702,0.955796212829465,0.583042685561927,0.30272297704081,0.96210434693069,0.0792610985071881,0.30935547682836,0.521670833651778,0.250010794455228,0.907511028808675,0.859372354313305,0.521670833651778,0.250010794455228,0,1,113.606735981798,9.02634751976066,0.662091659985833,8.96229648467464,0.022,0.007,0.978,0,0,107.521172936291,15.0812967903028,0,0,23.7403590244714,6.49356733754143,0.05,0.0345625,0.145125,0.0345625
"probit",2,0.8,100,1000,0.325407078781096,0.0395600984604793,0.0972929974348112,0.230987860024083,0.157911183329584,0.316445900318737,0.307644308106031,0.230987860024083,0.157911183329584,0.298278931004017,0.028821338214761,0.0837892093002192,0.211435490177623,0.142008334681739,0.289163452713919,0.279994576451759,0.211435490177623,0.142008334681739,0,1,305.425320934018,15.057428723417,1.01882042388102,15.057428723417,0,0.009,1,0,0,149.753126228194,14.2887214099152,0,0,58.002567139461,10.5541955313047,0.0024375,0.008875,0.0358125,0.008875
"probit",2,0.8,200,1000,0.117293081431113,0.0181054459940466,0.0339680896573992,0.0963544905208059,0.0780627148201442,0.115936754100986,0.11459001806946,0.0963544905208059,0.0780627148201442,0.110955169390226,0.0142814832426651,0.0294368280553484,0.0899400063463509,0.071557938349342,0.10978606435289,0.108584910131697,0.0899400063463509,0.071557938349342,0,1,712.674149178076,23.288649852385,1.19044143616176,23.288649852385,0,0.048,1,0,0,257.362735734494,18.5639298107309,0,0,172.63667957722,16.4957094763555,0,0.000625,0.0026875,0.000625
"probit",2,0.9,25,1000,14.0929311695903,0.832510409636715,8.39983272611025,2.33113059236844,4.9948599972183,12.0698836325833,10.3561985095057,4.96201439291453,2.87288702422707,10.9083816468578,0.522747554534737,5.73949218267165,1.97774481704123,2.7703080599479,9.36144891276068,7.83182400026609,4.20261798089414,2.30635564940163,0,1,18.5434779352189,3.46935791538484,0.120990642463466,1.09755558510341,0.981,0.001,0.019,0,0,372.114933637566,77.9595280913231,0,0,4.41355904003887,2.41095531359378,0.336125,0.277625,0.35775,0.2585625
"probit",2,0.9,50,1000,2.58499407167768,0.222705503410067,1.02046374809486,1.07710881427703,0.468252252257909,2.38390133329768,2.19511722454936,1.09741309166555,0.464035910619301,2.32462126166769,0.14156987276401,0.81064191702537,0.988110404156899,0.380453722734535,2.15675695576453,1.9840000622579,1.00101863394192,0.377013119297147,0,1,60.3910300631492,6.2405311483188,0.413544139221375,5.89411115556558,0.173,0,0.827,0,0,NA,19.786907817274,0,0,NA,4.22541846874922,0.144375,0.0658125,0.234875,0.0655625
"probit",2,0.9,100,1000,0.780645989881179,0.0716890845004134,0.254598003206513,0.461738081165655,0.250461579212795,0.744532884641547,0.709517620876713,0.461738081165655,0.250461579212795,0.707943001329574,0.048613912830157,0.217538509291404,0.409751495544646,0.212560533331657,0.671566670417224,0.636293228720801,0.409751495544646,0.212560533331657,0,1,156.921339385445,10.6165665833844,0.772597994683275,10.6165665833844,0,0.007,1,0,0,240.519222790988,14.1818446279473,0,0,27.0502882020013,7.53958908497187,0.026125,0.0248125,0.115125,0.0248125
"probit",2,0.9,200,1000,0.271762035405042,0.0278205825777236,0.0806730429575398,0.196685080642836,0.136872537774399,0.265381991301901,0.259092654402821,0.196685080642836,0.136872537774399,0.244619840920371,0.019110961481723,0.0697017797142793,0.177861315602918,0.118835061858764,0.23929588560905,0.234271958200294,0.177861315602918,0.118835061858764,0,1,395.103094888586,17.0810119207954,1.0599260773461,17.0810119207954,0,0.017,1,0,0,219.420354015815,15.5014049241083,0,0,75.7917587544686,11.8881344874385,0.0008125,0.006,0.0245625,0.006
"probit",2,0.95,25,1000,30.427036609259,1.74830026048955,18.1774460805501,3.74323228950918,12.5710685281222,26.0957984828008,22.441526831232,10.6895417224575,6.13029241088724,24.0367818139418,0.987182115880328,13.0331569022564,2.99738702335536,7.52219771474787,20.2743615366592,16.9181733470273,8.94944016532042,4.9641801193541,0,1,8.83483616441219,2.35126984868695,0.0599344062558696,0.508459004408341,0.995,0,0.005,0,0,NA,78.8051031111447,0,0,NA,1.67393772395931,0.3846875,0.348,0.4005625,0.3243125
"probit",2,0.95,50,1000,5.45677051948474,0.403537641552779,2.27467537622271,1.71612294782637,0.760501548781465,4.95302392165199,4.48647438884279,1.89953744003312,0.710697138753163,4.8122916525946,0.265441778219779,1.84979328976471,1.50431339947424,0.614047419169445,4.30138484802357,3.89980891577845,1.697523419923,0.594662046952495,0,1,29.7261840264126,4.40691661111746,0.241201788311941,3.57801692760233,0.529,0.003,0.471,0,0,325.669434111126,30.2839834523545,0,0,6.66795504512921,2.71533501423058,0.2328125,0.1095,0.3026875,0.105
"probit",2,0.95,100,1000,1.67140996985846,0.136895981888498,0.580896461755403,0.818840745143151,0.347139724599705,1.56317553144748,1.45970532874469,0.819631896498203,0.346907734048829,1.53018271351363,0.0925820842868166,0.48816737913663,0.720068058379904,0.270291317549078,1.41015737461515,1.30684646826591,0.720068058379904,0.270291317549078,0,1,79.8340450502189,7.35671585486471,0.536714164308106,7.29577089720135,0.02,0.003,0.98,0,0,487.138181416379,15.6053521521265,0,0,18.2180258783587,5.14802174636309,0.09025,0.04475,0.1971875,0.04475
"probit",2,0.95,200,1000,0.590110129101484,0.0531243389631012,0.182694090952898,0.374282457156452,0.219860810185549,0.567258427446624,0.544953344683979,0.374292750992114,0.219856352785411,0.547319546778491,0.036278159673438,0.162787686099928,0.342954479129174,0.194691501668859,0.526757654747469,0.504100415220594,0.342954479129174,0.194691501668859,0,1,202.246911946896,12.0950602677803,0.8565481839946,12.0751050382751,0.001,0.007,0.999,0,0,217.307470136268,13.9603928637864,0,0,39.1788746148632,8.46477500781099,0.0129375,0.0198125,0.084125,0.0198125
"probit",2,0.99,25,1000,167.812626311589,8.57246765599374,104.052382614674,8.2968175554798,102.238535354414,143.182309242573,122.402378575916,58.5842895962297,33.8103289076465,129.664641941136,4.96252020120584,70.0560532711912,6.38058881404571,66.7129356587606,109.085728002554,90.090536017076,48.7903756940025,26.8127299608291,0,1,1.82049777896789,1.12120922205929,0.0116511493966197,0.0959223543799146,1,0,0,0,0,NA,NA,0,0,NA,NA,0.450625,0.4451875,0.4555625,0.4235
"probit",2,0.99,50,1000,29.2631450637081,1.87746742999934,13.1873660891805,4.4432745134107,6.46715088776589,26.2096143763948,23.4158969915656,9.02024986308674,3.3732806608691,26.4767294872876,1.20493655240858,11.3016749161162,3.85622160235436,4.83466243982881,23.3915717507156,20.1430526389373,8.21049269693614,2.93575288373159,0,1,6.37106872617986,1.94739552944579,0.0552388886687285,0.782908540618934,0.995,0,0.005,0,0,NA,104.728791617976,0,0.003,NA,0.986096782235399,0.378875,0.3174375,0.4109375,0.2796875
"probit",2,0.99,100,1000,8.9701248422558,0.627650620643726,3.48226002212025,2.46575324529997,0.869583264392728,8.16926677448021,7.41992783643749,2.68680254834321,0.752789905693225,8.07358542220516,0.384590697319075,3.00284309817608,2.10460391134423,0.711271365605169,7.27863209720865,6.50196723684367,2.34613987205729,0.627253827612104,0,1,17.2117846712311,3.23794331832404,0.156209509104296,2.69053862331736,0.543,0.001,0.457,0,0,516.829897459104,41.3843203183617,0,0.003,2.57927993341359,1.86841413714214,0.283875,0.1290625,0.3528125,0.115125
"probit",2,0.99,200,1000,3.11570931939248,0.236993380040158,1.10035679833312,1.28429921222011,0.421538496185184,2.87860426996051,2.6534031388555,1.28835173202436,0.419059048915095,2.90702028016122,0.149310463558216,0.972275893357505,1.11171614841364,0.306392266925959,2.67117100993547,2.42472026294656,1.11171614841364,0.305424760436802,5e-06,1,44.32153843448,5.36741525057281,0.3554675923959,5.25155802319919,0.051,0.003,0.949,0,0,174.313067476045,19.3819404950622,0,0,6.26447411152446,3.68125034121417,0.1605,0.057375,0.2624375,0.0569375
"cloglog",0.5,0.8,25,1000,12.6765636196383,0.219336686655104,9.93041857721493,2.15919888117222,3.5727752882902,11.473210085002,10.3753885979518,3.33909639043718,1.8697369012379,1.6660687541842,0.0707071265301942,0.966097719681114,0.298828941095973,0.427652785988786,1.43038676298109,1.24592164237707,0.598166764878148,0.306124130730843,0.00228,1,68.5361392038534,5.67531962030839,0.191548169588491,2.29295650432619,0.937,0.001,0.063,0,0,83.4859266657948,43.7549158798332,0,0.022,14.2277792849726,11.2120040557489,0.18775,0.1145,0.203875,0.0803125
"cloglog",0.5,0.8,50,1000,2.82581653150921,0.438249096535555,0.7069942286548,1.78937446182931,1.10091160708364,2.73311716385321,2.64251068395616,1.78971297634312,1.10064356095088,0.301356418288758,0.0297518267828121,0.123085334030027,0.143831480910956,0.064004620249656,0.289361656450299,0.278937983558705,0.14479174717175,0.0638814754722947,0.0035,1,136.354134534081,9.1896275310938,0.369846453699051,8.35632054657989,0.048,0.022,0.952,0,0,150.806989270817,28.5391172267834,0,0.09,4.1861350212099,19.4326277346756,0.056875,0.054375,0.0990625,0.0543125
"cloglog",0.5,0.8,100,1000,1.13870802928308,0.47202620604597,0.284286935447026,0.985028973246522,0.850460690586917,1.12471063373978,1.11083376483425,0.985028872488231,0.850460239304624,0.0881151623164211,0.0184906902883799,0.0295523518981249,0.068220930268577,0.0511955960234055,0.0873138126596994,0.0865171966286862,0.068220930268577,0.0511955960234055,0.00374,1,202.347990914906,12.3012495309355,0.495806165856344,12.1975306095574,0.002,0.301,0.998,0,0,148.446192312573,31.1619346185241,0,0.02,31.5808745214556,27.7839203428401,0.0361875,0.07675,0.0891875,0.07675
"cloglog",0.5,0.8,200,1000,0.618977176081744,0.482586044946751,0.39877145584745,0.602198042080776,0.586083352304317,0.617266879313163,0.615562150886416,0.602198042080776,0.586083352304317,0.178537861303071,0.106411247948269,0.0570885520935084,0.168330713423297,0.161839342090863,0.178207798107079,0.178102900781837,0.168330713423297,0.161839342090863,0.00406,1,288.005361392135,14.6194829539459,0.700861147896883,14.6194829539459,0,0.866,1,0,0,245.980282979707,21.2060111593529,0,0.005,167.017545093867,16.8632288675078,0.0538125,0.074625,0.0780625,0.074625
"cloglog",0.5,0.9,25,1000,22.1374431252348,0.408818767434147,16.8417665536453,2.78250458938964,8.32784121322657,19.6761805975809,17.4703163793634,5.66862695633974,3.24875428140114,3.99266781090109,0.110843403853105,2.58418778328931,0.413861533740401,1.4312074299008,3.2746745976073,2.7465542330441,1.36579527074491,0.782793463792484,0.0022,1,325.606877233841,5.18361595014442,0.104333853609278,1.07346351060165,0.986,0,0.014,0,0,NA,50.1051940423477,0,0.013,NA,0.184835608059565,0.2755625,0.2108125,0.2811875,0.1525625
"cloglog",0.5,0.9,50,1000,4.92351884533554,0.596965720783382,1.59582144422995,2.46116397811777,1.2305191718974,4.72533196978839,4.53323831696556,2.47974254478694,1.22146564025454,0.651412063404902,0.0348275297714184,0.327355266047336,0.205909630182014,0.0903985521143981,0.60987734315826,0.572643819581032,0.228243066512763,0.0853355228530703,0.00304,1,137.899094916768,8.13030341118824,0.249171549692274,5.81584075774646,0.388,0.005,0.612,0,0,192.229549571647,33.976521270928,0,0.104,1.85428262699229,13.79023663555,0.1016875,0.0575,0.1451875,0.056
"cloglog",0.5,0.9,100,1000,2.2555392538855,0.857066511203017,0.571544857212158,1.7765612411757,1.39610298721945,2.22266490806187,2.19013752770888,1.77656258470775,1.39610348549306,0.206837428223201,0.0189716770584355,0.0842185325986192,0.119812830553442,0.0635724113604761,0.202575458956763,0.197617229117485,0.119812830553442,0.0633606319403109,0.00395,1,174.396275089775,10.9974314967089,0.342013402429178,10.7530580013346,0.008,0.192,0.992,0,0,120.310575938681,34.573120028718,0,0.03,10.5565642566983,26.581794191115,0.057625,0.086375,0.1128125,0.086375
"cloglog",0.5,0.9,200,1000,1.48683281147587,1.17459181323989,0.985022687638505,1.4335749571699,1.38346408276188,1.48194151772834,1.47707073950252,1.4335749571699,1.38346408276188,0.555864394521473,0.328316052674335,0.186149830960601,0.506033000560404,0.468360277149526,0.553330373461026,0.550803528313353,0.506033000560404,0.468360277149526,0.00435,1,252.976334198754,12.6940460408032,0.4896570377519,12.6940460408032,0,0.661,1,0,0,119.73535224592,17.9368308035638,0,0.036,44.2870055465178,10.9787662538181,0.0950625,0.1213125,0.1278125,0.1213125
"cloglog",0.5,0.95,25,1000,42.8212655259958,0.844986835972168,32.0907746165864,4.11042739145356,19.6111905926182,37.4798554588043,32.7589112400845,11.440843338483,6.610929297422,8.31424112714921,0.185162888019802,5.73324608034572,0.600235291873879,3.77125558655486,6.80083420728655,5.53502552398897,3.02149739670201,1.55194613046035,0.00268,1,94.0850069921906,3.6835127398945,0.0558112480537308,0.482097821097426,0.998,0,0.002,0,0,NA,58.0687016635942,0,0.002,NA,0.0619530556836337,0.3404375,0.3011875,0.33275,0.22125
"cloglog",0.5,0.95,50,1000,9.87259759096024,1.35648607369898,3.12546613743187,4.13589931873395,2.03564697083899,9.42420555400769,8.99249103808626,4.28315647461567,1.93265544631122,1.410424311161,0.0507774082000192,0.807772277601457,0.288371591227998,0.239827550952245,1.29426360169015,1.15839883922824,0.421122763089369,0.160413961719219,0.00332,1,92.4099660680255,6.21762797134869,0.168206151138474,3.35461357813588,0.741,0,0.259,0,0,NA,40.387286173405,0,0.132,NA,0.949247705827315,0.1684375,0.0870625,0.2069375,0.0739375
"cloglog",0.5,0.95,100,1000,4.53748873449948,1.70375525280288,1.30093999414486,3.23822080737742,2.35110906858781,4.46301354792082,4.38949696078247,3.23901038903911,2.3508273276643,0.429751239040874,0.0254523336619217,0.206759903451478,0.169786602479324,0.0669210677907875,0.415395212550111,0.398089667859943,0.170468888216509,0.0669210677907875,0.00358,1,139.949824052493,9.63447409744749,0.253067278777943,8.94186569626413,0.086,0.15,0.914,0,0,115.41565181164,36.8838369560415,0.001,0.073,5.22274952337428,20.6749083871874,0.09175,0.10125,0.1474375,0.10125
"cloglog",0.5,0.95,200,1000,2.98176993606639,2.40167640113751,2.06937200354504,2.84396451175127,2.71903357565583,2.9718562730967,2.96198865258666,2.84396451175127,2.71903357565583,0.75374534011199,0.330668957440004,0.221669928171325,0.637777705124608,0.54698078416288,0.750248589503892,0.746765850795021,0.637777705124608,0.54698078416288,0.004155,1,259.177254024387,12.1813935491814,0.342985570384917,12.1813935491814,0,0.558,1,0,0,98.2279982934232,22.3661169191691,0,0.074,19.0480152608238,11.677757140246,0.1200625,0.1436875,0.1551875,0.1436875
"cloglog",0.5,0.99,25,1000,139.842845039627,3.1889478533223,101.704267782942,7.73717561465319,79.9881890696306,120.269627893722,103.399688365666,45.0289178599174,24.7627667113383,43.3339596401923,0.72653947773408,30.4985522762448,1.25979541246831,26.5779688929583,34.7160982853955,27.6330990667646,15.2458070213852,8.00495187031019,0.00196,1,3.09777515866786,1.26868136795234,0.0126735516596517,0.09153900539732,1,0.001,0,0,0,263.836372485093,NA,0,0,2.12743452551743,NA,0.4225625,0.41575,0.4181875,0.35975
"cloglog",0.5,0.99,50,1000,46.4384640167141,5.56853948634171,17.0861139321481,10.9808176064832,9.10783881139432,43.9816527799623,41.6548635963872,15.119046143207,6.23527557173009,7.67126601329289,0.158169797759979,5.13824010974662,0.693722777581379,2.6712863271333,6.65704079618136,5.79156476195226,2.28038397584848,0.925671860074631,0.00314,1,8501589.7613739,255.117074277143,0.0508980246467838,0.758906296270367,0.967,0,0.033,0,0,NA,100.459642273258,0,0.033,NA,0.177308656747109,0.339,0.27575,0.3425625,0.1870625
"cloglog",0.5,0.99,100,1000,21.2037058849125,8.31010125735213,6.68920524993776,11.99709503319,7.52473440781259,20.7789679113995,20.3638250794406,12.1327030211812,7.3952435342312,2.40965890149229,0.0670865063738284,1.49065928810768,0.462272526520983,0.485648383077183,2.21469712072312,2.02326421543253,0.644979545537163,0.248640883663415,0.00385,1,39.8489285101804,5.08877679054229,0.11357378149954,2.8880891242579,0.58,0.137,0.42,0,0,120.959535951387,53.1711449586539,0.063,0.188,1.05018232620278,1.15568119500123,0.228125,0.159375,0.26625,0.1434375
"cloglog",0.5,0.99,200,1000,14.4216256319647,11.7210375259752,10.2778441817257,13.1169706017895,12.0741787334093,14.3655468458337,14.3098631087084,13.1189004556901,12.0722909489689,3.45767135188134,1.43411599598106,1.13643722640447,2.51489876907675,1.77326826737661,3.41694210192206,3.37660355425132,2.51489876907675,1.77326826737661,0.004105,1,130.498241821382,8.58887657325123,0.170776114257799,7.69490277719767,0.131,0.512,0.869,0,0,84.7453546494815,32.1037657223141,0.045,0.179,4.24079951097873,3.63034307882209,0.1984375,0.2063125,0.235,0.2061875
"cloglog",1,0.8,25,1000,14.9931494353726,0.332206570663296,11.0886209741512,2.66425254780136,3.99324678380611,13.5516638372014,12.2412389442753,4.04982805241811,2.09206886953764,3.22435368539926,0.134526178357736,1.89069392895545,0.598560169540418,0.809938231853453,2.77326511999668,2.31397144624754,1.13824449736923,0.62359360739328,0.00232,1,128.29988459132,6.22170557228928,0.220083762003177,2.44451606999983,0.935,0.001,0.065,0,0,106.31312951297,44.2932249530841,0,0.028,17.5436739040957,3.82204219993797,0.2486875,0.1624375,0.2586875,0.128625
"cloglog",1,0.8,50,1000,3.18074314676194,0.449274198363692,0.856903616082825,1.96676147396135,1.18781216207036,3.0688781160932,2.95990131027529,1.96803383405888,1.18776821994224,0.531227905705231,0.0424088554042549,0.217888160409258,0.254849397946255,0.115436550514022,0.502521546709758,0.477035697130242,0.256333519303084,0.115436550514022,0.00356,1,313.777499741095,10.7177381943892,0.530074837242794,9.06377331726749,0.073,0.013,0.927,0,0,314.512580198832,20.0340911182322,0,0.104,4.74273883890749,11.0445048390129,0.0693125,0.059375,0.1245,0.0594375
"cloglog",1,0.8,100,1000,1.23999278668163,0.463337675630168,0.286434016909582,1.05799627419123,0.899983618170955,1.22282791479145,1.20582683009561,1.05799826454948,0.89998401503282,0.150738667757047,0.0235785950917275,0.0498350662859119,0.1085712094034,0.0760305711544476,0.148390257088151,0.145615102037424,0.1085712094034,0.0760305711544476,0.00393,1,283.173770815512,14.3307212622794,0.714451191763576,14.2896454212545,0.004,0.236,0.996,0,0,129.033525588867,20.9148006591145,0,0.028,22.3804927386752,17.3544606200564,0.032375,0.0778125,0.089875,0.0778125
"cloglog",1,0.8,200,1000,0.648643728871934,0.50263699646714,0.415451480170378,0.63175729806841,0.615523821439348,0.646667994017742,0.644699364506381,0.63175729806841,0.615523821439348,0.229665089651291,0.12286672613206,0.0559809860988267,0.218038068221817,0.210187077817727,0.228560070061187,0.227556385723632,0.218038068221817,0.210187077817727,0.004065,1,441.311698389563,17.3848944083891,0.97481575873412,17.3848944083891,0,0.725,1,0,0,171.804816704093,15.8974212287783,0,0.011,98.5560199496225,11.9416734775852,0.0555,0.077375,0.0809375,0.077375
"cloglog",1,0.9,25,1000,24.5515534119644,0.579629462223102,17.908695906959,3.33157690263736,9.17971461671821,21.6246194623886,19.0310957318588,7.07160818802155,3.82097706591426,7.48666836851379,0.215570604952107,4.51881643343517,0.868553310769587,2.3709715874226,6.14195248620605,5.14426260409095,2.65752784460107,1.405652035239,0.00208,1,36.6803670257606,4.05573636742634,0.111177196774371,1.05561279771932,0.99,0,0.01,0,0,NA,57.1515808712515,0,0.009,NA,0.138253976689508,0.3255,0.262375,0.3245625,0.2081875
"cloglog",1,0.9,50,1000,5.92548987908143,0.752181484067857,1.94402631724115,2.88216432648178,1.44096459328215,5.66039161594235,5.40517501331982,2.91579125160339,1.42766400314578,1.2271941547316,0.0616688677858749,0.612729786383663,0.398368017831406,0.182078558290142,1.12712182823502,1.04620882967361,0.444795481970289,0.170900872635559,0.00344,1,115.652921649272,7.91314909203681,0.34561513559529,6.18162619166001,0.387,0.006,0.613,0,0,206.048063808317,27.4456686549241,0,0.111,1.50884921046897,7.6474029169624,0.1440625,0.067875,0.1939375,0.0658125
"cloglog",1,0.9,100,1000,2.47944610202384,0.89593150600882,0.653413961186101,1.93397434855727,1.51465357920658,2.43766804876285,2.39642623607776,1.93400013656268,1.5146214504927,0.34980895931267,0.0255332970959254,0.165543101416672,0.195850412514914,0.0981486556547242,0.339058893054396,0.327339003658115,0.195850412514914,0.0981486556547242,0.00413,1,251.180349816523,12.7301441884924,0.530726823548332,12.3268269170586,0.018,0.173,0.982,0,0,114.298264043007,22.908549489993,0,0.053,8.9796979205851,15.6267047521016,0.0645,0.093625,0.1251875,0.0936875
"cloglog",1,0.9,200,1000,1.41633935939542,1.09334485505002,0.918682419986552,1.36052865659724,1.30845685279422,1.41112805939128,1.40594021145768,1.36052865659724,1.30845685279422,0.372293098710902,0.16227227792338,0.0871676607428292,0.342805295037138,0.302546500490648,0.370602491854135,0.369249138508052,0.342805295037138,0.302546500490648,0.00404,1,441.754593312401,16.7154352151519,0.688756858068712,16.7154352151519,0,0.521,1,0,0,110.522420734071,19.4130713183286,0,0.038,35.3793355214362,11.9370965217564,0.0816875,0.11125,0.119,0.11125
"cloglog",1,0.95,25,1000,54.1621108049397,1.08371711154492,41.1337204124543,4.71763889502774,25.1436736704021,47.7196191059576,42.099545376201,15.1868629097823,8.43564275904267,15.8611375066463,0.395302235667169,10.1831164358736,1.33956995786266,6.63624395703684,13.0432531875805,10.6968369042514,5.83814117506939,3.12349994266763,0.00228,1,70.5215393679832,3.60362578766945,0.0605007255787799,0.508172312564604,1,0,0,0,0,NA,NA,0,0,NA,NA,0.377875,0.3431875,0.3753125,0.289
"cloglog",1,0.95,50,1000,10.5404899755517,1.34733173925991,3.64535776561925,4.27191505123466,2.10280803894951,9.98765379328677,9.46234004922136,4.49292121536432,1.96918854814626,2.73237885242638,0.0959196350325498,1.58540736127509,0.601480891558277,0.437726617071189,2.46111025063294,2.17746760470989,0.856626557144642,0.330882317335452,0.00304,1,80.2624552348569,6.08819134868349,0.21398808813355,3.48460798316229,0.729,0.004,0.271,0,0,364.322708864855,36.4934484299055,0.003,0.123,0.802030444249319,1.52106655846593,0.22625,0.1098125,0.2583125,0.091125
"cloglog",1,0.95,100,1000,4.55637684851015,1.59885029246052,1.28654086610043,3.20839304919021,2.29738147044743,4.46467199526081,4.37457482413818,3.21024983042166,2.29656025749194,0.740190888689701,0.041218026635185,0.381496475484278,0.300056385413085,0.119068062443878,0.70408343863058,0.667840375994743,0.302471526365182,0.116446108291837,0.00396,1,154.514637179108,10.3742765595059,0.399007172144184,9.64767520548722,0.114,0.154,0.886,0,0,112.495553880227,24.5795214475843,0.001,0.082,4.89906374016864,11.0197576573512,0.1081875,0.110125,0.1738125,0.110125
"cloglog",1,0.95,200,1000,2.74779021361247,2.12665095338367,1.80963458730423,2.59478892030124,2.45853503758357,2.73597572658137,2.72422904011773,2.59478892030124,2.45853503758357,0.682847498595832,0.218918901614522,0.17623283210106,0.58215354917646,0.460296893228526,0.676241345162513,0.669689972951513,0.58215354917646,0.460296893228526,0.00413,1,328.66777412462,13.9853578771777,0.524086265959188,13.9853578771777,0,0.488,1,0,0,93.822189237433,19.2128776179885,0,0.075,17.4145770282297,9.95643923495706,0.1114375,0.1361875,0.1481875,0.1361875
"cloglog",1,0.99,25,1000,206.825843658333,4.49612981700675,156.274343615291,9.48878715509562,131.24517427897,177.493465678723,152.41062543254,65.6750918234247,36.5027849071677,84.5615375099525,1.42362250689108,58.507637814605,2.57550508815987,50.7013070104967,69.248323820022,56.6782394707288,30.6959775880351,16.4302321454087,0.00268,1,6.26859227097545,1.45287779724355,0.0131714514835423,0.0943655685914948,1,0,0,0,0,NA,NA,0,0,NA,NA,0.449125,0.442875,0.445125,0.399125
"cloglog",1,0.99,50,1000,58.3010817080539,6.86825183583707,22.7241172159716,13.8958229388094,12.3706741717786,54.8293067354089,51.5790189754052,19.6288123566087,8.22372679484961,14.442021390745,0.321327083248918,9.43910562234377,1.46850232231442,4.75722538316095,12.6546299421187,11.0299917304716,4.50130988813027,1.76330956169651,0.00344,1,12.774828818466,2.60121305266866,0.0566252843222774,0.794437868065198,0.955,0.002,0.045,0,0,185.953322631783,72.9264377627015,0.002,0.044,0.209221075588816,0.130233392107117,0.3790625,0.3236875,0.3836875,0.250875
"cloglog",1,0.99,100,1000,23.5977590224863,9.25259996894995,8.20337780379861,13.0577849505899,8.36520067130023,23.0281192010247,22.4777120589961,13.2683394562536,8.14837546644923,4.08024127185636,0.105502345658898,2.61265295047592,0.817474912944029,0.800121327042576,3.69237273329628,3.37672431028719,1.11112840398105,0.438847602936683,0.00372,1,42.3372672669413,5.13758212971984,0.153916438643106,3.04315144467088,0.597,0.148,0.403,0,0,106.230793833828,49.4957156382682,0.081,0.205,0.966538254280249,0.96470845249424,0.276875,0.1810625,0.306,0.156375
"cloglog",1,0.99,200,1000,13.8243413834706,10.7888851907503,9.3871404246095,12.377396153579,11.2660016002007,13.7485233662658,13.6736145689564,12.3817500679432,11.261562525607,3.12316201569749,0.810436408993616,1.06301480839472,1.90611688809205,1.2706917227217,3.036981996773,2.97983602753707,1.90611688809205,1.2576085933043,0.00399,1,163.585483160576,9.58266984873616,0.280168819548324,8.55341139863158,0.143,0.452,0.857,0,0,80.6278460152905,26.6033931905384,0.037,0.211,3.56903587219276,2.99837713647676,0.20625,0.1994375,0.241625,0.1986875
"cloglog",1.5,0.8,25,1000,13.342425210438,0.420259862879525,9.14833478058898,2.89703776614368,3.57082968225311,11.8893981800623,10.597505178662,4.14788845803267,2.21726018695905,4.64271871740205,0.185394780580926,2.62192465928682,0.888692026723447,1.06963085417468,3.89724896652117,3.27437202271998,1.70785465053929,0.907078255318803,0.00232,1,1787.83096891534,8.49525461439836,0.273811455430202,2.58886254117334,0.92,0,0.08,0,0,NA,36.4639607731221,0,0.033,NA,3.45430262876505,0.273875,0.184125,0.28875,0.1585625
"cloglog",1.5,0.8,50,1000,3.26236219920935,0.483037092210937,0.863239026689768,2.0471852619769,1.26954001693146,3.13683062822707,3.01521417173669,2.0493105532358,1.26868875882792,0.764115989101365,0.055186334110345,0.338489858908845,0.364676343853052,0.165006932768499,0.716814285317827,0.670629331195313,0.366835573827659,0.162750120271497,0.0035,1,264.534580219943,11.0431302392799,0.661344089370938,9.58439244251544,0.086,0.017,0.914,0,0,137.357089827111,16.7463321848127,0,0.111,4.18547576737531,7.96055051484111,0.0866875,0.06675,0.1519375,0.0664375
"cloglog",1.5,0.8,100,1000,1.14419200914719,0.417063050721524,0.283414232452417,0.965175956899881,0.813541150833648,1.12646701883939,1.10894062583627,0.965175956899881,0.813541150833648,0.194609832874237,0.0256562682251084,0.0721851238761768,0.136769235063737,0.0977000942039774,0.190426640801798,0.185570366810666,0.136769235063737,0.0977000942039774,0.00377,1,344.776221439181,15.806317617992,0.932657181561968,15.806317617992,0,0.195,1,0,0,128.197460959105,17.0515879503569,0,0.018,20.008116346237,13.4332902372559,0.032,0.071625,0.0896875,0.071625
"cloglog",1.5,0.8,200,1000,0.646003671143814,0.489642701658905,0.401028173672376,0.628041126235838,0.610803397588193,0.643775525540143,0.641556085294211,0.628041126235838,0.610803397588193,0.24182901805453,0.113099645242728,0.061601422467371,0.22761537544001,0.211966412994457,0.240635910244586,0.239287078017475,0.22761537544001,0.211966412994457,0.004125,1,581.80475023272,19.8000256410267,1.22279834908235,19.8000256410267,0,0.644,1,0,0,140.00285440678,13.7391987789862,0,0.011,69.7468948262567,10.5001613410702,0.054875,0.0794375,0.0829375,0.0794375
"cloglog",1.5,0.9,25,1000,29.8386405045181,0.78059845607628,21.7079449929365,4.14397938276873,10.6512193636493,26.0733550770471,22.7790751613007,8.69619575289646,4.98540360646887,10.4497493166516,0.31217538690995,6.21290286042042,1.34995375575009,3.21951020849255,8.6423754311508,7.24192191155799,3.80474416396969,2.04764910479278,0.00292,1,255.492866468378,5.56679430706527,0.136485010595894,1.20025949856597,0.982,0,0.018,0,0,NA,51.1321497294415,0,0.012,NA,0.197429364272952,0.346875,0.2865,0.3473125,0.2456875
"cloglog",1.5,0.9,50,1000,6.08219198966291,0.74266271697339,2.02418842634296,3.04441116152318,1.60342903195969,5.77614883216644,5.48424821759293,3.08841799681086,1.58224163158445,1.81168387341905,0.0791987832430849,0.921060209044066,0.55653059905256,0.257432909874774,1.63175683444626,1.47873300495051,0.612081572762341,0.239161550092825,0.00356,1,138.838613141835,8.6143953137452,0.431283043559135,6.4677586884252,0.391,0.007,0.609,0,0,184.255267525126,25.8581439784552,0.001,0.125,1.69693975621914,5.27617367149647,0.1734375,0.079875,0.221375,0.077375
"cloglog",1.5,0.9,100,1000,2.42266943722543,0.808461088419066,0.653268956743769,1.84454553877214,1.40847876903809,2.3752092355274,2.32850993518033,1.84464996628238,1.40843893200581,0.483166004995528,0.0348986142633821,0.211583172140521,0.259927643359481,0.133778228278246,0.461133772709517,0.440210859796302,0.259927643359481,0.133778228278246,0.00378,1,269.384129401384,13.5592776664521,0.68911222171591,13.2013506455371,0.019,0.149,0.981,0,0,118.64720832633,18.9027531533109,0,0.042,9.58781346359921,11.4868596718989,0.0681875,0.091875,0.131625,0.091875
"cloglog",1.5,0.9,200,1000,1.47444936608984,1.13244523564975,0.964641192054137,1.41689476247257,1.36347522806785,1.46866869189355,1.46291783997792,1.41689476247257,1.36347522806785,0.478841013300134,0.192393224251897,0.108501280628466,0.429558635274424,0.380882789353411,0.475288892241799,0.471185111412987,0.429558635274424,0.380882789353411,0.00414,1,525.239987560528,18.0816330592149,0.90126596979434,18.0816330592149,0,0.518,1,0,0,105.33926100985,14.9485193314805,0,0.039,33.3115538448762,9.57740017294661,0.087125,0.1130625,0.12025,0.1130625
"cloglog",1.5,0.95,25,1000,57.7220316038326,1.53270272608006,42.5189367916336,5.36552592207983,27.9308745961827,50.1205542302568,43.5515713592103,16.3290969902356,9.81336677051282,24.6150845362047,0.635136251030632,15.5597390421254,2.20642110642846,9.68770754827735,20.5631451906418,16.8350146122964,8.89625409533507,4.71848833743791,0.00228,1,186.988137020609,3.62849583045405,0.0624441881067576,0.488606655255317,0.998,0,0.002,0,0,NA,234.136013126282,0,0.001,NA,1.71616712098774,0.3978125,0.36325,0.3955,0.3208125
"cloglog",1.5,0.95,50,1000,12.694485109683,1.6669560463574,4.42518791237727,5.34106089671964,2.70832927992946,11.9955463321309,11.3351931152534,5.60604860636195,2.55455632559727,3.95090278031551,0.151686450342883,2.2084373430364,0.92819191072896,0.613032949667764,3.51634884874161,3.12321581527883,1.28036381591039,0.504059178459595,0.00368,1,917.293079894241,8.57363570782777,0.262930197580943,3.60185710894281,0.677,0.006,0.323,0,0,128.978964470431,37.7134118842705,0.006,0.151,0.675092460313341,1.32715264056098,0.255875,0.1408125,0.29275,0.1226875
"cloglog",1.5,0.95,100,1000,4.82898088212921,1.66622560781148,1.51457376359073,3.35441479765987,2.40195946800317,4.71840322278275,4.6103228669529,3.35783618398828,2.39911865101878,1.05509481742268,0.0479900450567334,0.563016718719961,0.443460602893813,0.174959578623823,0.988199671593811,0.938741802740188,0.443460602893813,0.169418134433737,0.00373,1,164.794614906972,10.8854910572536,0.496088802078088,10.1098782102833,0.123,0.144,0.877,0,0,105.569224589378,21.3323854445656,0,0.098,4.33726733294383,8.04662636060976,0.129875,0.1075,0.1926875,0.1071875
"cloglog",1.5,0.95,200,1000,3.04388973032098,2.33579752282951,2.02736662292402,2.87461833964835,2.72626112036243,3.02977582213685,3.01576174653374,2.87461833964835,2.72626112036243,0.649386289871118,0.123977933209801,0.194253898821754,0.503717595808274,0.39060956052599,0.636767260237443,0.625813849990057,0.503717595808274,0.39060956052599,0.00392,1,435.11663411033,16.2137675360029,0.701212136292802,16.2137675360029,0,0.436,1,0,0,95.409267548294,17.5304821813637,0,0.093,15.7163126200806,9.71761504912774,0.11125,0.1351875,0.1499375,0.1351875
"cloglog",1.5,0.99,25,1000,275.397657355275,6.77631821637739,205.23541952252,13.0247534834224,176.5710690639,235.163932016492,200.906656058734,86.1231378397633,50.1418056545059,124.719929412481,2.64804636071345,82.9959303753765,4.08648610882764,74.1976658821884,103.99448269888,85.1279437800065,45.9930635922301,25.398294491318,0.00228,1,5.76811087465579,1.40844080135708,0.012991120089694,0.0968187270116688,1,0,0,0,0,NA,NA,0,0,NA,NA,0.452,0.448375,0.450875,0.4150625
"cloglog",1.5,0.99,50,1000,60.6736967052506,7.20193590779352,24.6042857524897,14.6330561612454,13.3171715623939,56.7731891463328,53.1504192919481,20.6752055755821,8.72809768815722,21.0136470248944,0.445438742200538,13.8239109682764,2.17009491349042,6.42050311086344,18.3417213401109,15.9591858010801,6.57710545569504,2.67486211881308,0.00348,1,24.5104981190796,2.93556521781656,0.0643443070184706,0.839283673024951,0.952,0.004,0.048,0,0,127.462078814813,70.7843908588119,0.004,0.048,0.144317443102794,0.160712188533693,0.389375,0.3455,0.3993125,0.282
"cloglog",1.5,0.99,100,1000,23.4964353602021,7.9290357178864,7.80710113038944,12.2775805286368,7.50932982904793,22.8010335007924,22.1352984964707,12.5618561301816,7.30267033407467,5.47182724637642,0.161612474923498,3.4737308345499,1.20302553469498,0.998197721703199,5.00138190923639,4.46868906355327,1.54919676549787,0.650895490034316,0.00376,1,48.4037416665791,5.30223896987867,0.182843058490397,3.18155822995774,0.598,0.111,0.402,0,0,116.28920691464,46.2061685524146,0.062,0.222,0.787106661027083,0.911505162677867,0.29775,0.197625,0.328,0.1735
"cloglog",1.5,0.99,200,1000,14.7231976149779,11.298968512445,9.83351757107006,13.1236668148824,11.9118576736625,14.6302234512395,14.5387148647849,13.1280810940724,11.9089673427138,4.13149718498782,1.44364755870461,1.36626071506123,2.90000886417743,1.98451900461347,4.02559365492707,3.94563558140507,2.90000886417743,1.98451900461347,0.004125,1,184.919687400267,9.67724285380609,0.355842537040782,8.56713478128859,0.153,0.457,0.847,0,0,82.2239583404435,23.451580355867,0.049,0.236,3.38077324342553,2.2705486781791,0.2226875,0.208375,0.257625,0.208125
"cloglog",2,0.8,25,1000,16.9732070127636,0.521227128094254,12.0661214144736,3.29626086430884,5.05630954632888,15.1153388105904,13.4663081905353,4.97950588665217,2.72711947863717,5.80795452865492,0.242223565345977,3.24877079226913,1.17047757179116,1.38617778736537,4.9239058645658,4.15500128594217,2.19167806878993,1.16992113077757,0.0026,1,308.183733962598,7.29146213695629,0.299660536690713,2.67089535120479,0.921,0,0.079,0,0,NA,37.2350590435094,0,0.035,NA,2.12489146961692,0.299125,0.212,0.3103125,0.190625
"cloglog",2,0.8,50,1000,3.34789877960733,0.453425033160019,1.02871986679708,2.05348836039553,1.24984766833144,3.20782786643445,3.07261929150883,2.05514106253675,1.24917643524464,0.961905777278764,0.0722909361862338,0.398166658596187,0.471911178811981,0.223144297073573,0.890617916478935,0.824305733572357,0.471911178811981,0.221948069683184,0.0039,1,242.543541222122,11.4824623490292,0.782564213380837,9.91296094839031,0.075,0.014,0.925,0,0,209.040566960667,15.0683927667934,0,0.104,4.17252747256444,6.18859862283547,0.0979375,0.0716875,0.16625,0.071625
"cloglog",2,0.8,100,1000,1.25838280304581,0.415833828852613,0.270861072027763,1.06287121489447,0.894861797067233,1.23737442158647,1.21661942190902,1.06287121489447,0.894861797067233,0.242956726674433,0.0310362356729555,0.0918335769712164,0.175037312665087,0.124102631167508,0.235963990925338,0.229811240505777,0.175037312665087,0.124102631167508,0.00372,1,379.175972510069,16.1370782545761,1.13830477070209,16.1370782545761,0,0.198,1,0,0,157.037851505394,13.9685370371456,0,0.027,20.018355675376,10.3424654026508,0.0304375,0.07525,0.0938125,0.07525
"cloglog",2,0.8,200,1000,0.647117749869277,0.467977362462524,0.379640270419753,0.626423510300486,0.606672198479403,0.644544358230628,0.641982443704619,0.626423510300486,0.606672198479403,0.223589763981003,0.0931695588541853,0.0503352434131227,0.215133921692723,0.202098651806569,0.22258777279447,0.221589848498783,0.215133921692723,0.202098651806569,0.004195,1,666.353411894519,21.2421495896022,1.47362255885863,21.2421495896022,0,0.602,1,0,0,152.952284726876,12.9303995298271,0,0.016,79.3616296592171,9.94132123638261,0.05,0.0780625,0.082,0.0780625
"cloglog",2,0.9,25,1000,34.0183017560638,0.914715864946009,24.9083840548373,4.25488754826066,12.6986715293286,29.8956778423092,26.2864585710433,9.37377745059723,5.40069173653689,13.6490749254024,0.434454150950734,8.28036980071209,1.83039029802952,4.20968944832618,11.5796407837225,9.60043340185089,4.88061184181122,2.71931116049374,0.0024,1,202.966395426898,5.42293305065209,0.137749956303923,1.18252998997225,0.987,0.001,0.013,0,0,112.364136967282,76.1439730987397,0,0.008,2.8195341526489,0.18752900158672,0.3621875,0.3101875,0.363125,0.270625
"cloglog",2,0.9,50,1000,6.97670001037695,0.863229760222333,2.44653156021339,3.42044637176371,1.80048093701765,6.60631034155908,6.25439156356379,3.47478684247806,1.7715538890304,2.49089219838951,0.116381535343045,1.26000776599109,0.78550606378235,0.366977690548755,2.24344026933694,1.98526443758549,0.855994729873446,0.343391947458857,0.00352,1,307.771079630112,9.33198412457037,0.483015657500522,6.59537446510094,0.372,0.011,0.628,0,0,199.374385419664,23.4257482097535,0.001,0.128,1.73462596401507,3.99495028745509,0.197625,0.09775,0.24425,0.093625
"cloglog",2,0.9,100,1000,2.67958989389919,0.91845404264519,0.746470144149117,2.0579674567999,1.58769691689324,2.62293656995984,2.56731221501911,2.05800420225489,1.58768931837817,0.62398109315479,0.0425215581841818,0.280406283595716,0.330480496922766,0.169212102768323,0.589546852041468,0.555508744807078,0.330480496922766,0.169261584445399,0.00401,1,383.562165332536,14.6780980648991,0.843891058655027,13.8724282114951,0.023,0.154,0.977,0,0,120.205141202803,16.2082512835533,0,0.064,8.02186395898822,8.91071193451829,0.0784375,0.09675,0.1435,0.09675
"cloglog",2,0.9,200,1000,1.56184972749832,1.17850250853719,1.01133045424204,1.49552300286694,1.43474280966434,1.55471843353334,1.54763125531398,1.49552300286694,1.43474280966434,0.511505655254964,0.166962003991181,0.12656837128927,0.45939495533424,0.386965657948378,0.508180993826254,0.503145460550919,0.45939495533424,0.386965657948378,0.004255,1,586.87650010702,18.9328048628746,1.10120070067981,18.9328048628746,0,0.49,1,0,0,96.805200391839,12.9032798061485,0,0.05,28.3471059163281,8.06185076848455,0.089375,0.115875,0.123,0.115875
"cloglog",2,0.95,25,1000,77.0524327632736,1.99697515200062,57.0869081694985,7.20469428116436,36.6064234969436,67.7863199465457,59.682001266386,22.1948894806671,12.9738116031918,30.1696003289359,0.818017728636477,18.8910041010165,2.83970721409001,11.2987500888555,25.1958797043281,20.9278065212636,11.234566816027,6.28357980937557,0.00296,1,48.8122599795277,3.18694510466163,0.0712007660494666,0.571116638529509,0.997,0,0.003,0,0,NA,28.1518117345729,0,0.003,NA,0.10420430059084,0.40675,0.372875,0.406375,0.34
"cloglog",2,0.95,50,1000,14.5204345678509,1.65225379305136,5.59863655119352,5.7454796855508,2.90571569682596,13.6758409787771,12.8812215894598,6.0813584969141,2.69716177710351,4.9890601826689,0.178076053470673,2.79728032598427,1.21262024092046,0.800106054053127,4.44908959981844,3.94784144344807,1.63258354013329,0.661834325200362,0.00384,1,102.631717171274,6.48026370673141,0.290640530944768,3.8259037619789,0.657,0.003,0.343,0,0,191.44267818769,33.8674385723091,0.002,0.166,0.73479961344724,1.09808510718019,0.2776875,0.1654375,0.3063125,0.146625
"cloglog",2,0.95,100,1000,4.47327132559378,1.43450516922551,1.4722498098394,3.0275034842724,2.13211262658415,4.35200367452275,4.23420863414096,3.03197581367513,2.12981095760043,1.23389475493606,0.0628076856381254,0.626765974966856,0.522689238171048,0.212940132432496,1.15348589079448,1.0854201453159,0.522689238171048,0.20931729917979,0.00348,1,229.521004626583,11.8790112121354,0.612564958966332,10.6449106664668,0.113,0.117,0.887,0,0,98.6167294049959,19.0366025087873,0.001,0.093,4.24967318299198,6.55571085974444,0.1380625,0.102375,0.200625,0.101875
"cloglog",2,0.95,200,1000,2.89346571985815,2.17718549315877,1.88287680848629,2.71745029266532,2.56559528671246,2.87754207019784,2.86175656269465,2.71745029266532,2.56559528671246,0.920805680157262,0.307371728557323,0.305539374015798,0.783943643143109,0.651081547611186,0.908344855990666,0.899945359629546,0.783943643143109,0.651081547611186,0.00421,1,472.516935272496,16.8091860805223,0.856251335550616,16.8091860805223,0,0.453,1,0,0,90.1463647548581,14.6011929844283,0,0.091,15.3121949934241,6.39829045353513,0.117,0.14525,0.1608125,0.14525
"cloglog",2,0.99,25,1000,283.741588140578,8.2414602708638,202.538008078211,13.3425805322879,176.953721736542,243.584570656786,209.42722002569,93.9883690366916,50.6988160616705,154.635878076132,3.17865901036826,104.821552000717,5.24836090320761,95.289104153981,125.718669911787,103.44881780026,58.5027536172136,30.7867396846257,0.00212,1,8.84017273999255,1.5125148276071,0.013701523941626,0.103365716240971,1,0,0,0,0,NA,NA,0,0,NA,NA,0.4568125,0.4525625,0.45625,0.421625
"cloglog",2,0.99,50,1000,66.5569613122765,7.10045142917366,28.1141684646163,14.714899473323,14.517910231319,61.9762608795937,57.7312891405554,21.8543297030809,9.23382305970899,29.2106186989071,0.660355756723725,17.5096445113337,3.11106294029234,8.10360165009845,25.2579394738229,21.6989859315515,8.60578895121651,3.55329716462859,0.00326,1,13.5437292434249,2.64818159640292,0.0618354694804927,0.870957841791153,0.962,0.002,0.038,0,0,190.359298449498,99.655273011281,0.002,0.037,0.142656749887886,0.14467412058899,0.40675,0.3583125,0.409875,0.305375
"cloglog",2,0.99,100,1000,23.4367035651605,7.2483268140921,8.33202723478088,11.9043909293887,7.28386919968654,22.6362421482986,21.874972103846,12.222155740438,7.0466671807915,6.94663977822889,0.1813433702035,4.16162227953861,1.5038024538401,1.22603869683013,6.3248057434882,5.74528516627105,2.0622278230832,0.734434493479076,0.00365,1,51.0754075427867,5.27578029290499,0.202427248699529,3.26705391155257,0.575,0.1,0.425,0,0,111.635133209386,41.742083763252,0.061,0.239,0.847361116230156,0.877242070097586,0.3144375,0.21,0.3385625,0.184875
"cloglog",2,0.99,200,1000,14.1115769791316,10.2723677112936,8.92078710873214,12.3411266696305,11.0548267690005,13.9966547234621,13.884220402658,12.3490777937498,11.0502011764349,3.19836338746928,0.623010774067885,1.35543453443674,2.0016638402596,1.1780322322794,3.03436228751695,2.91652660367291,2.0016638402596,1.1780322322794,0.00398,1,207.93578419473,10.6845441987878,0.455063775403387,9.22936584998375,0.162,0.384,0.838,0,0,83.4322860468009,21.4408247165813,0.035,0.227,3.22865969947805,2.32910946610246,0.2206875,0.195,0.261625,0.19425
"neglog",0.5,0.8,25,1000,12.3438780060161,0.242160158685818,9.36905798780655,2.36510695832296,3.19087725263008,11.1744401554715,10.1102445923459,3.42016786657887,1.77020079631777,1.83447577626553,0.0727201973533616,1.07807154197733,0.313035428391091,0.472983814423222,1.61066227050524,1.37258521359187,0.625322886281368,0.338665949835084,0.0028,1,89.8418646727256,5.86175733064093,0.189889926394917,2.31124926150315,0.931,0.003,0.069,0,0,249.628146386835,51.243164374779,0,0.033,28.2808412024088,7.9812703105127,0.198625,0.1253125,0.21,0.0883125
"neglog",0.5,0.8,50,1000,2.78931592812666,0.403971881200773,0.766907366460945,1.7310376330713,1.05066828671197,2.69815882639835,2.60903926596408,1.73164376637034,1.05007598492828,0.280448213200502,0.0284430434254798,0.113354706063253,0.133542360735727,0.0613100561969653,0.271030790980884,0.259849330480307,0.133890556155793,0.061446645481827,0.00356,1,205.184557052797,9.71317579771744,0.358667060590544,8.23779403991771,0.052,0.014,0.948,0,0,151.661245326436,28.0960730969187,0,0.082,4.02541176006476,20.1110477519883,0.0556875,0.0521875,0.094,0.0521875
"neglog",0.5,0.8,100,1000,1.24699389818373,0.497119771180298,0.296468776681294,1.06724252815686,0.911550572324743,1.23129104255431,1.2157247308346,1.0672420204288,0.911549376626498,0.0817037726778511,0.0169867902318353,0.0283981882960069,0.0625131000270186,0.0470436010102258,0.0806857080912279,0.0798523279274353,0.0625131000270186,0.0470436010102258,0.00398,1,197.859752194781,12.0991478055891,0.498346352590749,12.0513761612987,0.002,0.315,0.998,0,0,170.259925236394,30.9948138604727,0,0.023,29.8033025899802,27.765681548525,0.03625,0.0806875,0.092875,0.0806875
"neglog",0.5,0.8,200,1000,0.596121147266309,0.465466317962683,0.381513044829037,0.581107903700639,0.566603628206276,0.594397073242382,0.592679110585517,0.581107903700639,0.566603628206276,0.163567643383144,0.0946861173096081,0.0565721283876341,0.153623215683904,0.144562779801079,0.16322897015306,0.162890710350052,0.153623215683904,0.144562779801079,0.003955,1,291.390440644293,14.7190405944876,0.723782241685646,14.7190405944876,0,0.858,1,0,0,252.912223981747,22.4103258602316,0,0.013,174.540865880137,18.3779882566422,0.0538125,0.072125,0.0745,0.072125
"neglog",0.5,0.9,25,1000,16.4376198766321,0.366919237137088,12.1153283414398,2.35126544841715,5.77185642895099,14.5423371137932,12.858844841708,4.67222955357364,2.56045342070263,3.92344945441552,0.112603646806594,2.47954185547065,0.432601116617864,1.38663196073463,3.32385798874284,2.78569506433776,1.41657253595421,0.748338108661154,0.00172,1,240.847177919833,5.34776652366596,0.101429892496551,1.00609011655337,0.99,0,0.01,0,0,NA,36.4893269437542,0,0.01,NA,0.160712419751764,0.27275,0.20725,0.275625,0.14725
"neglog",0.5,0.9,50,1000,5.4295012744576,0.72573164124711,1.73147410682444,2.72598287685892,1.41172742161989,5.21645104448451,5.00960593037316,2.75007774603358,1.39032806491788,0.675489353051434,0.0364773023731173,0.326543760471264,0.214840582449215,0.0992304449916638,0.631600119722809,0.590365880629056,0.230756891334198,0.0919035023581386,0.00358,1,114.053008667407,7.67339487750685,0.255630272114277,5.8479368527583,0.384,0.006,0.616,0,0,137.103376530418,33.6281737290483,0.001,0.106,1.67834285203163,13.4318142686572,0.102375,0.063375,0.152,0.0621875
"neglog",0.5,0.9,100,1000,2.10540088243078,0.840855663052435,0.586272347535531,1.67746187130741,1.34112732536022,2.0753928382955,2.04570274894808,1.67746277374378,1.34112481382283,0.19474938306217,0.0168948807748906,0.0820153565290406,0.110684118510164,0.0582458394697687,0.191649163972809,0.188050307799122,0.110684118510164,0.0582458394697687,0.00352,1,159.207566281697,10.8403794258386,0.34612418195558,10.6906995644536,0.009,0.176,0.991,0,0,114.272023597687,34.4120649705047,0,0.04,10.4352146096243,26.8961046387597,0.0509375,0.0855625,0.108375,0.0855625
"neglog",0.5,0.9,200,1000,1.39769356937282,1.11076406835127,0.943581762809801,1.34607279194896,1.29780897165557,1.39338103056427,1.38908576170375,1.34607279194896,1.29780897165557,0.382102996440776,0.187055437157668,0.0937275331836838,0.350205298915823,0.316892585522981,0.380187747912181,0.378535033690781,0.350205298915823,0.316892585522981,0.00403,1,277.446746000356,13.5019969965645,0.487289926001543,13.5019969965645,0,0.605,1,0,0,122.148141076298,22.9648533538885,0,0.033,45.8728996887295,14.8515352179807,0.085125,0.1104375,0.11625,0.1104375
"neglog",0.5,0.95,25,1000,47.0015506094881,0.764784457472093,37.3743641055959,3.57733626116334,24.5857820553004,41.5396098684944,36.6864557330476,11.7100718618202,7.10608982209016,8.67833116416205,0.192862202394873,5.95303298738413,0.613028665053651,3.89557422918124,7.27737385497529,5.94942177676855,3.00515243459882,1.61469091456094,0.0024,1,243.263963169686,3.89687311765437,0.0522909417709417,0.470140552352285,0.997,0,0.003,0,0,NA,51.3381827320947,0,0.002,NA,0.113674463565046,0.3344375,0.298625,0.3375,0.2276875
"neglog",0.5,0.95,50,1000,9.21091694209033,1.1902780553767,3.13348935178995,3.73182657204721,1.85426546345703,8.78252356019649,8.37046394891824,3.88006287348843,1.73193890150999,1.41442035318291,0.0525439472097203,0.791477886064444,0.305656250091226,0.238686880265626,1.29441571827105,1.17633763539688,0.44038202346898,0.172211214111613,0.00288,1,73.566136312454,5.64272135389855,0.161126780343623,3.29929589767616,0.733,0.009,0.267,0,0,124.120605678224,39.8755268600699,0.005,0.112,0.828410142870456,1.57328407824473,0.1704375,0.085125,0.214,0.0703125
"neglog",0.5,0.95,100,1000,4.75639288772649,1.76037674024386,1.23888905628275,3.40457586336663,2.4614515560356,4.67693403340619,4.59850303770734,3.4072003426558,2.46014694096513,0.433898238126579,0.0287874505628599,0.211876741452638,0.184710962966318,0.0767544161450252,0.419337838314074,0.406382763855588,0.185409114131776,0.0760823026088374,0.00411,1,125.232979756479,9.29266548112209,0.253104089358869,8.70928640461227,0.086,0.182,0.914,0,0,113.019021114943,34.7504536855415,0,0.086,5.62372878241918,19.5953334134287,0.0948125,0.1100625,0.15725,0.1098125
"neglog",0.5,0.95,200,1000,2.72420929548386,2.13125465005419,1.80001270825315,2.57896882885866,2.4473882971883,2.71381161770045,2.70346560761645,2.57896882885866,2.4473882971883,0.783976630470004,0.339959968353694,0.199754258176819,0.682543859045933,0.575547877359975,0.781139208611201,0.77831939918178,0.682543859045933,0.575547877359975,0.004185,1,241.414400825887,11.9428640199466,0.340869245802978,11.9428640199466,0,0.555,1,0,0,103.146880237959,22.9097793078095,0.001,0.062,22.7489677568785,11.7734290759553,0.1165,0.142875,0.1541875,0.142875
"neglog",0.5,0.99,25,1000,154.34524444509,3.60485760834317,111.811642072385,9.0074871132448,88.602210743837,132.477814301857,113.642891769673,53.3236821953213,29.9151838216308,45.542519281305,0.7245316935364,33.3530264549572,1.24871470175646,28.8451246149166,37.4041024771167,30.30673895597,15.9130894208693,8.63181693567978,0.00232,1,4.70146899628893,1.34554116747703,0.0122300493026291,0.0899364753948905,1,0,0,0,0,NA,NA,0,0,NA,NA,0.4313125,0.4249375,0.424375,0.36625
"neglog",0.5,0.99,50,1000,50.1926684867724,5.78044673394509,18.4278213734941,11.5234554445118,9.44763806017989,47.491625208386,44.930383505453,16.1021390651603,6.55688596428075,8.43098518585899,0.187546372667453,5.45051983454193,0.787819823710225,2.98095967417963,7.41991408361195,6.52013475273709,2.46532804448757,0.983522007526329,0.0034,1,11.5979580250121,2.52508554658684,0.046611042791344,0.761700495025392,0.968,0.002,0.032,0,0,390.047684008822,113.339881174536,0.002,0.031,0.233248844140388,0.168817418331036,0.3465,0.284875,0.351375,0.1995
"neglog",0.5,0.99,100,1000,22.8957078316994,8.70639101635339,6.86989747336099,12.7455359755977,7.70499628325105,22.4400297477024,21.9942907941848,12.8695009694632,7.60079668093626,2.29260408348946,0.0671664018919984,1.56064734785639,0.493562611549597,0.494997059722752,2.09164614541,1.90072297784944,0.653861945586823,0.24885355869672,0.00382,1,41.1857145732656,5.06955429948499,0.114486394107697,2.84944752308175,0.573,0.155,0.427,0,0,111.171632816587,54.8736245567857,0.072,0.207,1.09420949954994,1.03475124726092,0.2311875,0.1616875,0.26575,0.1458125
"neglog",0.5,0.99,200,1000,13.8508399867667,10.9815601089122,9.46871675608111,12.4826375515106,11.3824621127414,13.7921289408406,13.7338370344818,12.4840528470728,11.381355197866,3.75283937434348,1.55072590488655,1.10486334551026,2.74602077449492,1.93721204265112,3.70090786658388,3.64945777478003,2.74602077449492,1.93721204265112,0.00412,1,126.113140718187,8.47265683433035,0.16939768385273,7.57633135168763,0.131,0.505,0.869,0,0,84.5624897399823,31.3016440106953,0.038,0.179,4.43969296679477,3.5990944794815,0.197,0.206125,0.233625,0.206125
"neglog",1,0.8,25,1000,11.8478361519032,0.269126726769807,8.83581477838383,2.11146278128129,3.16390881448155,10.5720854214966,9.43382774044716,3.22257249025555,1.73186994161172,3.06624827232582,0.12877852990981,1.79062001329148,0.578863430033049,0.728892882915707,2.56031455472471,2.19760201678332,1.1001875624028,0.591355897378508,0.002,1,134.474014144763,6.20438981719754,0.235049015971101,2.38413943224945,0.925,0.001,0.075,0,0,82.5761379451007,41.279003567873,0,0.03,18.8673438155365,5.48185004674399,0.2365625,0.151375,0.253375,0.124125
"neglog",1,0.8,50,1000,2.84159563642578,0.3840961633551,0.81448657039735,1.73650850416588,1.04542482418554,2.73422264471789,2.62983435567854,1.73772598941496,1.0446719651616,0.543285111348238,0.0387530562961023,0.233565683297462,0.240723191205747,0.108582312871551,0.510980997817118,0.48107397455517,0.242080810228699,0.107954524564054,0.00324,1,148.832470934045,9.79195903423294,0.524479964726375,9.03507802213858,0.074,0.015,0.926,0,0,210.310324685258,20.1420623320854,0,0.082,4.44031630412226,11.1318611580309,0.070375,0.057375,0.1250625,0.0573125
"neglog",1,0.8,100,1000,1.25913467423705,0.478472742473029,0.281048408253514,1.07830739485746,0.920341022524763,1.24159490040951,1.22422350572175,1.0783069464836,0.920339848927452,0.149821196690991,0.0215194367864085,0.0525743412295383,0.1066580731582,0.0770085242031691,0.146923283511685,0.144453687544934,0.1066580731582,0.0770085242031691,0.00374,1,276.797316647356,14.2176861935159,0.720917275790388,14.1471862304908,0.002,0.241,0.998,0,0,135.469341394493,20.5980174698252,0,0.029,19.815135225273,17.1237009530764,0.034,0.080625,0.0943125,0.080625
"neglog",1,0.8,200,1000,0.639685454386931,0.492885457544377,0.406684986038046,0.622104848483996,0.605235245367851,0.63772143455657,0.635764586587692,0.622104848483996,0.605235245367851,0.17199557896245,0.0771798030991955,0.0330951949764932,0.159272669246995,0.149743841354406,0.171032154858391,0.17007176750883,0.159272669246995,0.149743841354406,0.004025,1,437.3224107868,17.7542514854855,1.00141748170411,17.7542514854855,0,0.73,1,0,0,196.049171770934,18.4141379201434,0,0.014,117.312631604185,15.2514980417751,0.0529375,0.07475,0.0781875,0.07475
"neglog",1,0.9,25,1000,27.1606894955945,0.625339898045385,19.6131974884975,3.98054478131439,9.13658662519584,24.0351123295829,21.269615705706,7.6546642291443,4.13369623578269,7.56092444204504,0.214735426333565,4.70548385629365,0.86311145904719,2.45326610084323,6.3297832786941,5.25589636477522,2.69046073501256,1.45849529442911,0.00288,1,225.014531262267,5.99280344204543,0.123322378756773,1.15220818212427,0.981,0,0.019,0,0,NA,68.1926797233409,0,0.016,NA,0.178167008152127,0.3235,0.265625,0.3249375,0.2171875
"neglog",1,0.9,50,1000,5.55054654113854,0.747348399946886,1.72269428099255,2.91073110859345,1.56143263893241,5.30139747009187,5.06167581379529,2.9436211122787,1.54856977769807,1.23174502280464,0.0554836897087582,0.598563420798673,0.375934824587203,0.173803089350772,1.13808969604248,1.03736445728527,0.41243613665217,0.162943552543154,0.0035,1,337.278654499296,9.66329036949926,0.351812066201493,6.23900726968531,0.394,0.008,0.606,0,0,173.762014441066,27.7822372541944,0,0.126,1.60696532260865,8.11704290522299,0.141125,0.069375,0.193125,0.0670625
"neglog",1,0.9,100,1000,2.38719207521432,0.850544943762873,0.638142186723743,1.84635857949837,1.42862499402839,2.34794739897253,2.30920097661994,1.84636799107031,1.42863128967659,0.327626488194287,0.0272022457677676,0.143988876924689,0.184817240773373,0.100520649004125,0.31879441222165,0.308103947444528,0.184817240773373,0.100520649004125,0.00384,1,232.971449143587,12.6202340391317,0.523526399627489,12.2876438299115,0.01,0.168,0.99,0,0,113.184560238341,23.7649726598384,0,0.037,10.2797792256174,15.8769837107267,0.0648125,0.0915625,0.12325,0.0915625
"neglog",1,0.9,200,1000,1.37616603695545,1.07250117403878,0.909182129538523,1.32493095151035,1.27710143701884,1.37126135809065,1.36637897362449,1.32493095151035,1.27710143701884,0.395987411238848,0.157145874510055,0.0927905452182807,0.355991935483354,0.30945220934974,0.393726182690865,0.391472956878238,0.355991935483354,0.30945220934974,0.004105,1,407.92157863005,16.200320375375,0.702577355331599,16.200320375375,0,0.538,1,0,0,109.477956168918,17.7441422321499,0,0.043,38.7566175507421,12.4086762631006,0.0856875,0.111,0.1173125,0.111
"neglog",1,0.95,25,1000,49.9643308703313,1.08406342308774,37.2061686753741,4.72682299387456,22.5702726129026,43.7141711887463,38.2166089722269,14.1813113847654,7.99075244605984,16.1295744681733,0.376366845986471,10.6305725454235,1.3256996768523,6.92108835934482,13.1845083606834,10.805274201923,5.95513212264332,3.12365714133885,0.00248,1,254.411013618315,4.08487229864393,0.0623739361399896,0.515435978795746,0.999,0,0.001,0,0,NA,751.114376031411,0,0.001,NA,0.0841912643885484,0.382625,0.3384375,0.37375,0.288
"neglog",1,0.95,50,1000,10.5366679646368,1.2851584637982,3.84513744306332,4.22311628795297,2.07412260590544,9.98159660297628,9.45385688571395,4.44896089903204,1.93625822199928,2.57002626347679,0.0874607512982166,1.44882208171358,0.569239687551511,0.41378907224209,2.30682709969186,2.06857752272792,0.802762600679908,0.323316434084424,0.00314,1,96.7278640031288,6.63151582080048,0.226848487690926,3.53663029656478,0.729,0.005,0.271,0,0,113.054522849259,39.8067052803671,0.005,0.118,0.646396500877144,1.4525893992232,0.229375,0.1121875,0.25775,0.093125
"neglog",1,0.95,100,1000,4.46426710554988,1.56646173931422,1.32643950475616,3.13461373434471,2.24089171589947,4.37579524478144,4.28889566930185,3.13631255240337,2.24019940068401,0.771542046529297,0.0409123353829013,0.390168872233496,0.319107922906486,0.125498017301804,0.734763312157478,0.699228076166068,0.321506460774805,0.119542949234242,0.00356,1,148.997702502034,10.3228110818387,0.392701088233913,9.69729526243786,0.11,0.14,0.89,0,0,107.642036530404,26.3750493838563,0.001,0.082,4.75047883061712,11.5424615139039,0.1064375,0.1005,0.17225,0.1005
"neglog",1,0.95,200,1000,2.83957373896695,2.21289030361913,1.89428832299018,2.68780652864472,2.55256430818006,2.82786661551106,2.81622711972314,2.68780647440665,2.55256415567573,0.861133095413917,0.299420338994985,0.236341245201117,0.715340532153,0.592165853126508,0.849941144864726,0.838068804617279,0.715340532153,0.592165853126508,0.00408,1,359.563244085083,14.434601352738,0.522438257600289,14.3826782107944,0.001,0.503,0.999,0,0,90.6444613596413,18.2459188983907,0,0.076,17.6845046222757,8.42900627728315,0.1191875,0.1468125,0.1585,0.1468125
"neglog",1,0.99,25,1000,220.660485602693,4.99915061901913,162.70294326849,10.9480885989409,136.250400999486,188.901714050709,161.693456431649,71.8071696117391,40.1443008105222,86.9761657493347,1.41977584854014,61.5259562481149,2.69043992845528,55.1889205716002,69.9341930390742,57.3791271388018,31.2971309986071,16.8030535965827,0.00224,1,3.84571090850354,1.35692463408759,0.0130092831820481,0.0934306932570996,1,0,0,0,0,NA,NA,0,0,NA,NA,0.4509375,0.4456875,0.4404375,0.398375
"neglog",1,0.99,50,1000,53.3054417665126,6.11469373405747,20.9781960944545,12.2571375778665,11.0430717485424,50.1156196905159,47.1349512478295,17.2013980519297,7.34955058897315,13.8623978624085,0.295024472493151,9.26895741079439,1.38636646944406,4.48974044418538,12.0625856566959,10.4511958202293,4.34128074157966,1.67406005974244,0.00328,1,14.2716884337877,2.6594735388314,0.0600948531431321,0.811943552149208,0.956,0,0.044,0,0,NA,157.494849480117,0,0.044,NA,0.168672834372299,0.3755625,0.3186875,0.377125,0.24375
"neglog",1,0.99,100,1000,22.1737772892663,7.61732072473486,7.4591932674298,11.8001185748628,7.34267259191494,21.6065601520479,21.058962066994,12.0296535413687,7.15207135051373,4.43036885499605,0.107029208717938,2.77501529183526,0.852506190862713,0.888116073056923,3.99722491689805,3.58269940480053,1.14070690894201,0.466594279279526,0.00397,1,44.0571225806356,5.17005158672181,0.151122517954685,3.00656700000874,0.585,0.125,0.415,0,0,104.604350046401,50.9680914001601,0.062,0.209,1.00051537536827,0.997943770686381,0.2815,0.1886875,0.3108125,0.1631875
"neglog",1,0.99,200,1000,14.4610494034055,11.2004299009614,9.74625771077087,12.9047736027644,11.7139435853452,14.3825247377837,14.3048962122924,12.908748931579,11.7101672259116,4.12174578469649,1.5573342463494,1.38539951172676,3.09398117775793,2.07908181863062,4.06589720204978,4.01147780163649,3.09398117775793,2.07908181863062,0.00422,1,159.109274565832,9.22908162707944,0.269908057744385,8.09893480555386,0.149,0.489,0.851,0,0,83.4893564346355,26.0233713871279,0.045,0.208,3.99839187294933,2.6414254068382,0.213,0.2081875,0.2498125,0.207875
"neglog",1.5,0.8,25,1000,16.1103982962313,0.430016922059162,11.603878487487,3.0596136549311,4.69007795821589,14.4256381114567,12.9201215743796,4.68501517015526,2.43952789621901,4.73676654243637,0.193472734959347,2.76894314567981,0.889755342117696,1.18994807425522,3.9620166129231,3.32528173490614,1.68067717445565,0.935863448225038,0.00252,1,111.994405004305,6.32748096752331,0.269432389568991,2.66453489781609,0.911,0,0.089,0,0,NA,52.5014910002344,0,0.039,NA,3.07463212285381,0.28,0.1941875,0.2926875,0.166625
"neglog",1.5,0.8,50,1000,3.17677760789945,0.450827636362788,0.860662366394485,2.00016417627308,1.24180336151078,3.05248975484504,2.93207456350286,2.00136307690048,1.2416754686927,0.764797353617701,0.0555509980137985,0.315761648023285,0.363882970109211,0.1593066432395,0.716008150665977,0.665160500210176,0.364444626031584,0.1593066432395,0.00368,1,194.193529498297,10.6420259020912,0.662176871768905,9.58873055903589,0.07,0.01,0.93,0,0,235.112241633213,17.2893467372412,0,0.11,5.46228627477254,8.1132921877921,0.0833125,0.0665,0.146375,0.0665
"neglog",1.5,0.8,100,1000,1.17673383648403,0.442092933419426,0.28639420257751,0.999233679262729,0.847275586521076,1.1590506467567,1.14155858342108,0.99923250516232,0.847271956323543,0.196008927209137,0.0241054947785794,0.0730788558658323,0.135628756088674,0.0940130321064265,0.192137623857411,0.188623045795952,0.135628756088674,0.0940130321064265,0.00363,1,438.00295601377,16.4865588775764,0.937597952603878,15.7738471156298,0.006,0.217,0.994,0,0,119.368057967301,16.8632708487215,0,0.017,19.4782262681334,13.4675079518929,0.033,0.0766875,0.091125,0.0766875
"neglog",1.5,0.8,200,1000,0.685768716961473,0.530884153236476,0.442258537403306,0.668259078927962,0.651432904085754,0.683591929230284,0.681423536556996,0.668259078927962,0.651432904085754,0.216093998564732,0.104044768043768,0.0529390132179961,0.206690089718493,0.19264132288097,0.215435045188882,0.214778123643738,0.206690089718493,0.19264132288097,0.004115,1,552.544921516146,19.42680669822,1.22223495679472,19.42680669822,0,0.65,1,0,0,154.263238178172,13.8774430673903,0,0.02,81.6813097433884,10.9484567597109,0.054625,0.07675,0.079875,0.07675
"neglog",1.5,0.9,25,1000,28.223516919087,0.685040213516354,20.5985328545414,3.55400895431099,10.4993512905732,24.7006515855103,21.6137170594129,8.00937542050107,4.58587909819929,11.1603303892697,0.31202450497586,6.91453942746731,1.34103812873736,3.61254204496487,9.2774656952172,7.56056157256852,3.9585803668982,2.14906220207478,0.002,1,45.675657527944,4.26757541907872,0.125423502919472,1.10718061275025,0.99,0,0.01,0,0,NA,79.1612457085764,0,0.008,NA,0.260626222832198,0.355125,0.2875625,0.35125,0.25075
"neglog",1.5,0.9,50,1000,6.82053882832836,0.894043774759907,2.17122283912912,3.42752542519969,1.77993848794282,6.49478865213528,6.18293868259869,3.46530291136897,1.76514023154349,1.8575434315644,0.0821819404165902,0.936238927639753,0.595032310614666,0.262497732413508,1.68191455103406,1.51817986565065,0.637144405501526,0.247975229422533,0.00358,1,285.176881967078,9.29007484378649,0.427677037259779,6.50774558887165,0.366,0.007,0.634,0,0,129.990874461157,24.3875404488336,0.002,0.126,1.07806011447784,5.41171236262978,0.1751875,0.08375,0.2285,0.0814375
"neglog",1.5,0.9,100,1000,2.5231321822239,0.887216643745421,0.696982921452593,1.94790684277472,1.51243557591451,2.47506440334702,2.4277503833457,1.9479224817017,1.51244226818761,0.527151716246052,0.0374922660166842,0.226258363530517,0.298215507165328,0.155471762942258,0.508599353527095,0.490714415851748,0.298215507165328,0.155471762942258,0.00408,1,287.737569076202,13.6701629369615,0.688515332166656,13.0520726577476,0.014,0.163,0.986,0,0,120.006528423281,18.3428419384378,0,0.054,9.50995657677025,10.8521080461175,0.0701875,0.096875,0.139125,0.096875
"neglog",1.5,0.9,200,1000,1.50663805678156,1.15858838695986,0.982384712586407,1.44748263388849,1.39270516385731,1.50051985676383,1.49443470654863,1.44748263388849,1.39270516385731,0.405959802017398,0.142627492684077,0.105536668886659,0.356619672823564,0.306144452654787,0.404757784517327,0.403000324386036,0.356619672823564,0.306144452654787,0.00405,1,531.134578738059,18.0040406853565,0.909703821748608,18.0040406853565,0,0.499,1,0,0,102.469318647842,14.9912457459938,0,0.05,31.3568384995521,9.64067985993386,0.0880625,0.1158125,0.1225,0.1158125
"neglog",1.5,0.95,25,1000,56.5986547985299,1.48249665285157,40.8635857055492,5.57837802395367,25.2739405612514,48.9359311990547,42.3311222700416,17.1117159354176,9.66057861056138,23.6843716720276,0.58698635106535,15.4823471524427,2.12532032525193,9.72521654988849,19.5040316730699,16.1957954609319,8.56450045399319,4.56305235214398,0.00236,1,167.500199186851,3.66724814894496,0.0652439482314933,0.516418243808331,0.999,0,0.001,0,0,NA,77.5988075722695,0,0,NA,1.30729796315971,0.3891875,0.3586875,0.3928125,0.3194375
"neglog",1.5,0.95,50,1000,12.6679464684868,1.48760284651318,4.71971835916191,5.08409123816805,2.54453336739996,11.9633025176172,11.2975649055745,5.38000634789308,2.36465516724041,4.05821547422226,0.13274073658602,2.24986618039382,0.906879315474645,0.629809820350716,3.65750338288811,3.23252769053972,1.23359917237863,0.499105871448858,0.00346,1,73.4807399348798,6.12467831594513,0.24991391692237,3.63513035072278,0.685,0.005,0.315,0,0,151.337533479484,34.4482697077116,0.004,0.158,0.838211245403174,0.992977540415779,0.2655625,0.1413125,0.29475,0.124
"neglog",1.5,0.95,100,1000,5.04273128135619,1.75474259010763,1.51914559951411,3.54017007237091,2.54545810267644,4.92770208805194,4.81528712020877,3.5431849918239,2.54426176526593,1.14553820086423,0.051279041839815,0.606742583592193,0.460381056320656,0.179364577962146,1.07402530440781,1.0108151198528,0.461832798669902,0.17648389379565,0.00398,1,175.824711850497,10.743380293545,0.494698833708811,9.98698659446265,0.11,0.144,0.89,0,0,118.012057712041,22.2069835816179,0,0.103,4.4065307522786,8.12940595697562,0.1314375,0.1139375,0.20125,0.1139375
"neglog",1.5,0.95,200,1000,2.77866491488313,2.11187725865752,1.81499622738589,2.61619465200978,2.47397119985336,2.7651285951061,2.75168848845756,2.61619465200978,2.47397119985336,0.697801258169017,0.202943658939759,0.206779728672293,0.558837278595536,0.474134846924319,0.691931973329388,0.68637380607686,0.558837278595536,0.474134846924319,0.00397,1,427.498594871721,15.916947798676,0.699859962355005,15.916947798676,0,0.457,1,0,0,92.3867462794118,16.7699956794913,0,0.074,16.5377559865243,9.03474490501476,0.114125,0.1385625,0.1499375,0.1385625
"neglog",1.5,0.99,25,1000,257.107344085336,6.61827433617162,186.84981661014,12.6897639340126,159.999006182376,217.643306088071,184.383468402573,84.4970010592294,48.644659607289,122.409237243467,2.32759924417914,87.0080882317955,3.91197427732824,76.3847720048596,100.859219735389,82.8789028442487,47.0032996046839,25.3624514730638,0.00248,1,356.111539987587,2.11973084675558,0.0134258293445583,0.100132355337796,1,0,0,0,0,NA,NA,0,0,NA,NA,0.450375,0.4470625,0.4541875,0.4161875
"neglog",1.5,0.99,50,1000,55.7385404124319,5.54616422030418,23.9320596137538,11.6746648310866,12.2843972725952,51.9432574949567,48.4258658962588,17.8804943531711,7.60314416371354,20.1459989594022,0.489810591375564,12.9626545564844,2.23190902615099,6.0591334929885,17.4836265091931,15.2004182241446,6.09728070899485,2.4867832480731,0.0029,1,14.0280092635339,2.66764536132656,0.0641363528076146,0.820122425942412,0.969,0.001,0.031,0,0,214.543994071095,106.258125199751,0.001,0.031,0.217182852070931,0.154501038540562,0.389625,0.3390625,0.4001875,0.2784375
"neglog",1.5,0.99,100,1000,23.835143676506,8.35872201271197,8.12766802622785,12.8388883353485,8.15145266983631,23.1274022128266,22.4505251616375,13.1073924356444,7.90654759306496,5.61072390010745,0.12590610303818,3.5586189405386,1.07900715717687,1.084774074651,5.00953384548332,4.47052007708878,1.51082837646444,0.627418931363806,0.00392,1,50.7816179825046,5.34898446358246,0.183784881991918,3.10458616781983,0.58,0.123,0.42,0,0,108.457656468864,44.338654837095,0.07,0.232,0.916887416178422,0.885791963722451,0.302375,0.203375,0.3249375,0.17525
"neglog",1.5,0.99,200,1000,14.7695558191634,11.3331914621363,9.8592699216496,13.1855539005782,11.9845992974847,14.6757940923201,14.5835685850488,13.1914380427404,11.9810014233178,3.80595558647095,1.11620247290494,1.35549205595176,2.59571361735603,1.60530550566897,3.74860766034743,3.67566817299326,2.59571361735603,1.60530550566897,0.004095,1,189.406399265632,9.9886904733712,0.36581082030658,8.61302804993445,0.158,0.438,0.842,0,0,83.5212545737772,23.3204618201109,0.043,0.239,3.2396099618705,2.40494323716086,0.2183125,0.2025,0.256,0.202375
"neglog",2,0.8,25,1000,14.5138958061088,0.497254276874022,10.1057470587824,2.75537328234179,4.24896132073574,12.8212259320442,11.3275925616482,4.29860345293149,2.37748849854514,5.99455222536574,0.231163635019936,3.40263278292662,1.15551935150856,1.42238943821422,5.03723835248421,4.28179627732956,2.16670395769227,1.17091517980453,0.00188,1,89.0690716887678,6.14229659145345,0.282285013214918,2.59678683407029,0.918,0.001,0.082,0,0,88.8396763526714,38.6960822716898,0,0.026,27.9023400058663,2.70643770168289,0.2985625,0.2111875,0.3085,0.186
"neglog",2,0.8,50,1000,2.90979855860655,0.427420747646307,0.802686849379694,1.81000818925242,1.12458338753525,2.78340854409887,2.66168404655371,1.8111460177568,1.12396105159523,0.903935993652348,0.0672243930024819,0.364908643412772,0.443012672827174,0.210237222871637,0.844684586372573,0.781574017083308,0.444052437047635,0.209434865006403,0.00328,1,301.304223132343,11.8290569487024,0.784415089969132,9.94002487000824,0.062,0.011,0.938,0,0,208.951025060203,14.753514869513,0,0.096,6.42841774706514,6.45898095608277,0.091625,0.0651875,0.158875,0.065125
"neglog",2,0.8,100,1000,1.32149093024747,0.462616232921218,0.317478432767148,1.11412117560999,0.936908334904501,1.29966763346212,1.27810985353242,1.11412114895984,0.936907985661521,0.279272452942847,0.0345525721680932,0.101763314245422,0.201229787532223,0.137976057889155,0.2732430861282,0.265610203047697,0.201229787532223,0.137976057889155,0.00401,1,389.755664548246,16.4654844648871,1.13678225877948,16.4536566096516,0.001,0.212,0.999,0,0,129.706871563558,14.1882524075538,0,0.022,19.8635807399709,10.0406958935394,0.0373125,0.081,0.10225,0.081
"neglog",2,0.8,200,1000,0.722896109522571,0.548159005445884,0.4572699091241,0.70319664856141,0.684328165397778,0.720424307731083,0.717962653543828,0.70319664856141,0.684328165397778,0.229274857083724,0.0956389172671888,0.0510839573918736,0.214993758420394,0.204105999105478,0.227996642010079,0.226725917522628,0.214993758420394,0.204105999105478,0.004225,1,713.416375563556,21.4886831521209,1.46122395035732,21.4886831521209,0,0.589,1,0,0,140.869248367135,12.6167220592715,0,0.017,71.5679171788791,9.73393651975266,0.055375,0.0790625,0.0815625,0.0790625
"neglog",2,0.9,25,1000,30.4816448482758,0.993523826263409,21.1635015673995,4.45314601730809,10.7674405598318,26.6739991132305,23.3629447385804,9.23462573207057,5.17650458090572,14.7604136957121,0.482683085982138,8.81440094732832,1.95500410379786,4.66314261655766,12.195909385688,10.2580729957658,5.22673744734133,2.86302325234251,0.00196,1,202.946783430266,5.13441286982979,0.13534027998722,1.15885929516296,0.987,0,0.013,0,0,NA,49.0853154710547,0,0.01,NA,0.133042513359332,0.365625,0.306375,0.3678125,0.2718125
"neglog",2,0.9,50,1000,6.99388185778094,0.859921381759145,2.49738411666728,3.44412595342993,1.79171275253575,6.6280750264278,6.27982939007861,3.49129910303185,1.77091907594897,2.28801903244207,0.103400329648463,1.19595482041044,0.786655150124757,0.339981096750081,2.04000491495628,1.84185426688397,0.848793865797568,0.329073688577146,0.0033,1,174.533985210088,8.70510091737862,0.484657271307535,6.74162862612237,0.357,0.007,0.643,0,0,180.089819013216,22.6321149840355,0.001,0.128,1.47010113665955,3.88587134969249,0.196625,0.095125,0.2423125,0.0923125
"neglog",2,0.9,100,1000,2.55426887834963,0.8707317020554,0.739189914286771,1.94892782695554,1.50232725518783,2.49922227366322,2.44520671301464,1.94896672801383,1.50232464063793,0.624122474279947,0.0421493450961732,0.28745834718773,0.341915099348428,0.175061867188788,0.593570176846026,0.54656446889742,0.341915099348428,0.175061867188788,0.00384,1,295.745459277053,14.0371272431293,0.846374329544594,13.7369597954097,0.014,0.159,0.986,0,0,104.972985499652,16.053909896254,0,0.067,8.37891561755236,8.80083326648988,0.0791875,0.09725,0.1515,0.09725
"neglog",2,0.9,200,1000,1.38138836631222,1.01641774430045,0.861415149125906,1.31775326199477,1.25949394506151,1.37483496689999,1.36832132937337,1.31775326199477,1.25949394506151,0.491664768734378,0.13869397233438,0.122706648741379,0.429802376283079,0.370310810983336,0.486879807331194,0.482972786132978,0.429802376283079,0.370310810983336,0.00403,1,618.605073535831,19.59973352016,1.11363302099711,19.59973352016,0,0.469,1,0,0,105.227658885253,14.2310775815235,0,0.037,33.9370589778501,8.48723873867603,0.0816875,0.1099375,0.118,0.1099375
"neglog",2,0.95,25,1000,60.1762994868758,1.7817994610584,42.9174874921551,6.314303826808,26.4738642841343,52.3832320727036,45.6534020792564,19.1296688049342,10.8940379624905,28.4581681080343,0.76810890882719,18.8400554785873,2.79358697149557,11.2267499530076,23.8115940080823,19.9909491664821,10.7122159746252,5.72710845940685,0.00256,1,294.310371889064,4.14376948555146,0.0725202456041447,0.560960639676157,0.997,0,0.003,0,0,NA,102.610533498241,0,0.001,NA,3.42106060699318,0.4029375,0.371,0.3998125,0.3365625
"neglog",2,0.95,50,1000,12.8575318890149,1.51895902449739,4.99407155982858,5.0925732503294,2.72194014329023,12.0552712416108,11.302750700762,5.43127544370191,2.50184421642404,5.06624476465877,0.166056758742123,2.84621029236982,1.17706171332022,0.816230746076473,4.4770478271984,3.97049777773235,1.62397329050925,0.622408743749904,0.00338,1,121.708022200835,6.71546309352022,0.285950896341354,3.82410112716217,0.705,0.002,0.295,0,0,309.616753402097,33.9549639748079,0.001,0.146,0.883126292315884,1.06047002308274,0.281,0.1599375,0.307375,0.138875
"neglog",2,0.95,100,1000,4.68527232044132,1.56458723620417,1.54561209454101,3.24360138834147,2.34518338746308,4.5603490334711,4.43896075307511,3.24703058096762,2.34288493452797,1.30554694185421,0.057424975563867,0.69766737917988,0.520968432503809,0.215957185046305,1.21468433969856,1.1467374545649,0.524340339400639,0.212738142783921,0.00376,1,167.717938069518,11.0851655412248,0.602984086280934,10.4773292131277,0.096,0.11,0.904,0,0,117.783624460986,19.0444652541273,0,0.103,4.41406496982373,6.61351789757494,0.1416875,0.1075,0.2056875,0.107375
"neglog",2,0.95,200,1000,2.79705734773614,2.06797257875342,1.78227385875958,2.61741013276295,2.46334055129013,2.78091984230658,2.76492226683082,2.61741013276295,2.46334055129013,0.694019962931681,0.170865231802542,0.234662228949928,0.55579836431408,0.419856619567628,0.688128427839478,0.672642678596472,0.55579836431408,0.419856619567628,0.00399,1,484.869334985939,17.2021483816486,0.870692924328861,17.2021483816486,0,0.423,1,0,0,86.6479161628418,15.386960524258,0,0.087,14.5854364355889,7.92471339273642,0.1121875,0.138,0.1540625,0.138
"neglog",2,0.99,25,1000,267.497774379908,8.21956687266686,188.300601008049,14.7798927001469,160.322987051622,226.745959915268,192.610776698993,93.7229848034897,52.5777638540072,158.080096009195,3.2981862335237,105.745982490644,5.54131030674759,93.7618651167902,131.052929547743,105.384801708238,59.470307223257,31.5790366909806,0.00284,1,109.729986192965,1.74406385050759,0.0144672246251041,0.110189789793324,1,0,0,0,0,NA,NA,0,0,NA,NA,0.4578125,0.452625,0.460375,0.43025
"neglog",2,0.99,50,1000,62.3380523643273,6.27781030905904,26.6825557379533,13.6521949796596,13.5631564007737,57.9737061901791,53.9317628641105,20.5985188071488,8.40545460210514,27.4929728956937,0.672953583826023,17.2866936446552,3.0738572928774,7.78745928649997,24.4500278671293,21.6982435963775,8.45988051204897,3.31234548742875,0.00308,1,17.3353805970428,2.71607448413918,0.0629001234976884,0.858219516292162,0.965,0.001,0.035,0,0,93.605838621117,84.9830448193729,0.001,0.035,0.168635504825544,0.156892527808352,0.4039375,0.3548125,0.4144375,0.301625
"neglog",2,0.99,100,1000,26.2773336875632,8.45018490869035,9.10403788732424,13.5544370388595,8.3350994575182,25.418263089571,24.600142692162,13.8821247677057,8.06894715614914,7.67719850373328,0.195815075343248,4.53880023342842,1.74373940835635,1.40730263597857,6.93156845440774,6.33587398719735,2.23494530779548,0.822119397526743,0.00394,1,49.6734157473688,5.20868513777916,0.19357315078153,3.21536808996439,0.571,0.102,0.429,0,0,108.047383853856,45.0116342901712,0.074,0.249,0.738358631913524,0.819209962226259,0.3223125,0.220125,0.3428125,0.1929375
"neglog",2,0.99,200,1000,14.5633437441346,11.008675994296,9.69535278541392,12.9099830048338,11.6991748454932,14.4535376282896,14.3460399039993,12.9180804022624,11.6914521072278,4.12406544008132,1.16151941359569,1.62532812597181,2.86543375819111,1.9136422830038,3.9773786771334,3.8552655995008,2.86543375819111,1.9136422830038,0.003995,1,190.278692112967,10.108946928556,0.432465291897437,8.69149903889067,0.147,0.407,0.853,0,0,80.6697713156877,20.9185875402104,0.048,0.24,3.19157763521957,2.12783752522142,0.2311875,0.2110625,0.2718125,0.2099375
