"Link","Sigma","Rho","n","Successful_Reps","MLE","SRRE_k1","SKLE_k1","SRRE_k2","SKLE_k2","SRRE_k3","SKLE_k3","SRRE_k4","SKLE_k4","MLE_Med","SRRE_k1_Med","SKLE_k1_Med","SRRE_k2_Med","SKLE_k2_Med","SRRE_k3_Med","SKLE_k3_Med","SRRE_k4_Med","SKLE_k4_Med","Clamp_Rate","Conv_Rate","Mean_k1","Mean_k2","Mean_k3","Mean_k4","K4_Binds","Prov_Hold_k1","Prov_Hold_k2","Eq32_Hold_k1","Eq32_Hold_k2","Eq32_Val_k1","Eq32_Val_k2","Eq32T_Hold_k1","Eq32T_Hold_k2","Eq32T_Val_k1","Eq32T_Val_k2","SignFlip_k1","SignFlip_k2","SignFlip_k3","SignFlip_k4"
"logit",0.5,0.8,25,1000,0.675455182969066,0.120324967857256,0.24617555524695,0.246027737371898,0.106594735919861,0.614206174910587,0.557536175011332,0.256532535172698,0.099581053504166,0.555038198442908,0.0721258827790967,0.160644387337278,0.192631278716742,0.0715150132931763,0.503260117457726,0.451196764824439,0.205924333626766,0.0706922592555801,0,1,21.9541704056906,3.96284576658446,0.212021845475535,3.45230655187759,0.276,0.106,0.724,0,0,48.2185879830931,20.4520733493882,0,0,18.5423559354609,10.3399677429182,0.043625,0.0045,0.0835,0.00325
"logit",0.5,0.8,50,1000,0.248116643325907,0.058911571348756,0.0965631035455524,0.13350852747041,0.0657341493939265,0.238133594611823,0.228416432445735,0.133667843044484,0.0654837051879841,0.209850522821198,0.0404827291683383,0.0559193653433491,0.107910144848376,0.0474650112540072,0.202984869877682,0.194454444634162,0.108001320672429,0.0473774378829571,0,1,41.6756625814307,5.97587579376827,0.269152847588166,5.9157208130509,0.018,0.211,0.982,0,0,73.6514138411756,20.6024218771008,0,0,40.8181629917355,15.9126688574068,0.006875,0.000625,0.019625,0.000625
"logit",0.5,0.8,100,1000,0.109573669371213,0.0355409562420019,0.0674345997076365,0.0732369778137725,0.0463580402960095,0.107504461208787,0.105458081219457,0.0732371117372213,0.0463544023039118,0.0946973687183828,0.0258534179225659,0.0282843929691587,0.0623003315960765,0.0372218111718984,0.0927785574513645,0.0910986676012774,0.0623003315960765,0.0372218111718984,0,1,87.6996578579024,8.69827478092284,0.29894189597614,8.6928644042573,0.003,0.351,0.997,0,0,125.651502221128,26.2627397059648,0,0,93.3173574215748,23.4824404297366,0.00525,0.00025,0.0015,0.00025
"logit",0.5,0.8,200,1000,0.0499227350813206,0.0237771118373594,0.0569356547908131,0.0376694598730949,0.0277177687805499,0.0494658087493503,0.0490112557266669,0.0376693940036957,0.0277167256897633,0.0448586174532308,0.0161907618494564,0.0190378454112954,0.0330317695558253,0.0230224696406629,0.0443729252662022,0.0439494997817303,0.0330317695558253,0.0230224696406629,0,1,175.792103857036,12.8641538552187,0.317063272376127,12.8604693282193,0.001,0.447,0.999,0,0,242.176672633795,36.3394997245708,0,0,214.563270355279,34.268344369345,0.004125,0,0,0
"logit",0.5,0.9,25,1000,1.68019370387602,0.222968602387516,0.499777130572207,0.449462179958487,0.229541798364843,1.47706105925929,1.29384332866512,0.523857777478012,0.184364650902811,1.37014796572082,0.123371865138617,0.33237321372628,0.348506307054846,0.146281607924584,1.17601536526318,1.02414631337704,0.42705951026525,0.130780576473762,0,1,10.1872667121887,2.5751223662484,0.142187097314656,1.8562858713343,0.58,0.061,0.42,0,0,50.9795703079959,25.3068774394801,0,0,7.55249648466749,5.81502376186996,0.083875,0.024625,0.173,0.0175
"logit",0.5,0.9,50,1000,0.553815699237577,0.0921495977239002,0.121790494615222,0.237723451642021,0.0834060207888152,0.514749382242248,0.477491275476282,0.238770928832644,0.0821769305861305,0.471077313421439,0.0581649663351785,0.0771997465814012,0.193419080692684,0.0545867003746652,0.438770350208329,0.400813967661353,0.193419080692684,0.0531850799711337,0,1,21.0102861065722,3.95877336325168,0.221718412170125,3.76961930517108,0.071,0.167,0.929,0,0,57.9225026040582,17.8387417745957,0,0,19.5640005259344,10.2045775588988,0.011875,0.001875,0.07325,0.00175
"logit",0.5,0.9,100,1000,0.256620673164412,0.052284488715639,0.0559625586877819,0.143573807603417,0.0700218956180371,0.246847276815939,0.237290707666202,0.143596174960004,0.069987403541317,0.228102801821319,0.0309674710124127,0.0322668054077475,0.119339047359308,0.0520570137148248,0.220039549630254,0.21026983426996,0.119339047359308,0.0520199456268971,0,1,43.0983482875131,5.81552984847954,0.26929669789363,5.79478765986727,0.008,0.296,0.992,0,0,71.5547183363375,19.253965025555,0,0,40.661789682039,15.1912338887113,0.003,0.00075,0.020125,0.00075
"logit",0.5,0.9,200,1000,0.1122565890218,0.0262902882982501,0.0291449728404443,0.0737232415475823,0.0448013170742325,0.110023609455445,0.107814677793401,0.0737262690121193,0.0447957469675837,0.101304712534972,0.0170496833036637,0.0137972443763812,0.0652701195560818,0.0373535970272016,0.0992331386247368,0.0971703230104842,0.0652701195560818,0.0373535970272016,0,1,82.1839623207615,8.58874127934054,0.300108984230836,8.58121736927093,0.002,0.398,0.998,0,0,121.876485570889,24.9992068118758,0,0,95.9608881631925,22.2240672025433,0.000625,0,0.001625,0
"logit",0.5,0.95,25,1000,3.33975324973622,0.375152608987479,1.04517194366963,0.634923855086039,0.546344199796685,2.84384437610685,2.40958952766006,0.912766662130121,0.323359262922019,2.66392278807013,0.199844156118008,0.710869208274471,0.490646266332589,0.319075835321523,2.21319528198786,1.84727876684111,0.769532657129952,0.239902761430751,0,1,5.06145462082429,1.73972209026468,0.0940729460234343,0.986555064725916,0.835,0.05,0.165,0,0,48.0188859262639,36.6085047443326,0,0,4.32961271765807,4.13218857756234,0.145375,0.07325,0.244375,0.040375
"logit",0.5,0.95,50,1000,1.2467344563938,0.182378173856962,0.271059659190348,0.413556377511879,0.114123459601755,1.12414422176314,1.00976749438962,0.423793834488932,0.106436232155841,1.0691205366722,0.100820463816175,0.173597639823956,0.334463097636587,0.0717876066686117,0.957677209702488,0.859322802536865,0.343688827459553,0.0674355979511234,0,1,10.9247262619676,2.63303080700476,0.161657562002286,2.35814449641396,0.222,0.142,0.778,0,0,50.5265853022738,19.5912968334741,0,0,9.17422393333576,6.50247108615472,0.037375,0.006,0.151125,0.005125
"logit",0.5,0.95,100,1000,0.52430387586403,0.0882460681359908,0.0926342493786617,0.234123105607421,0.0790206896279792,0.49116703818567,0.459270395275495,0.234563059147887,0.0783988706848811,0.461602929918805,0.0475120409610716,0.0627833618405576,0.190167212648782,0.0438306899811317,0.431655925310288,0.401925453016668,0.190167212648782,0.0436908900644605,0,1,22.7669011508753,4.09561715179929,0.225627423531362,3.99441592496599,0.036,0.246,0.964,0,0,51.7689731486585,17.7553531348348,0,0,19.926817160279,10.8096946507661,0.0055,0.003625,0.0725,0.0035
"logit",0.5,0.95,200,1000,0.249433649135529,0.0455543999690278,0.0398617084444763,0.139455064254168,0.0662934153948336,0.240297352879272,0.231343652358237,0.139476169243809,0.0662613396538739,0.220143997361691,0.0263570827526987,0.0272401473724307,0.117799411720029,0.0466901472843619,0.212074028377764,0.203795874544758,0.117799411720029,0.0466901472843619,0,1,41.0782504652457,5.8457002053604,0.270316819435178,5.82238887523367,0.004,0.362,0.996,0,0,79.4540153773088,19.4263765223978,0,0,46.0482470449633,15.2090316156584,0.000125,0.00075,0.018375,0.00075
"logit",0.5,0.99,25,1000,18.9239717273939,1.7681020056984,6.73516813600039,1.15339355587638,7.59997713355194,15.717896952229,12.9919727761948,4.96713542767683,1.79061837929094,14.6509341524406,0.799680556705167,4.56179519926883,0.849051357309007,4.87119368689774,11.8910699026705,9.49269803528351,4.05495467125667,1.24973967133094,0,1,1.17303335011056,0.813577811996053,0.0239944270455622,0.189465537889882,1,0.031,0,0,0,48.2153964611019,NA,0.021,0,0.839316014814348,NA,0.31925,0.32,0.365875,0.198125
"logit",0.5,0.99,50,1000,6.52016881869939,0.71862680804867,1.6714092364963,0.890899423164268,1.00737662686186,5.56592255046876,4.71395529008204,1.43760682339136,0.359905673570965,5.51593550036412,0.366420835900755,1.20168261686211,0.692041854450777,0.64426299215399,4.61564022329864,3.75355173656187,1.25474408989575,0.259597121203773,0,1,2.51037644475302,1.18028708432914,0.0555658266702833,0.635748649761406,0.934,0.071,0.066,0,0,55.0679171274535,65.2427079418233,0.001,0,1.90146873442818,2.45819265022684,0.193375,0.13025,0.306375,0.04675
"logit",0.5,0.99,100,1000,2.8268945426891,0.37150635255434,0.57887806121454,0.678233511950483,0.163293261830101,2.48678904895594,2.17357605150673,0.718476430943348,0.110872853450144,2.45385891555384,0.192199466011549,0.405721648854746,0.501119107241443,0.0963176570521027,2.11120686911047,1.81018336174194,0.551790346556203,0.0671589184706095,0,1,5.07029768936411,1.72800027759513,0.100893908540147,1.40202570367396,0.398,0.16,0.602,0,0,51.795659582384,29.1687842116285,0,0,4.03981759466067,3.7642933615091,0.086625,0.0145,0.233,0.007
"logit",0.5,0.99,200,1000,1.329233007655,0.196332045925949,0.229354856883035,0.450357299199413,0.0851438197975453,1.20501417960253,1.08768823976398,0.45312472888478,0.0807797573193318,1.19213060576363,0.10319916911043,0.162604924876208,0.371984891016622,0.0391199989610952,1.06661030152509,0.950679733548632,0.373489493082745,0.0350754387898115,0,1,9.18890117208204,2.47312165220418,0.153978725056136,2.32139705178013,0.103,0.269,0.897,0,0,44.7579571468752,18.643107987537,0,0,8.79018301291905,6.148499894452,0.026625,0.004875,0.161375,0.004875
"logit",1,0.8,25,1000,1.33947246026834,0.211284147904368,0.441719718766461,0.506663910086308,0.226250162107715,1.19197964092661,1.05820777920237,0.52501317358453,0.214626180057006,1.01338583266953,0.119617635882473,0.291397954321569,0.386836843969058,0.1524097210418,0.918067575956058,0.805815563757211,0.400275366727985,0.147189892595538,0,1,24.0209548839082,3.96330508034093,0.312953152604273,3.53803712024127,0.242,0.083,0.758,0,0,43.6437674627773,15.0582328618044,0,0,8.40178264736268,5.206182224905,0.0845,0.025,0.150375,0.02275
"logit",1,0.8,50,1000,0.487777981458031,0.097220523399062,0.15215893623454,0.26819356391265,0.13299066264201,0.458648418431246,0.430661023723543,0.268404769506611,0.132831276771775,0.416441158181716,0.0641850636518384,0.098780419460896,0.217431973069618,0.0942595521169592,0.39008943953229,0.367810127167819,0.217431973069618,0.0941760319304569,0,1,49.0489201722989,6.2458539263383,0.460536395261645,6.15943936683587,0.016,0.172,0.984,0,0,59.1776751381761,13.0585703496126,0,0,23.7368648466821,8.40966673025138,0.019625,0.009,0.06325,0.009
"logit",1,0.8,100,1000,0.202021627454901,0.0547768714746653,0.0877320828611981,0.136452381568543,0.087027802767978,0.195676888558892,0.189449885575634,0.136452381568543,0.087027802767978,0.177195664858023,0.0381533897498863,0.045748322547865,0.116449736754964,0.0689994784508949,0.172439162154934,0.16691032687479,0.116449736754964,0.0689994784508949,0,1,98.6641913341319,9.16860245634602,0.559258885597687,9.16860245634602,0,0.295,1,0,0,81.3905644894508,15.0333443315515,0,0,50.919963975254,12.6072711216299,0.005125,0.00125,0.01,0.00125
"logit",1,0.8,200,1000,0.0965471471554243,0.0330640232475189,0.0612610950917846,0.0735360946322813,0.0544954858909105,0.0949544248540818,0.0933763400489377,0.0735360946322813,0.0544954858909105,0.0868638983371272,0.0247437552305801,0.0280370824548449,0.064738788437233,0.0457110934734098,0.0852740721564702,0.0838689090953122,0.064738788437233,0.0457110934734098,0,1,181.885690303627,12.9727932832675,0.612218308779981,12.9727932832675,0,0.414,1,0,0,143.430768373513,19.0389696577065,0,0,111.922731439038,17.3243903732364,0.00175,0.00025,0.001625,0.00025
"logit",1,0.9,25,1000,2.96437593229292,0.38006913161752,0.894463922141559,0.827709717706599,0.394672730067296,2.54564862595016,2.17694006185639,0.93542568563407,0.334143425688917,2.39142570020488,0.193154478289179,0.606796658240702,0.638289205722487,0.260175747256605,2.03611248106926,1.68955036823499,0.760239861015842,0.234329129515415,0,1,11.3343990557466,2.65415742677778,0.205797229782183,1.98853784450753,0.541,0.055,0.459,0,0,43.2983280374918,21.6595139754373,0,0,4.14874073845221,3.15408273738112,0.137,0.05125,0.224125,0.042
"logit",1,0.9,50,1000,1.10357325551737,0.174626943438777,0.232815212582538,0.487289455915736,0.17727969528336,1.00222503863104,0.907154908248385,0.488860537081368,0.176101078706315,0.938295555330632,0.0970116462032189,0.162077747563493,0.39804056915628,0.11520823049258,0.844413108035905,0.755158721257924,0.39874272075457,0.114538914346888,0,1,23.4118210809772,4.05714795047375,0.34221321235768,3.89564233004422,0.061,0.142,0.939,0,0,50.0556326169983,12.5636299165564,0,0,10.2057511211566,5.29266463275906,0.031,0.0145,0.141,0.0145
"logit",1,0.9,100,1000,0.483984801019843,0.0883265950585835,0.0975244322544371,0.274689728556131,0.136440691725545,0.456110292754841,0.42918608015942,0.274749145594983,0.136363398558017,0.428546088801642,0.051615924377951,0.0647999907359562,0.232181861712897,0.0993021949324468,0.401737102488848,0.374385759859377,0.232181861712897,0.0993021949324468,0,1,48.9794073575231,5.97059735689202,0.464738907733932,5.8947970668955,0.006,0.258,0.994,0,0,57.7781521298518,12.1197866890722,0,0,22.2831303366284,7.9147555255589,0.00925,0.009125,0.062125,0.009125
"logit",1,0.9,200,1000,0.227603195542765,0.0478425654774558,0.0414807238831338,0.153610586438,0.0969128959620656,0.220146290178635,0.21282316295271,0.153610586438,0.0969128959620656,0.200796001689633,0.0282988854446093,0.0252943319612546,0.129962941784784,0.0765468076122106,0.194418737408488,0.187485093394458,0.129962941784784,0.0765468076122106,0,1,83.0290006744134,8.40765178958388,0.545859422900428,8.40765178958388,0,0.365,1,0,0,78.2755207978325,13.6934269115132,0,0,47.7080729354669,11.0696174747392,0.00025,0.002125,0.015375,0.002125
"logit",1,0.95,25,1000,6.45101476455817,0.735603878125738,2.01147306466778,1.28105223834957,1.01081160455046,5.46491622144712,4.60702838700284,1.77809674392804,0.615113157080078,5.38812539542606,0.369157806889541,1.30803345477305,1.00414196941066,0.566673601403722,4.37974020189439,3.5145252680738,1.50211932128502,0.4609226257679,0,1,5.92592366581577,1.80679010588624,0.12037115504734,1.08125506702521,0.797,0.04,0.203,0,0,49.1270464450708,30.9694832331219,0.004,0.001,1.80605615398562,1.98465436848673,0.213875,0.119625,0.29175,0.091
"logit",1,0.95,50,1000,2.36532600864293,0.330299643329666,0.517193536388132,0.793619495465515,0.223065997408948,2.08833705562892,1.8340487986114,0.812654502507794,0.205213725391503,2.05239705611228,0.166574632918576,0.359293274601886,0.617433702514686,0.135703146727843,1.76117630114401,1.49469769475678,0.637832402503865,0.121375225591942,0,1,11.64665312904,2.71712267027614,0.223244314913349,2.44933674836977,0.208,0.121,0.792,0,0,45.9357225593662,16.0081052884325,0,0,4.61010357658607,3.41768479328605,0.0825,0.022125,0.217375,0.01875
"logit",1,0.95,100,1000,1.03773884377801,0.161990003756779,0.18559141100953,0.478649162673999,0.168712985582493,0.949675799873035,0.866164082270542,0.479286408551808,0.167995332673373,0.934865039593079,0.0916641722591497,0.127411229627163,0.393018518020999,0.104578187929401,0.848546180361918,0.770324594707913,0.393018518020999,0.103974797448747,0,1,24.9074408280093,4.16076592194531,0.350447894248604,4.04504071383843,0.032,0.223,0.968,0,0,48.4779026100791,12.0322017800461,0,0,11.3359189931667,5.34997610561701,0.022375,0.016,0.13675,0.015875
"logit",1,0.95,200,1000,0.465339915649861,0.079841710521992,0.0719989206078548,0.265433550656414,0.129437012639593,0.439164533760211,0.413811183078931,0.265448093986706,0.129412926977336,0.413134512455475,0.0452451060192009,0.050230350405564,0.223659287923641,0.0968129085290442,0.387857239361136,0.362230108509143,0.223659287923641,0.0968129085290442,0,1,44.1929703648195,5.82753442529311,0.464405653040957,5.81101907534709,0.004,0.315,0.996,0,0,58.1947154176498,11.761901758852,0,0,24.3833521349483,7.63997716647614,0.00225,0.008375,0.062125,0.008375
"logit",1,0.99,25,1000,36.1321075870171,3.2356414278208,13.153701936653,2.13906689645841,14.7229608319059,30.1357496192687,25.0202337898273,9.3107595013039,3.35696702995479,29.4092308776838,1.57146645539061,8.96703764194012,1.52379635323486,9.79055023358349,23.8457243336769,18.757649421695,8.08712013866324,2.45411932484791,0,1,1.44342321012583,0.923153539239991,0.0258454754860372,0.206331148804601,0.998,0.019,0.002,0,0,61.7249095151896,129.758074755557,0.017,0.001,0.316913853832915,0.943384710885463,0.372,0.3765,0.404125,0.263
"logit",1,0.99,50,1000,12.6699640318595,1.36126903548219,3.40087500061099,1.70458088984128,1.97132177459012,10.7776180883776,9.098888587901,2.79076338796579,0.677608076271208,10.9328621573863,0.640567887733924,2.46768041761952,1.31406955757292,1.25770027970522,9.03847629005751,7.34865825065848,2.38794544977294,0.51086415044151,0,1,2.883358592973,1.25246790855958,0.0646332664608346,0.678530900604845,0.94,0.067,0.06,0,0,62.5008478272002,86.5984643797164,0.039,0.008,0.956758216929792,1.33812337132386,0.2725,0.201875,0.351625,0.097375
"logit",1,0.99,100,1000,5.37221639418408,0.631211488937654,1.25513241060615,1.26153484552777,0.292703504040815,4.6480471252762,3.99104205051348,1.33478701289967,0.194672014506924,4.58548238214035,0.310711820739671,0.917999869880831,0.98004583694336,0.179661061627161,3.88935904401964,3.24347263766794,1.0315350968492,0.136695078173989,0,1,5.60073162428401,1.80333136777523,0.128579547035831,1.48477456263761,0.4,0.128,0.6,0,0,54.2927859522088,28.8398716869697,0.001,0.001,2.25331124029064,1.95391077475199,0.166375,0.032125,0.28975,0.01625
"logit",1,0.99,200,1000,2.528714015803,0.348330197065238,0.470483644906589,0.883555322320645,0.169753983435666,2.23825909250855,1.96859390049435,0.886421376532805,0.165578093802985,2.24513878549393,0.180331122410082,0.346427592481927,0.703495926229769,0.0746852847149075,1.95400309157438,1.67708293536614,0.703495926229769,0.0694414643652103,0,1,9.87901345251968,2.46319836637064,0.212366588017997,2.37222577116372,0.068,0.214,0.932,0,0,48.5892744774353,15.252735612991,0,0,4.70531643306172,3.16220530749345,0.068375,0.017625,0.232625,0.0175
"logit",1.5,0.8,25,1000,1.96692133656425,0.321098891347182,0.575071620927115,0.788156476186492,0.345543092459822,1.74007150216047,1.53531555145997,0.806710381957461,0.331859909304064,1.56868387519528,0.177490826371591,0.412215881916131,0.626352288152929,0.239435596880457,1.36093884545388,1.17608894411157,0.648145022897382,0.234158751205646,0,1,25.2764337167492,4.08926315089103,0.393972979477981,3.64391492912162,0.228,0.087,0.772,0,0,57.0615309295134,12.8975444522185,0,0,7.20031692911247,3.46015107730969,0.113125,0.04275,0.187125,0.04075
"logit",1.5,0.8,50,1000,0.693317742785775,0.132308123747554,0.197923839038721,0.387067324442922,0.195485707711329,0.64308983306757,0.595281825064058,0.387347741104681,0.195037128197381,0.600913690508297,0.0893075025975431,0.119892403524621,0.328268844037595,0.147200223247578,0.554790064254643,0.514486229232074,0.328268844037595,0.146644563362749,0,1,54.9597341154631,6.3296034725668,0.612686104960234,6.19897723268368,0.015,0.177,0.985,0,0,54.3439640647199,9.95153391571178,0,0,16.150579404574,5.59005785433691,0.036375,0.017875,0.095125,0.01775
"logit",1.5,0.8,100,1000,0.300584794254357,0.0720991654136742,0.112024757650009,0.204287981429931,0.131168228521103,0.28848182333664,0.27666462177253,0.204287981429931,0.131168228521103,0.262401049164358,0.0509936728355619,0.0591754065720601,0.173433488806325,0.103581595405392,0.249492949238289,0.238864811953357,0.173433488806325,0.103581595405392,0,1,111.305690349648,9.31308245217519,0.779990196960038,9.31308245217519,0,0.277,1,0,0,72.3406110733653,10.9848322400457,0,0,38.4589559111339,8.3782475150727,0.01425,0.006875,0.027875,0.006875
"logit",1.5,0.8,200,1000,0.14008685561598,0.0441003706488697,0.0747003420815874,0.107697451734797,0.0805953746257208,0.137038388981275,0.134026633460183,0.107697451734797,0.0805953746257208,0.125520866635994,0.0315780177729833,0.0319073953959254,0.0931848322310219,0.0667863921924064,0.122861640746613,0.120334545488204,0.0931848322310219,0.0667863921924064,0,1,203.6949139073,13.1475665030032,0.881302134085244,13.1475665030032,0,0.407,1,0,0,114.396178397877,13.6093921679682,0,0,82.451758282971,12.0274396148138,0.005125,5e-04,0.00325,5e-04
"logit",1.5,0.9,25,1000,4.4930372062458,0.594874526741688,1.31645239422033,1.30563785528542,0.587089045431873,3.86509531125741,3.31232395347162,1.43774017844534,0.514583691063925,3.57771399794454,0.30851613341335,0.877626402488364,1.01194850872312,0.396485342791968,3.01796468304864,2.49712342821065,1.16060444181276,0.389187315784447,0,1,11.8109518580028,2.60910621270411,0.229830874931612,2.07090559290912,0.489,0.056,0.511,0,0,55.3145310310665,20.9569144255145,0.001,0.005,3.42965816525906,2.26398722116262,0.17375,0.077125,0.264375,0.06625
"logit",1.5,0.9,50,1000,1.61085129680682,0.256879920577313,0.343493567584944,0.726769412722915,0.274356215782033,1.44483007406967,1.29071498215967,0.72928691668054,0.272764838795245,1.36075268603542,0.133980150633674,0.239629794777944,0.583578104492938,0.167593567638705,1.19981426403498,1.04154767423626,0.583578104492938,0.166377815770157,0,1,25.6970698906331,4.12068282585716,0.427868089197002,3.9638778805253,0.062,0.169,0.938,0,0,45.2563813938867,10.6467856945687,0,0,7.4180888667886,3.58713624036213,0.0565,0.03425,0.1725,0.034125
"logit",1.5,0.9,100,1000,0.678264553366315,0.119687308098039,0.129223101217331,0.393837248459941,0.201848969880526,0.631605450500513,0.586877775816683,0.393959264922084,0.201735108002446,0.576320317239153,0.0675285489180904,0.0890137657852673,0.320746703855673,0.141372237674185,0.534825972582301,0.495403744163221,0.320746703855673,0.141372237674185,0,1,51.8378725377871,6.15890519949712,0.618655450648527,6.09431592387129,0.009,0.252,0.991,0,0,54.333167054902,9.34075150906576,0,0,16.8567753667995,5.40096810028317,0.01525,0.020125,0.09325,0.020125
"logit",1.5,0.9,200,1000,0.314852465506704,0.0624047475855147,0.0606977185678709,0.212518043114491,0.133941347646704,0.301485374537539,0.288430734704196,0.212518043114491,0.133941347646704,0.274697264755837,0.0367542646140097,0.0350800501504667,0.180513792535221,0.109572856678822,0.262657328998725,0.251616188789958,0.180513792535221,0.109572856678822,0,1,99.0826686746501,8.90234063877502,0.771069359289469,8.90234063877502,0,0.344,1,0,0,65.8985165836812,10.3981804197316,0,0,35.1112855233699,7.84097759875674,0.00275,0.006375,0.03425,0.006375
"logit",1.5,0.95,25,1000,9.64375433081003,1.10905993631841,3.17122796583565,1.89432349514995,1.56617303812333,8.14175033994355,6.84113397497716,2.6893182441637,0.937415996088864,7.66464015174478,0.501625787716236,2.06526208903203,1.47385506573682,0.851351164794724,6.37600025918764,5.15633531305679,2.27093047552066,0.700120865254052,0,1,6.33121075608524,1.86126426113646,0.124968980521583,1.0936335481611,0.808,0.048,0.192,0,0,51.5609226677563,37.4947706088654,0.009,0.018,1.49055109313339,1.51180651404879,0.256,0.162125,0.327875,0.127375
"logit",1.5,0.95,50,1000,3.4662954994519,0.480223367593556,0.787588148103796,1.20103954058265,0.339575926037714,3.0284623630832,2.63038927498724,1.22758326287942,0.320716563232159,3.01153556316159,0.235694568152724,0.553615458109279,0.955152115169922,0.209502293525783,2.61397965130405,2.22247213903255,0.981031551468418,0.193976375102247,0,1,12.7089034908993,2.79246392218931,0.26290086539375,2.52915472522406,0.192,0.121,0.808,0,0,46.6732516914385,15.0366883000579,0,0.001,3.32918590440453,2.27553754403314,0.1175,0.042625,0.261,0.038875
"logit",1.5,0.95,100,1000,1.45615696910774,0.208679535897963,0.276935088693808,0.674731913043324,0.239695083170787,1.31136208569977,1.17548316736268,0.675337092817529,0.239030443900144,1.28255896586246,0.114193112549508,0.196859183066581,0.557927436072129,0.153691246107696,1.13923206091556,1.01373145120926,0.557927436072129,0.153691246107696,0,1,25.4190729348092,4.1307878233025,0.443348350045732,4.08614016256092,0.025,0.196,0.975,0,0,45.856883014784,9.82498407760755,0,0,7.66951116184401,3.62522210258574,0.039375,0.027375,0.170625,0.027375
"logit",1.5,0.95,200,1000,0.686950248463236,0.115542437455913,0.111031260057167,0.399575672762032,0.201298041313074,0.63956651161253,0.594042034699928,0.39963070692948,0.201228041283186,0.622801180857181,0.0642831192436755,0.0785908608960468,0.341763219936186,0.155450441057498,0.575247272089946,0.534502884824627,0.341763219936186,0.155450441057498,0,1,50.6678436309254,5.90698533690613,0.618063598238659,5.87663894550232,0.003,0.293,0.997,0,0,52.2686776316101,9.04539839771892,0,0,16.789524161294,5.15736435494286,0.008875,0.018375,0.097375,0.018375
"logit",1.5,0.99,25,1000,50.6576624464282,4.59286446153994,18.5086725720178,3.23968112759408,20.1541214888083,42.3397403052657,35.2415968639629,13.3998538598901,4.94891227866951,40.410809361555,2.21770511755524,12.3714283293986,2.19949771827711,13.0941421605402,32.8889613606133,26.0216545004311,11.0565693702129,3.66400294644487,0,1,1.54070915305009,0.982018530433394,0.0286939910252785,0.223840139337908,1,0.03,0,0,0,75.7217156786347,NA,0.03,0,0.336874056397705,NA,0.389375,0.391375,0.4165,0.29675
"logit",1.5,0.99,50,1000,18.3137213663792,1.93984029120455,5.03571345174013,2.44834671286888,2.8767477003309,15.5486097716745,13.1021751444836,4.09252867130505,0.980405926092337,16.0629846769536,0.960186439809569,3.73720222130716,1.84567239175926,1.90994252678491,13.2154941060484,10.6553965972134,3.42186307705868,0.739762081650137,0,1,3.08514816480338,1.31994315102916,0.0687702335079075,0.708610173959556,0.934,0.058,0.066,0,0,62.9631150593111,59.9299937440674,0.045,0.039,0.758709976707838,0.920708152454477,0.301875,0.23675,0.377375,0.13375
"logit",1.5,0.99,100,1000,7.83684257461899,0.956309122587027,1.70541646446604,1.88264578076348,0.37838764755897,6.76534653033057,5.79472385656863,1.97199368010443,0.265449078295406,6.74283691760248,0.469702172432053,1.29764555829446,1.48707111033166,0.238217534701378,5.69990243199704,4.69600610468873,1.55978919844131,0.178973526416058,0,1,5.73482356825216,1.82462783177135,0.14126038627573,1.55555615454211,0.353,0.13,0.647,0,0,52.4471713557939,27.3299664064002,0.012,0.032,1.54316430960418,1.38478495589381,0.197,0.04575,0.324125,0.02825
"logit",1.5,0.99,200,1000,3.53084745639357,0.447852335162232,0.72710757227005,1.23548294267986,0.244344418618272,3.09319774832066,2.69007049634001,1.24080705761777,0.235166493014756,3.09741608747818,0.219352491492031,0.554961577440719,1.01099826919028,0.115598553042122,2.64996757653539,2.2419067039837,1.01099826919028,0.105984731701378,0,1,12.0348195501364,2.64195103718175,0.254178783405684,2.52020307213121,0.085,0.192,0.915,0,0,46.1754513385267,14.0556064439948,0,0,3.43430048373468,2.22102741902911,0.1075,0.0315,0.255375,0.029375
"logit",2,0.8,25,1000,2.52582147761932,0.399097235142373,0.742093574542788,1.03074529283657,0.455268144856131,2.22091885169539,1.94655177568443,1.05008053790309,0.439338689199416,1.94238066340298,0.208137536115839,0.486538289135396,0.795188408453317,0.322362373624084,1.692489866071,1.4573736145787,0.810043883467473,0.315070051184534,0,1,26.8128229146256,4.10464240956009,0.462595260351178,3.81056572281234,0.17,0.079,0.83,0,0,52.8782824045653,11.6342909954025,0,0.003,5.39254263892697,2.6652727566801,0.1325,0.061875,0.21125,0.059875
"logit",2,0.8,50,1000,0.875282299051415,0.166598934248672,0.232981218332862,0.500560313135782,0.260269270982319,0.805238553427859,0.738981111170174,0.500679255629916,0.260242045540749,0.737805884268985,0.097094978621998,0.157715268068326,0.400095154858354,0.18102546149109,0.670326375909578,0.604933216875123,0.400095154858354,0.18102546149109,0,1,57.7302597889403,6.42582001494525,0.748958117296634,6.3860091711787,0.011,0.161,0.989,0,0,50.8756372360424,8.81194028061083,0,0,12.1968546218275,4.39683345925503,0.039625,0.029375,0.1145,0.029375
"logit",2,0.8,100,1000,0.378642529212704,0.0872505719335741,0.127710752766133,0.259159789498779,0.16844083225831,0.360560769186055,0.342990817456653,0.259191842705567,0.168375265172348,0.33549211821072,0.0606501068184391,0.072602765022968,0.225870585860914,0.135776302990193,0.320760065114932,0.305145936951656,0.225870585860914,0.135776302990193,0,1,116.852389014518,9.62250539272177,0.981326872511592,9.60964635098421,0.002,0.29,0.998,0,0,61.9566395785271,8.88078924071006,0,0,29.0102023302977,6.37787276388999,0.017625,0.0105,0.043625,0.0105
"logit",2,0.8,200,1000,0.171588611278833,0.049557930506012,0.0833390678683313,0.132129882615965,0.0991132175014264,0.167054172297608,0.162586094684285,0.132129882615965,0.0991132175014264,0.151683266568887,0.0358472131477829,0.0394201447153172,0.113697709945436,0.0808646664910133,0.147685653409101,0.143128096904883,0.113697709945436,0.0808646664910133,0,1,224.34879452398,14.1056291662936,1.13766160229008,14.1056291662936,0,0.382,1,0,0,96.3472936151692,10.8783216481729,0,0,64.9325346161681,9.340804118031,0.006875,0.002375,0.00675,0.002375
"logit",2,0.9,25,1000,5.76610329087956,0.743290853553814,1.73458794916561,1.68654995808843,0.762610110140581,4.93851851197907,4.21193726744665,1.86345207441632,0.665495280464436,4.53105810736216,0.370369514456771,1.17440022970849,1.31513186610412,0.488112546039183,3.7596593784522,3.09628846406855,1.51176392923751,0.500014118943163,0,1,13.6784120045914,2.78134614084868,0.264937746270648,2.17821817027303,0.489,0.062,0.511,0,0,58.3514225128826,18.8974744780141,0.002,0.039,2.64433276613928,1.6038557846303,0.200125,0.100875,0.28575,0.093375
"logit",2,0.9,50,1000,2.02830599653567,0.312666831924026,0.442595037213113,0.944639573452829,0.369533977137205,1.80607183397241,1.60095592187932,0.947030067285869,0.367564069166698,1.69372454025189,0.164919055894929,0.316410762564048,0.758768002724063,0.238420169637052,1.49422969249919,1.28931130254746,0.759202350184632,0.236776140294027,0,1,27.6824966789878,4.12343416842328,0.4896531750327,4.00411125061685,0.047,0.132,0.953,0,0,42.5837547694156,9.47340337767254,0,0.002,5.48822067983684,2.78386126700491,0.07675,0.051,0.2,0.050875
"logit",2,0.9,100,1000,0.868982497727882,0.142876482393174,0.176627192902287,0.501047839408554,0.255107795173073,0.800332055890424,0.734963559744394,0.501114944939022,0.255021066678982,0.750105155405285,0.0809132840578073,0.118300784805888,0.416675228025514,0.195372038586132,0.682219853868138,0.621938646573089,0.416675228025514,0.195372038586132,0,1,59.3022608041984,6.38159163430929,0.753080820845945,6.30545517012963,0.006,0.225,0.994,0,0,52.6227155304515,8.12188946181763,0,0,13.0245716017984,4.16692680771391,0.024875,0.03125,0.119625,0.03125
"logit",2,0.9,200,1000,0.403905438755861,0.0776986614047713,0.0735163863274981,0.276302719547743,0.177072687497075,0.383816008932862,0.364281706157807,0.276302719547743,0.177072687497075,0.365370543247607,0.0458101525493707,0.047340600916456,0.241342213817886,0.143250631033433,0.346090482435703,0.325730576913746,0.241342213817886,0.143250631033433,0,1,104.433712841857,8.90788041574099,0.966239654092741,8.90788041574099,0,0.325,1,0,0,60.1481328499863,8.31179678728531,0,0,28.0655006159927,5.85030791245656,0.004375,0.013,0.047875,0.013
"logit",2,0.95,25,1000,12.1329634930337,1.50852785133748,3.73922700391996,2.54207745918397,1.80621888187431,10.2969192818964,8.70343185022094,3.47606964001987,1.23430599303603,9.50158797903113,0.692931383421212,2.49907110885746,1.86350757854233,1.06114042431529,7.7915443205025,6.40905133691305,2.80703915237148,0.876800534589353,0,1,6.66627866306224,1.90937621663092,0.144385895684121,1.18078472679915,0.803,0.052,0.197,0,0,52.2412318291298,31.9144706537333,0.022,0.072,1.08865830797669,1.11241823292942,0.273375,0.174875,0.342,0.1535
"logit",2,0.95,50,1000,4.52501721943909,0.616370894778815,1.05056789662573,1.62134977264404,0.477315601330445,3.94666398298281,3.42260681596094,1.64667569982123,0.456968687597787,3.94004900628819,0.293538994383368,0.712667817952221,1.27050869042264,0.289788541126491,3.36691502363209,2.83931203411191,1.31000604013731,0.269707213111794,0,1,13.7924081853261,2.82326784541804,0.293804805061617,2.59952098846583,0.182,0.131,0.818,0,0,50.7303443518438,14.0173231902578,0,0.027,2.86418392845854,1.76391322366793,0.14275,0.062,0.2745,0.059125
"logit",2,0.95,100,1000,1.96512548782761,0.284177872879446,0.377320970968147,0.934174246865363,0.349071068825876,1.76234421753115,1.57280842056606,0.934862397717867,0.348094365491701,1.73122888003392,0.162917316605674,0.253134684270699,0.781443660760516,0.229264483215358,1.52179802774675,1.33296152183954,0.781443660760516,0.228650935531626,0,1,27.4417836194306,4.14226924121486,0.498642782890078,4.08060941013508,0.021,0.177,0.979,0,0,47.0870727431955,9.03522366785544,0,0.001,6.12563236410199,2.7512151265711,0.0565,0.046,0.2025,0.045875
"logit",2,0.95,200,1000,0.871072618860113,0.146568593147007,0.144910079041316,0.514900894825881,0.268968847971519,0.804305176916503,0.740499371867733,0.51491420371021,0.268950898496486,0.764805262152316,0.0736719555472571,0.105258249977914,0.424430527299166,0.190512297080985,0.702906330005661,0.641887971541958,0.424430527299166,0.190512297080985,0,1,57.1087917764529,6.2980854652232,0.755181441544717,6.27972108152463,0.002,0.29,0.998,0,0,47.1193263890026,7.76807332187743,0,0,12.9709460663737,4.07312929311393,0.01275,0.034625,0.11975,0.034625
"logit",2,0.99,25,1000,65.6868175564117,6.22279538314834,24.1436573386275,4.4768530403057,25.3280593327365,55.1413224884286,46.1579565701955,17.4538981391004,6.31700668914683,50.4744339073984,2.51768444308666,15.9342769462239,2.82200746079669,16.0011974482091,40.1845709678635,32.5969031586596,14.0142866478787,4.41166251438658,0,1,1.64427983892298,1.03658208914381,0.0312883542954227,0.237981389845547,0.999,0.029,0.001,0,0,64.7208062395019,66.7032833568003,0.029,0.001,0.273110785015533,0.443482702568742,0.402375,0.3995,0.42825,0.313875
"logit",2,0.99,50,1000,21.9044226894549,2.15743312360906,6.34179858537173,2.90452053927014,3.44268648096605,18.486201805224,15.4789657036026,4.91124260085838,1.13808264199379,18.6590585207215,0.965676679490387,4.81848201245404,2.15033555022826,2.26296198652163,15.2515167224719,12.4583662545805,4.29098621789945,0.811301825140651,0,1,3.54640504867422,1.45818158854909,0.0798908823128879,0.758335656017832,0.947,0.053,0.053,0,0,63.1211962619099,85.9103550448412,0.052,0.049,0.597019061877532,0.597263069945263,0.332,0.2635,0.380375,0.149375
"logit",2,0.99,100,1000,10.2287227307321,1.22702288668686,2.24572838173572,2.47595598414147,0.456335929515897,8.84250495138942,7.58706608863215,2.57213334784612,0.351444654632116,8.88208643647064,0.614875414559765,1.71650897522454,1.96747880376972,0.292583788041232,7.47944486174776,6.10516495351765,2.02994239109036,0.226483329145241,0,1,6.18697170312449,1.85108035078246,0.149147500775616,1.62923413823205,0.307,0.107,0.693,0,0,58.5788588859531,27.7206811500333,0.025,0.184,1.23835211894417,1.10910043381166,0.231875,0.054625,0.348,0.04
"logit",2,0.99,200,1000,4.59578880673965,0.610451368497832,0.86828411041895,1.65810078333401,0.325029086235302,4.01232088786292,3.47649316580078,1.66333903845916,0.317222765307713,4.12827570685911,0.305324438526563,0.649563878403072,1.37897207331737,0.16314840937394,3.54323492939147,2.97971116497017,1.37897207331737,0.152509308298714,0,1,12.0874130062279,2.59207765911804,0.277823176567063,2.49970647532586,0.053,0.214,0.947,0,0,50.572879323924,12.6528280355305,0,0.019,2.86242983500307,1.65701697252205,0.12625,0.04375,0.277875,0.04225
"probit",0.5,0.8,25,1000,0.147619377803762,0.0324577650947951,0.0538900361128302,0.0790562703907395,0.0441625440549391,0.141544070626772,0.135693324099559,0.0793625377009282,0.0437996565446909,0.115809953810947,0.0238063622447986,0.0389573460441345,0.0634732521091958,0.0336785353982726,0.111732380110473,0.108229709961149,0.0636555844143387,0.0336785353982726,0,1,64.0807073542526,7.44236827694308,0.291983997902892,7.29464415394769,0.051,0.18,0.949,0,0,95.0846435243829,23.8651846708734,0,0,66.6496590090285,20.1635622540485,0.000875,0.000125,0.006,0.000125
"probit",0.5,0.8,50,1000,0.0443501072857606,0.0154922559448028,0.0194687126319367,0.0332955776913871,0.0247773871964034,0.0438446576497536,0.0433434399284346,0.0332962215117369,0.0247731520717052,0.0365259151019942,0.0121977590398321,0.0136187136604448,0.0266828178623851,0.0193501710864208,0.0360779628391523,0.0355407480246644,0.0266828178623851,0.0193501710864208,0,1,146.569998742894,11.7128105514745,0.318643119235746,11.5466931520281,0.001,0.423,0.999,0,0,175.873082679532,31.7024303433955,0,0,155.806195889356,30.0411633688651,0.00025,0,0,0
"probit",0.5,0.8,100,1000,0.0154901695859754,0.00743422924518219,0.00864276077575398,0.0134730232818243,0.0117061848229281,0.0154322350563598,0.0153744656457185,0.0134730232818243,0.0117061848229281,0.0132322692588997,0.00621614430729405,0.00653894221623164,0.011612491455905,0.00982520552441433,0.0131944400804215,0.0131524142882415,0.011612491455905,0.00982520552441433,0,1,240.876243066433,15.7908089912065,0.326497801468696,15.7908089912065,0,0.685,1,0,0,393.068859386916,43.3483727456987,0,0,378.020769541886,42.7171882296663,0,0,0,0
"probit",0.5,0.8,200,1000,0.00585853509215106,0.00356180787823544,0.00418847439241483,0.00544886247624761,0.00507236594942318,0.00585032291016114,0.00584212115219731,0.00544886247624761,0.00507236594942318,0.00499718591615108,0.00310228026851557,0.00340972336188387,0.00464662051298014,0.00430984495158905,0.00499077955303883,0.00498438286033772,0.00464662051298014,0.00430984495158905,0,1,383.473648644824,21.0988319137654,0.331346778199321,21.0988319137654,0,0.859,1,0,0,742.317193226529,56.3400339702846,0,0,728.677829077606,55.9595666612113,0,0,0,0
"probit",0.5,0.9,25,1000,0.356914579997213,0.0550058931317036,0.105878517916722,0.148825521948716,0.0676192854309485,0.332590398514074,0.309645229676068,0.152161918193428,0.0651602424305006,0.285090389402596,0.0324012582372175,0.0676345275427221,0.115302233754331,0.048468770470318,0.262693290818551,0.242871021769512,0.119376273933723,0.0476258110649983,0,1,37.2860718292178,5.48821038967626,0.249273754596432,4.98269922286563,0.16,0.121,0.84,0,0,75.7895077809872,21.5336559987186,0,0,33.2670185486392,14.3161542198659,0.004625,5e-04,0.03825,0.000375
"probit",0.5,0.9,50,1000,0.104542077280204,0.0207882632591604,0.0267105977272541,0.0639932113901815,0.0372581205359429,0.101926281028794,0.0993544408976172,0.0640080593413953,0.03724467082889,0.086493477521823,0.0134045987709865,0.0190631494274808,0.0511282793057529,0.0270667883064623,0.0845969879045334,0.0825971833400709,0.0511282793057529,0.0270667883064623,0,1,86.978755250488,9.06750920468974,0.304922588088924,9.02916619663892,0.009,0.196,0.991,0,0,118.990168670446,26.8394720435157,0,0,81.875309482667,24.2591805978487,0,0,0.00175,0
"probit",0.5,0.9,100,1000,0.0352401738985966,0.00995714665356452,0.00924663077324999,0.0268400336170536,0.0200811616052637,0.0349450587877647,0.034651518177259,0.0268400336170536,0.0200811616052637,0.0298071352779104,0.00727307181622669,0.00700798796097676,0.0224761718673934,0.0164146558580913,0.0295727284007444,0.0293630138973477,0.0224761718673934,0.0164146558580913,0,1,177.570148490097,13.8249215117028,0.318576563140576,13.8249215117028,0,0.372,1,0,0,227.23216359963,38.516478993576,0,0,208.273835464788,37.2012444801438,0,0,0,0
"probit",0.5,0.9,200,1000,0.0125920137958821,0.00458731977515135,0.00470085974687814,0.0107806216236647,0.00918231024246841,0.0125524933730719,0.0125130544801632,0.0107806216236647,0.00918231024246841,0.0108612005246669,0.00350744025616327,0.0036226784318134,0.00921499354914822,0.00770227316832772,0.010823230649841,0.0107931002422578,0.00921499354914822,0.00770227316832772,0,1,394.306517112069,20.4380183953132,0.329193846984398,20.4380183953132,0,0.557,1,0,0,529.363150896572,55.3515601191138,0,0,517.625013974847,54.6708344974751,0,0,0,0
"probit",0.5,0.95,25,1000,0.762204548611411,0.0951764736080239,0.243445404602347,0.239689981769937,0.11545908222225,0.683136600934222,0.610787239273513,0.259971436576927,0.100190855249246,0.611684817390044,0.0511835496272524,0.15955640190101,0.187122212379587,0.0790944254095965,0.55438352622845,0.494386250045172,0.209635002828353,0.0749332793800568,0,1,19.7044760004105,3.87441134945084,0.201632780418664,3.1212035807442,0.387,0.053,0.613,0,0,67.7916407229748,22.0248049111379,0,0,17.2425678181489,9.44921758474831,0.029125,0.005375,0.08775,0.003625
"probit",0.5,0.95,50,1000,0.220154803197481,0.0325914536179974,0.0559848862002028,0.107563029763314,0.0480675793519518,0.210325425200233,0.200796584121799,0.10772190537921,0.047900307003673,0.180180944729446,0.0192675807609322,0.0366025834582727,0.0846642184517706,0.0326372808673049,0.173147938350132,0.165149487488344,0.0852451336317985,0.0326303932645903,0,1,52.8863380490072,6.73117018584762,0.273968802706721,6.64165321240812,0.029,0.116,0.971,0,0,83.0907822773008,23.2872961493598,0,0,45.8370160365056,18.1544432602052,0.001125,0,0.01275,0
"probit",0.5,0.95,100,1000,0.0768611806103481,0.0153741276773434,0.016227501203058,0.0504564541227724,0.0314784288408558,0.0755256083979288,0.0742045355919907,0.0504620573429527,0.0314725616597114,0.0627382687032262,0.00869633463349336,0.0115322385792133,0.0405761446428416,0.0238756942947452,0.0616451015557418,0.0605536909001213,0.0405761446428416,0.0238756942947452,0,1,125.142059056565,10.8492200582258,0.309491634862666,10.8306289911661,0.003,0.224,0.997,0,0,137.591111049158,30.6309985503833,0,0,110.055639927816,28.4409497656627,0,0,0.000375,0
"probit",0.5,0.95,200,1000,0.0286494790788432,0.00691699438623945,0.0061430829334613,0.0221006482174135,0.016709173066049,0.028457940373106,0.0282671727721396,0.0221006482174135,0.016709173066049,0.0245087470221839,0.00439613276703407,0.00428080480152769,0.0185146531721835,0.0133151696367866,0.0243485650553902,0.0242261649669994,0.0185146531721835,0.0133151696367866,0,1,255.768004486145,16.4066619031601,0.32322009724597,16.4066619031601,0,0.367,1,0,0,290.750319270703,44.8946408983845,0,0,271.301373123494,43.7498557588877,0,0,0,0
"probit",0.5,0.99,25,1000,4.04402191833599,0.398201887224961,1.53453018680492,0.62697478705868,0.95858128398765,3.37497094722166,2.80161782718958,1.10346309301864,0.459789183337448,3.09129625994516,0.191458577871075,0.973594644246982,0.438499084938116,0.53461576535193,2.51504527809678,2.04589413056155,0.872359175569226,0.330184874677253,0,1,4.94501719343529,1.7304290163659,0.0841774507273438,0.774794222879348,0.923,0.026,0.077,0,0,50.3664208976886,64.9006343551158,0,0,3.91183302720835,4.24015237859228,0.177125,0.1135,0.244875,0.063625
"probit",0.5,0.99,50,1000,1.1792344791765,0.130776217584179,0.359479888985992,0.323508939329473,0.132863772196676,1.04527243006207,0.922175020093968,0.349003719283676,0.109398040369296,0.972980718852675,0.0689082858029915,0.241861493104884,0.252148416671446,0.0921637105371695,0.855993060566349,0.734543184466703,0.276768940227847,0.0799443058601042,0,1,13.1332103800929,3.07904642176755,0.170078306043535,2.4468499842835,0.429,0.049,0.571,0,0,48.4593202657699,22.8259678320328,0,0,8.61984199891787,6.8290901230348,0.04375,0.007125,0.134875,0.003125
"probit",0.5,0.99,100,1000,0.404882757281139,0.0531819162433138,0.103700805529414,0.169354757718725,0.0613197037282861,0.379189944667696,0.35452789374397,0.170172436723333,0.0605237211593201,0.341326123550711,0.0284009349321894,0.0697564305532347,0.140118553653077,0.0396700178803836,0.318973835574954,0.30098916792308,0.14088135038759,0.038195269016094,0,1,33.481654132139,5.07300156524316,0.243268738836566,4.87116126477421,0.081,0.102,0.919,0,0,66.0922433566248,19.8702398125425,0,0,24.1302211954858,12.7269936008276,0.005375,0.00125,0.04675,0.00125
"probit",0.5,0.99,200,1000,0.144159592156166,0.0225914297245089,0.0295809187835678,0.0804293000494032,0.0402469424335673,0.139838939067482,0.135595592384491,0.0804818557613109,0.040178111140792,0.120837318928205,0.0121552659858056,0.0215018533913302,0.0653412602540867,0.0287113567162289,0.116902522258712,0.113159470749077,0.0653412602540867,0.0286785665665345,0,1,74.4641514602134,8.41677354601693,0.292637234207913,8.32184402601779,0.014,0.162,0.986,0,0,91.4060536766863,25.2986291203722,0,0,58.3171023810417,21.8112244900791,0,0.00025,0.005125,0.00025
"probit",1,0.8,25,1000,0.318085710684536,0.0612479413765141,0.104392457782743,0.168459732483501,0.093320260474121,0.298783232099562,0.280429569975978,0.168958497393612,0.0927863630494915,0.240409252851875,0.0387489396720621,0.0640849145180908,0.131809859167631,0.0683947185517447,0.225579324401617,0.213222360868746,0.132147238890589,0.0683252664771725,0,1,75.2654191840377,7.83413125338,0.512061622263068,7.69561072503583,0.04,0.14,0.96,0,0,71.1409093980432,14.6470440026249,0,0,37.3404886702755,10.6045600011482,0.0065,0.002875,0.028875,0.002875
"probit",1,0.8,50,1000,0.0880985821680074,0.0248523639557901,0.0304807594820698,0.0646923470340935,0.0467863353539739,0.0863018269849132,0.0845307559987748,0.0646923470340935,0.0467863353539739,0.0709587224993334,0.017362543445955,0.0220129840454676,0.0516450452585879,0.0364007111577524,0.0696153648029812,0.0684001939804483,0.0516450452585879,0.0364007111577524,0,1,171.532841552706,12.4770709769713,0.613530515629741,12.4770709769713,0,0.303,1,0,0,120.597884022656,18.4191700064209,0,0,96.2855882931967,16.8093418053504,0,0.000125,0.001,0.000125
"probit",1,0.8,100,1000,0.0303907015746631,0.0115674006948817,0.0135141572238495,0.0260025662928969,0.0221555936544426,0.0301780694550961,0.0299664660624318,0.0260025662928969,0.0221555936544426,0.0262184558598974,0.0092972072713004,0.0102282364278883,0.0216809459102906,0.0182039499566805,0.026050621137693,0.025810074016168,0.0216809459102906,0.0182039499566805,0,1,340.882144686391,18.4191593841029,0.642484269763978,18.4191593841029,0,0.498,1,0,0,249.690865535941,25.3744147511684,0,0,233.848267367651,24.616100492305,0,0,0,0
"probit",1,0.8,200,1000,0.0113036011933882,0.00570921024849946,0.00653059014103338,0.0103891871809066,0.00954619066362571,0.0112738268048486,0.0112441125288778,0.0103891871809066,0.00954619066362571,0.00979397690441386,0.00483663923382207,0.00502346807573802,0.00885317673683654,0.00798689098927277,0.0097576731339764,0.00972645017809607,0.00885317673683654,0.00798689098927277,0,1,575.966818120146,26.1236759795164,0.659578590257947,26.1236759795164,0,0.737,1,0,0,503.084232186064,34.9230898061447,0,0,493.989495179047,34.6021773604467,0,0,0,0
"probit",1,0.9,25,1000,0.689655635386301,0.0925294340178004,0.220143074473252,0.286079725715042,0.131249682267884,0.624277384279371,0.563950949747372,0.291820014346512,0.127916616819429,0.548399692266268,0.0513820046479348,0.138119235049715,0.226007923892022,0.0932464290079269,0.498737086818265,0.448927270552584,0.232663303246027,0.092065954188179,0,1,43.2338744379491,5.68879572590917,0.412198161412351,5.28183563380073,0.145,0.068,0.855,0,0,60.2784134421974,14.5619702613398,0,0,17.8709777714378,7.70978592988892,0.021875,0.007,0.0845,0.007
"probit",1,0.9,50,1000,0.200988552595009,0.0343155904454789,0.0523488297359345,0.121972779945624,0.0706492438618551,0.192676890448424,0.184602411627514,0.122028179570987,0.0706306339960785,0.165227306723253,0.0217744135013119,0.035545526906801,0.0986586776611036,0.0538346514551872,0.158816590347744,0.152050493704937,0.0986586776611036,0.0538346514551872,0,1,113.71692955631,9.71366752554751,0.563135278219875,9.64011892840755,0.007,0.128,0.993,0,0,84.7601765996561,15.600350073162,0,0,47.5739758203719,12.8890793382456,0.00025,0.000875,0.013125,0.000875
"probit",1,0.9,100,1000,0.0710183795255243,0.0164353146608099,0.0171028838941862,0.0534963743663047,0.0394663122492749,0.0698858643180338,0.0687647647185788,0.0534966262009304,0.0394663206753871,0.0600307894644146,0.0112901329627161,0.012359684555282,0.0447190125434761,0.0329546336911414,0.0592178031045377,0.0583199078094002,0.0447190125434761,0.0329546336911414,0,1,242.991017377913,15.0700774437455,0.625590582230674,15.0514954965008,0.001,0.286,0.999,0,0,142.365844698623,20.9894747948972,0,0,116.094740287367,19.4812311374589,0,0,0.000375,0
"probit",1,0.9,200,1000,0.0258872754962673,0.00768706057393492,0.00672193008026605,0.0219943351057619,0.0185507906819129,0.0257298088018863,0.025572939199735,0.0219943351057619,0.0185507906819129,0.0210467200119075,0.00540934671764753,0.00520058702555308,0.0176490909178698,0.0148373879733239,0.0209363182094051,0.0208124346260294,0.0176490909178698,0.0148373879733239,0,1,474.667857434247,22.41916537642,0.648615745656691,22.41916537642,0,0.452,1,0,0,311.379755517699,30.8192802627329,0,0,287.228968800501,30.025475591225,0,0,0,0
"probit",1,0.95,25,1000,1.55900184886303,0.182328944517047,0.525492701031239,0.504691043536297,0.242952873457577,1.35965861421233,1.18163971334299,0.540782374070502,0.213771161647596,1.24166403543093,0.0950819711524331,0.340445022325667,0.383048245799309,0.167716909647279,1.06885892922339,0.908197505376532,0.426908584829754,0.156045467298089,0,1,22.5251761538978,3.89377476313893,0.298580279463346,3.20148857498457,0.379,0.051,0.621,0,0,47.2397721332254,16.3882863384829,0,0,8.56827967207053,4.7217354497599,0.073375,0.024375,0.16225,0.018375
"probit",1,0.95,50,1000,0.456782587870537,0.0682678040647658,0.117840191320316,0.228314358006715,0.107638480669939,0.425230662465472,0.395193073772509,0.229196958999407,0.106943076979721,0.366785977687016,0.0368725965779214,0.0777147557106565,0.180263617366851,0.0749518136769239,0.340587984920736,0.314881737051393,0.181603361874949,0.07488949352017,0,1,59.8035215057122,7.00990157022531,0.474152075353056,6.71841270901503,0.056,0.109,0.944,0,0,54.3665919929278,13.1557561256226,0,0,23.6233746859646,8.58025262682006,0.007,0.005,0.0525,0.00475
"probit",1,0.95,100,1000,0.153283551695059,0.027335412218858,0.0312453146666919,0.100856674095979,0.0630533402809174,0.148638385488937,0.144080648208266,0.100863156039657,0.0630376919029823,0.132076798742531,0.0161531270459052,0.0220005652219614,0.0847820477574905,0.0497607846523955,0.12794949696754,0.123868996790384,0.0847820477574905,0.0497607846523955,0,1,145.036171802757,11.1703932676506,0.581397643560768,11.0816964854982,0.004,0.184,0.996,0,0,93.278009082323,16.968506299153,0,0,58.4582990248215,14.6806602487252,0,0.00075,0.005,0.00075
"probit",1,0.95,200,1000,0.056407958633426,0.0120569616241512,0.0107737660227324,0.0435749190224912,0.0330016622480662,0.0557115044321512,0.0550201820872665,0.0435749956816599,0.0330014319063546,0.0492115599486701,0.00765730754096949,0.00780441423620945,0.0366018156286709,0.0270972979044357,0.0485422932218301,0.0479531571263242,0.0366018156286709,0.0270972979044357,0,1,300.457917499176,17.417036218712,0.631813504913537,17.4069807385884,0.001,0.28,0.999,0,0,177.74510552583,23.8777724768474,0,0,151.364287079743,22.569085355475,0,0,0.000125,0
"probit",1,0.99,25,1000,7.92181301489829,0.758219666672803,2.98011649957325,1.24755880874269,1.69732938782831,6.60536375277689,5.48579899609759,2.15464510702514,0.865523548912881,5.98982345045135,0.340754308336483,1.98224082373189,0.922276811759829,0.932435454636172,4.82128830665485,3.75238372862158,1.7436331431512,0.620862407393513,0,1,5.85752525174785,1.80032178217085,0.102614520951419,0.82418472123323,0.915,0.035,0.085,0,0,52.3154672668089,49.019108070235,0.003,0.003,2.07942853135879,2.11662419971417,0.250375,0.174625,0.304125,0.121375
"probit",1,0.99,50,1000,2.32874335351948,0.250368911864949,0.724906548677453,0.688646175316432,0.262374080765507,2.01979261718058,1.74128543408614,0.734451647693486,0.224336458068554,1.96004576011578,0.123737980113532,0.506234619870811,0.515168564888143,0.185785005022687,1.64451218774496,1.39334023386298,0.562584795436678,0.165052969861709,0,1,14.2536589930966,3.01038074190935,0.235632384764933,2.49230302918548,0.39,0.044,0.61,0,0,53.8580228733753,18.2087525896484,0,0,4.93136953053769,3.38444906487988,0.105375,0.028375,0.20775,0.02225
"probit",1,0.99,100,1000,0.853708654934154,0.109437845464868,0.210105426568395,0.367580940180074,0.133410323323826,0.778652290179012,0.707877315466472,0.368830732557379,0.132090476368311,0.707736358477648,0.0604260852581482,0.147527737221763,0.298763737607071,0.0876009064513119,0.646129068757106,0.577105027702429,0.298763737607071,0.0854122872261857,0,1,33.9735569018541,4.926245272574,0.381169074442451,4.7457328432888,0.062,0.098,0.938,0,0,56.2024229902068,13.2237132715639,0,0,12.415065819775,6.31876330172399,0.019,0.010125,0.108125,0.010125
"probit",1,0.99,200,1000,0.302904700364701,0.0459035785300662,0.0625078633922361,0.172871433576696,0.0893465048500429,0.287959665100907,0.273459874087531,0.172937296423965,0.0892846300339035,0.254853780402869,0.0245863182844272,0.0465749425770329,0.138300511988996,0.0623368786266396,0.241897438492211,0.228460912116906,0.138300511988996,0.0622723986123004,0,1,81.3628680808995,8.20403123965982,0.522902414895249,8.13805893994265,0.009,0.155,0.991,0,0,67.3636814696695,13.9145877080709,0,0,31.3009781816497,10.5724613998541,0.001125,0.00275,0.029125,0.00275
"probit",1.5,0.8,25,1000,0.457724414570965,0.0831514382406465,0.135945358543613,0.254706202228978,0.141949833419066,0.424202109458561,0.392741270150724,0.255258224421725,0.141354485590117,0.352402427231376,0.0523664090008119,0.0926587736178398,0.196959823297261,0.104879782012143,0.328064903939009,0.297673547631481,0.196959823297261,0.103393225862529,0,1,86.870850291024,7.93211201792492,0.710870326825254,7.75167618894364,0.036,0.133,0.964,0,0,59.717774533,10.8500155139976,0,0,25.8856273734942,7.14157474061762,0.008375,0.006625,0.052,0.006625
"probit",1.5,0.8,50,1000,0.130261783391975,0.0321422548111923,0.0397140800567548,0.0953885975461684,0.0687893292038543,0.126650275307538,0.123107817134556,0.0953948821988259,0.0687865996909409,0.104371697479572,0.0224568750417347,0.0284993543764858,0.075974087033302,0.0541018063505959,0.101773127337809,0.0992136217392544,0.075974087033302,0.0541018063505959,0,1,201.71203564003,13.3235656955647,0.895474333212129,13.3132647053898,0.002,0.272,0.998,0,0,91.6894153064757,13.0580044530712,0,0,66.668804815748,11.6015641061856,0.00025,0.000625,0.003625,0.000625
"probit",1.5,0.8,100,1000,0.0454423107039724,0.0153117509922464,0.0171561078013315,0.0384723494204081,0.0323951219668214,0.0449801926116999,0.0445212137671335,0.0384723494204081,0.0323951219668214,0.0380967343603737,0.0117659537756091,0.0124720711841293,0.0326245072919342,0.0271002584746745,0.0377849656431649,0.0375530657831928,0.0326245072919342,0.0271002584746745,0,1,439.683493513355,20.0893753046643,0.953580256650349,20.0893753046643,0,0.458,1,0,0,187.601698856963,18.4403958217322,0,0,167.771694368461,17.6058455956874,0,0,0,0
"probit",1.5,0.8,200,1000,0.0171148600178834,0.00763817849121164,0.00866569616835343,0.0156345307700256,0.0142687147606982,0.0170492154469308,0.0169837476938158,0.0156345307700256,0.0142687147606982,0.0146749524118208,0.00637909661705519,0.00679324745007261,0.0132736540072939,0.0120770387817708,0.0146194688182573,0.0145559322112326,0.0132736540072939,0.0120770387817708,5e-06,1,771.410162986491,28.8939255704402,0.979690101038739,28.8939255704402,0,0.653,1,0,0,379.20804159508,25.3680372330003,0,0,366.965199541969,24.899051254314,0,0,0,0
"probit",1.5,0.9,25,1000,1.08537004745242,0.14817293293958,0.345266805101849,0.459211446144263,0.21667787211658,0.967869636123376,0.860902666650329,0.469231013189962,0.209795327913777,0.813763170905122,0.077611474052882,0.206981452652912,0.342478886936568,0.144026716022945,0.715125784862251,0.636111440199945,0.353525381368956,0.139795324464458,0,1,49.6886998965757,5.87306605925429,0.53627833802333,5.41754257607764,0.156,0.075,0.844,0,0,61.0095827024834,11.7903769165807,0,0,11.6879297244737,5.13277887028172,0.045125,0.0225,0.121125,0.02075
"probit",1.5,0.9,50,1000,0.290362124952244,0.0518309908269918,0.0675709279376575,0.181553956485667,0.108071215693098,0.275620564714403,0.26138992170182,0.181576638103299,0.108085455409712,0.237642973865468,0.0293677845972992,0.0481829006659672,0.145534119971848,0.0765693664241842,0.225768741269161,0.215236851132073,0.145534119971848,0.0766534941015314,0,1,110.652424840316,9.61556411475428,0.782771778663385,9.57622959176035,0.006,0.144,0.994,0,0,71.6780813822465,11.503407542105,0,0,34.1633435503692,8.78022375353956,0.002125,0.0045,0.0255,0.0045
"probit",1.5,0.9,100,1000,0.102244571602431,0.021099389436627,0.0240549404724446,0.0766054936011187,0.0560216087757068,0.100009790620597,0.0978058217821051,0.0766054936011187,0.0560216087757068,0.0855198813096904,0.0129166195028561,0.0174715623456966,0.0631790683252335,0.0455876586807387,0.0837149176747057,0.0820459163861242,0.0631790683252335,0.0455876586807387,0,1,274.556995725533,15.5884686075194,0.905694128643532,15.5884686075194,0,0.242,1,0,0,117.669974326366,15.3898600751449,0,0,85.6603084211315,13.9237599346017,0,0,0.0015,0
"probit",1.5,0.9,200,1000,0.0379283098577061,0.0102295394622024,0.0097570516696474,0.0321196696867808,0.0269990042861872,0.0376020815477106,0.0372775639443326,0.0321196696867808,0.0269990042861872,0.033616345302542,0.00730889163015683,0.00719206664240536,0.0282771924397255,0.0231545854204913,0.03340455611603,0.0330768882103585,0.0282771924397255,0.0231545854204913,5e-06,1,576.689498724536,23.6770646239594,0.967955304512078,23.6770646239594,0,0.389,1,0,0,235.543931200759,21.5317110036594,0,0,211.006999219607,20.7534135060636,0,0,0,0
"probit",1.5,0.95,25,1000,2.14965096138779,0.268167995125564,0.695382724785134,0.757661946402659,0.351228436030193,1.85915342682212,1.60200626934548,0.80405356889712,0.327368475510992,1.67232073229035,0.126695405880604,0.450900511462402,0.558557554749897,0.240791347112926,1.41872894640678,1.17104979628646,0.610738910298255,0.238308223022896,0,1,25.091960064845,4.00261476661371,0.377216850909204,3.33082586250962,0.353,0.046,0.647,0,0,67.5377174307061,13.7459614198966,0,0,6.06469985052608,3.15475176581601,0.094125,0.0435,0.192625,0.03825
"probit",1.5,0.95,50,1000,0.650311806613495,0.0962959532909249,0.159655506803026,0.335596178713459,0.158178213289814,0.598403009242617,0.549356383079233,0.33615353015145,0.157632147551876,0.51533991312618,0.0468394002972972,0.110793605008596,0.258264014257052,0.101084902234925,0.467115043933228,0.426696188117722,0.259405094237018,0.0999341566639662,0,1,61.8316525450012,6.98872200799996,0.631418509161275,6.85146257924597,0.027,0.091,0.973,0,0,51.8547224737654,10.7060760451227,0,0,14.4641154704528,6.21673785143022,0.01075,0.012375,0.08375,0.012375
"probit",1.5,0.95,100,1000,0.216360064647732,0.034700401002135,0.0461974784484058,0.141927602563477,0.0882072980744882,0.207599436863822,0.199061016847367,0.141948794047376,0.088149536698443,0.18591278966835,0.0202543982064104,0.0321328429439443,0.118336207266895,0.0675770706361822,0.178518417796172,0.170303525956648,0.118336207266895,0.0675013694298507,0,1,154.43660657835,11.5122492550211,0.82727954491441,11.4552521278366,0.002,0.148,0.998,0,0,77.4620835718234,12.299475676186,0,0,43.7872110664189,10.0479593432198,0.000375,0.001375,0.013,0.001375
"probit",1.5,0.95,200,1000,0.0869457281547943,0.0177624942581838,0.0166601762647641,0.0667672566770862,0.0501695515403128,0.0854119718794544,0.0838942336011126,0.0667672566770862,0.0501695515403128,0.0747663655379642,0.0108054734036289,0.0112311734503479,0.0550898135321121,0.0395174820263944,0.0735923946044655,0.0724983719734199,0.0550898135321121,0.0395174820263944,5e-06,1,336.830586374657,17.9570218849959,0.922359558032458,17.9570218849959,0,0.274,1,0,0,135.594099371793,17.2801626812971,0,0,106.725942445809,15.9389109592569,0,0.000125,0.000375,0.000125
"probit",1.5,0.99,25,1000,11.5266289133283,1.11229708590386,4.35350866580252,1.8060085824431,2.6375483510733,9.54776600390713,7.87060766455346,3.08953724542562,1.29004863769075,9.11355039675911,0.495918813244013,2.85983895125806,1.38576089994806,1.42721305758273,7.16695349113952,5.43345878172732,2.49371435783813,0.975666082549455,0,1,5.8839731634206,1.81599724870636,0.114298401951252,0.872510809159984,0.92,0.021,0.08,0,0,68.5988783314245,45.7046457623836,0.008,0.005,1.52794517311276,1.50801406578695,0.2825,0.21175,0.33,0.16225
"probit",1.5,0.99,50,1000,3.35611118989676,0.364541152796023,1.02572796280624,1.01192209447301,0.366795671544108,2.87831342356371,2.45203684785659,1.06905951228402,0.319461187164345,2.78695050935206,0.18241952467557,0.741559979522648,0.797903370207112,0.256238755867038,2.27862653426103,1.8777296542494,0.856776599157324,0.231241888608459,0,1,16.7319485912191,3.09886299362378,0.27795972558013,2.51472796177187,0.36,0.05,0.64,0,0,75.943263571864,16.7358504550166,0,0,3.7526656261154,2.32322684204601,0.140375,0.0475,0.24175,0.04
"probit",1.5,0.99,100,1000,1.16267428135268,0.148474320743154,0.293235574166245,0.521417821724777,0.19952805109115,1.04166387694197,0.929141310335388,0.523004515602188,0.197723822971854,0.995571706701672,0.0713960582553817,0.216953466139578,0.398289095823903,0.119249741500865,0.87676388234272,0.764639375722037,0.398289095823903,0.116630497805618,0,1,40.1236357514305,5.07574500221405,0.502458751756135,4.88194914474055,0.06,0.085,0.94,0,0,54.4961159152454,10.4542031616977,0,0,8.42046721656491,4.29632137357144,0.0365,0.02,0.13675,0.019875
"probit",1.5,0.99,200,1000,0.432668758095912,0.0654027557659928,0.0941614827308687,0.250561803755419,0.131314382758317,0.406000947968695,0.380341166745413,0.250610989268364,0.131237115907607,0.370631792982886,0.0351419686106053,0.0637090301935032,0.205541100184657,0.0929487045088306,0.346987219885205,0.325174918730999,0.205541100184657,0.0929487045088306,5e-06,1,84.0695304920261,8.36203688707788,0.713938287374046,8.26686087888805,0.01,0.134,0.99,0,0,59.6968406805813,10.6069921043629,0,0,21.7992622331578,7.31965376660198,0.0035,0.005875,0.0505,0.005875
"probit",2,0.8,25,1000,0.55387732057876,0.105413345061,0.163226492486593,0.318527741201484,0.183610712997891,0.51046962720068,0.469936633761451,0.319682628285264,0.183059832538648,0.443172206808654,0.0614953473316377,0.107071991291737,0.249857906369011,0.136461046321731,0.405564991893533,0.378783186082723,0.250217349714969,0.13624037028155,0,1,92.7561692996907,8.38153444080406,0.889128511979508,8.20129444906437,0.028,0.129,0.972,0,0,60.5292238226023,9.27403363050381,0,0,20.9116077926842,5.88027704686781,0.01375,0.01475,0.066125,0.014625
"probit",2,0.8,50,1000,0.17502845442249,0.0403167705792706,0.0489380346501982,0.12893904483466,0.0932190865801637,0.16918651683033,0.163478995806455,0.128941745751194,0.0932194676592477,0.146440925230918,0.0267007483076527,0.0344770093046804,0.10844180618952,0.0759991773599609,0.141307628368626,0.136573422016985,0.10844180618952,0.0759991773599609,0,1,223.225226808698,13.6709185141186,1.14900297814469,13.63860847169,0.002,0.244,0.998,0,0,87.30062300697,10.5808016491738,0,0,58.0406023853277,9.11296653056938,0.00075,0.002375,0.01,0.002375
"probit",2,0.8,100,1000,0.0601077356528644,0.0193379632743287,0.0202362913942912,0.0509962548298399,0.043021760323582,0.0593362916684062,0.0585713733323507,0.0509962548298399,0.043021760323582,0.049361258001186,0.013735959902616,0.0146740664074035,0.0414951216967819,0.0346591354666169,0.0488634242084113,0.0482734888572156,0.0414951216967819,0.0346591354666169,0,1,462.856358422461,20.7499841090257,1.2641664543923,20.7499841090257,0,0.404,1,0,0,153.693321271274,14.3209623655073,0,0,133.093578297003,13.5011686798568,0,0.000125,0.000125,0.000125
"probit",2,0.8,200,1000,0.0226356227123874,0.0091167505979334,0.00990824318932605,0.0206051151646702,0.0187311884821405,0.0225225271258578,0.0224098111175258,0.0206051151646702,0.0187311884821405,0.0197827596836939,0.00746778455767581,0.00752558079195037,0.017783901024004,0.0161267097843372,0.0197207897879038,0.0196417220191465,0.017783901024004,0.0161267097843372,0,1,875.52829755998,30.319444360655,1.30589380443884,30.319444360655,0,0.591,1,0,0,324.34834480113,20.3532087437032,0,0,308.745515979931,20.022924406176,0,0,0,0
"probit",2,0.9,25,1000,1.36387817993607,0.199941348106379,0.422315693604504,0.605962603765474,0.299818075032325,1.20556992057484,1.0628094125742,0.615306598542693,0.289742351661114,1.08304197119329,0.100257811657711,0.28139956922366,0.460561328192098,0.19830996276473,0.936593010725768,0.794992160368539,0.46923379163875,0.193917877729548,0,1,50.0661708287788,5.90463850397368,0.632821780696166,5.41199153685815,0.136,0.081,0.864,0,0,55.8120929209709,10.0231041664309,0,0,9.13160265804828,3.83141719187979,0.057125,0.036125,0.147875,0.034375
"probit",2,0.9,50,1000,0.389191586737417,0.0652847997102448,0.0965838071617219,0.243548928848383,0.145174951112376,0.365436565360245,0.342680932939207,0.243581354333362,0.145179880740475,0.328101629179754,0.0352140267895762,0.0688063810514702,0.204895504459867,0.11077615750492,0.307824313058545,0.288415878849868,0.204895504459867,0.11077615750492,0,1,138.896751069262,9.94212587943887,0.989788108594035,9.90058344160615,0.005,0.124,0.995,0,0,55.7843608772382,9.26451940036508,0,0,24.7322220893173,6.53634780530152,0.003875,0.009125,0.042875,0.009125
"probit",2,0.9,100,1000,0.13732225818617,0.02750589926282,0.029790893422344,0.103226061562749,0.0758217240382874,0.133656746486635,0.130051825723558,0.103226061562749,0.0758217240382874,0.116398537269782,0.0169133603509943,0.0203632956413116,0.086594806216063,0.0630043518441947,0.114116419919146,0.111540533473283,0.086594806216063,0.0630043518441947,0,1,274.613620041607,15.7623866273066,1.17990180673317,15.7623866273066,0,0.235,1,0,0,97.0777732639005,11.9163327953804,0,0,65.0720604395321,10.4709699845391,0,0.001375,0.004375,0.001375
"probit",2,0.9,200,1000,0.0504498009043382,0.0122666203544497,0.0115203277873269,0.0425164217759403,0.0355135787174206,0.0498893463797813,0.049332627841254,0.0425164217759403,0.0355135787174206,0.041811017522821,0.0080886251985882,0.00848495384185759,0.0345974715032751,0.0285337391302496,0.0414557073233011,0.0409980663812005,0.0345974715032751,0.0285337391302496,0,1,607.406671869355,24.1254358947682,1.27071008800875,24.1254358947682,0,0.345,1,0,0,191.52566398341,17.0668631840177,0,0,168.023639596346,16.2889494972122,0,0,0,0
"probit",2,0.95,25,1000,2.84750927878679,0.352636266417085,0.95426321261542,0.981355177109188,0.477165079932456,2.44266257161664,2.08759064165679,1.04190708532839,0.422152116100417,2.18385902024926,0.16365977818721,0.604100765825711,0.735235889919173,0.298928882084768,1.82579594884808,1.5086721499998,0.785683799619193,0.277902336954089,0,1,26.5271023493373,4.0998046764076,0.430877209195779,3.44062491096635,0.332,0.043,0.668,0,0,49.6035140413011,13.7733022521495,0,0.003,4.40487882464717,2.53829168462775,0.123,0.06375,0.217375,0.059625
"probit",2,0.95,50,1000,0.856447181920442,0.121358817430668,0.216672710081868,0.448818458226609,0.216535691967141,0.779237661079082,0.706892931489197,0.449385859292665,0.215831389330154,0.671390291426131,0.0661265523248716,0.141290207618492,0.345632573294886,0.14837136873413,0.607167583015786,0.550593281922575,0.346921066326374,0.148254824571187,0,1,62.537157255557,6.77127680886942,0.766023386631898,6.70141990550632,0.02,0.093,0.98,0,0,55.2494070179448,8.94113490608144,0,0,12.4111591298514,4.65359097965769,0.022125,0.02375,0.1125,0.023625
"probit",2,0.95,100,1000,0.293449489872577,0.0471824024456665,0.0633324804416036,0.195103805267426,0.123526805014648,0.279342986262056,0.26566090025784,0.195108806569339,0.12352143918721,0.250689368724367,0.0282142602425794,0.045692781122839,0.163572400123466,0.0974222615655326,0.237676640385296,0.226089006851048,0.163572400123466,0.0974222615655326,0,1,158.164910304404,11.4206689387744,1.04428288315642,11.3856794248427,0.001,0.15,0.999,0,0,67.1431035961962,9.62508549671309,0,0,33.3229102029934,7.42453740470435,0.001,0.00575,0.028875,0.00575
"probit",2,0.95,200,1000,0.110573175533453,0.0207547080953056,0.0214570441392798,0.085137593599672,0.0641141017683447,0.108126811424174,0.105712536622011,0.085137593599672,0.0641141017683447,0.0937659244927904,0.0121237668199991,0.0147249288035872,0.0709591535675213,0.0522437829715128,0.091689493148635,0.0895709297013311,0.0709591535675213,0.0522437829715128,0,1,354.718509009983,18.153424406097,1.20054927181256,18.153424406097,0,0.241,1,0,0,113.980000003564,13.3946402988789,0,0,83.351703578333,12.0778874994635,0,0.000375,0.002,0.000375
"probit",2,0.99,25,1000,15.3276706071081,1.57640918273906,5.54338324417115,2.56824328439524,3.14004376215542,12.816466049555,10.6769900917093,4.33137452495954,1.69701447567538,12.076596120344,0.759693778370572,3.67529380703813,1.9102148657448,1.72578034397317,9.89338940407934,7.86355223006908,3.54371158887669,1.27510804756349,0,1,5.81190931317453,1.84681861036593,0.117703639949176,0.897701715036936,0.913,0.026,0.087,0,0,71.2686940935656,54.7446154529575,0.012,0.029,1.00889191575123,1.10048713625664,0.308,0.23675,0.358,0.19825
"probit",2,0.99,50,1000,4.52577455165603,0.517581960839938,1.38634979566258,1.40356174088813,0.537178550820394,3.88000589518716,3.3066420416782,1.47914290568486,0.472723355021973,3.67386253989862,0.24289192855535,0.962399302581995,1.06435641443202,0.357362642394974,3.03399815531729,2.51018317327441,1.14863081700034,0.323564641641237,0,1,15.5750288402879,3.08426916554377,0.302900414100299,2.57299183467474,0.367,0.051,0.633,0,0,53.2026278415669,15.3096978859731,0,0.016,2.46909029088176,1.7622545801478,0.17075,0.07025,0.2675,0.062
"probit",2,0.99,100,1000,1.54283010529161,0.190934684291475,0.403492858148202,0.694201199186093,0.266678252802265,1.3665781864997,1.20399252246707,0.695884774923095,0.265615663252756,1.3681480961015,0.0994303858673617,0.288476002648032,0.57149637766049,0.167423475240273,1.19526161762326,1.0269214423954,0.57149637766049,0.164619132523929,0,1,38.4369325028223,5.05617901208533,0.57813761383297,4.90406877557519,0.053,0.079,0.947,0,0,49.8521630359922,9.47739514809884,0,0,6.25776762550841,3.25010849926165,0.0505,0.031,0.172375,0.030875
"probit",2,0.99,200,1000,0.573325646375658,0.0798963911647922,0.125991932598532,0.333176753584445,0.175534260375728,0.531323309263957,0.491220009994417,0.333190749018314,0.17551513989716,0.489616300531318,0.0432690054005122,0.085954661154783,0.271310804229696,0.129451596743732,0.451045457093962,0.413484973822804,0.271310804229696,0.129451596743732,0,1,92.9935121720273,8.24909641534456,0.885181254161324,8.22850739516473,0.004,0.127,0.996,0,0,60.8932355906111,8.73006672559648,0,0,17.0786611987819,5.36959974827366,0.006875,0.014375,0.07525,0.014375
"cloglog",0.5,0.8,25,1000,1.01407728053972,0.202543592377136,0.222873793133603,0.668034072519718,0.436986281577524,0.960647283310178,0.909147381222023,0.668215628916269,0.436815420834683,0.110475068697415,0.0240921845872835,0.0375664071498546,0.0605482879004225,0.0335714457244823,0.106784875873756,0.101493987276434,0.0605482879004225,0.0334790715552464,0.0022,1,58.6371950833026,6.6980533668573,0.416793857151855,6.47917853581952,0.035,0.265,0.965,0,0,77.0160314278225,19.3067044092984,0,0.058,51.7085493413203,15.9669809105184,0.016875,0.024875,0.039875,0.024875
"cloglog",0.5,0.8,50,1000,0.460154697498221,0.230196958839779,0.13358005160986,0.408901377850134,0.363352583826073,0.450671411570314,0.441326336450518,0.408901297035866,0.363352421027142,0.0287433953995561,0.0118441622626718,0.0108916044482042,0.0234687696508185,0.0188324965115837,0.0283838537824556,0.0281514260892585,0.0234687696508185,0.0188324965115837,0.00348,1,376.586297024069,11.4698076369466,0.585580451827692,9.2475921972929,0.001,0.746,0.999,0,0,134.451284941856,22.4979171258869,0,0.052,123.039686815709,21.6127745100594,0.018375,0.036625,0.041875,0.036625
"cloglog",0.5,0.8,100,1000,0.267164736403115,0.218759700860788,0.18329960606096,0.261165752841638,0.255332560387297,0.265733412312604,0.264310490886642,0.261165752841638,0.255332560387297,0.00882089756905574,0.00601068760466418,0.00483478996810845,0.00830398938033528,0.00794046010320781,0.00880609241013937,0.0087913061589367,0.00830398938033528,0.00794046010320781,0.00379,1,142.337687786514,11.6006693387163,0.838680418924019,11.6006693387163,0,0.977,1,0,0,207.030969686663,25.1405629826973,0,0.03,202.567632529322,24.7096026785096,0.026875,0.035125,0.036375,0.035125
"cloglog",0.5,0.8,200,1000,0.378875111091641,0.360535933235449,0.345025967085068,0.377901815045406,0.376934543261649,0.37833283208983,0.377792626350877,0.377901815045406,0.376934543261649,0.0282303289280663,0.0251758535295333,0.0230628380208417,0.0278888447273478,0.027644149823693,0.0282158581757314,0.0282013921939461,0.0278888447273478,0.027644149823693,0.004055,1,311.814864519099,14.6947808168437,4.48377776622865,14.6947808168437,0,0.998,1,0,0.032,159.680566869226,16.2711457240173,0,0.115,151.003359694997,15.7944077370431,0.052625,0.055125,0.055375,0.055125
"cloglog",0.5,0.9,25,1000,1.60323280268076,0.255221664749164,0.458747678536314,0.812214144040125,0.452404432678815,1.49391974729452,1.39036537863835,0.818329257339893,0.443472809167248,0.268022739394924,0.0282023190292992,0.089308143271467,0.0962107184782155,0.0451115729736659,0.247035399788494,0.227641853545771,0.0999958014906039,0.0433419171577826,0.0024,1,134.585901307463,6.90942773958777,0.324593294985007,5.15123368721575,0.204,0.088,0.796,0,0,66.1141645412857,20.6555910298325,0.002,0.048,25.7498677184369,13.361511573471,0.02875,0.027,0.066125,0.026
"cloglog",0.5,0.9,50,1000,0.948687776774637,0.427741382755641,0.240168426326123,0.786559662232452,0.652112161114789,0.923969618858483,0.899735965826503,0.786562851204676,0.652107346206307,0.0622424690718884,0.0139828000818083,0.0191765256227479,0.0407691187878201,0.0252618162797592,0.0610877401713135,0.0595939272079066,0.0407691187878201,0.0252618162797592,0.0034,1,104.518345998895,9.61596487420709,0.458435672328387,9.38855107364843,0.011,0.392,0.989,0,0,100.576604487815,24.4650366214142,0,0.079,64.4415264395827,22.4489542542419,0.025,0.044875,0.053625,0.044875
"cloglog",0.5,0.9,100,1000,0.633317316500852,0.49942283189353,0.407552794770955,0.608992892239177,0.58589901216276,0.628667550214527,0.624054924492834,0.608992892239177,0.58589901216276,0.0235783139675092,0.00879125326737502,0.00652944605663672,0.0200712596763333,0.0163182632968238,0.0234535907943748,0.0233558003226561,0.0200712596763333,0.0163182632968238,0.00399,1,171.905295542018,12.6164727394345,0.653121457761764,12.6164727394345,0,0.827,1,0,0,189.06987297007,28.1983556543114,0,0.065,165.120534455646,27.3671064745215,0.049125,0.06275,0.06475,0.06275
"cloglog",0.5,0.9,200,1000,0.930771821827677,0.879400312326712,0.836441646750416,0.926715037013633,0.922700350773932,0.928806046544545,0.926851339287276,0.926715037013633,0.922700350773932,0.116158498321011,0.107227126043584,0.0997034379348078,0.115831041023751,0.115504986342326,0.116124066850808,0.116089651890167,0.115831041023751,0.115504986342326,0.00416,1,285.053660608727,15.227714039042,3.55696727265805,15.227714039042,0,0.992,1,0,0.012,122.858184749146,11.0809971299854,0,0.187,95.4990374023459,9.57285180228619,0.090875,0.09475,0.095,0.09475
"cloglog",0.5,0.95,25,1000,3.31519206999895,0.529873116877227,0.916771138639746,1.38842023672354,0.727626246584425,3.05561871980275,2.81389013902925,1.43231740730819,0.683387364025459,0.630772117038656,0.0391922965967636,0.221328496555585,0.150109776628214,0.0894204588885412,0.544926611712356,0.482185883532334,0.191588208775279,0.0756019370013765,0.0026,1,31.7978381967514,4.8487120218952,0.241876462914295,3.35097422121198,0.5,0.038,0.5,0,0,84.9934081516857,22.3263207343207,0.005,0.067,14.6284991398448,8.93684443399437,0.066,0.03875,0.115375,0.0345
"cloglog",0.5,0.95,50,1000,1.8498199429851,0.710488376718727,0.463571230732364,1.34820982264008,0.99164011418708,1.79465862563538,1.74067715383495,1.34834171356336,0.991596238393295,0.13029059510736,0.0150482797189055,0.0386364184356923,0.0602278135932786,0.0290751157029279,0.124578816906447,0.120906244631728,0.0602278135932786,0.0286819313412869,0.00312,1,105.560648728114,8.9457462676042,0.347222799328788,8.32277467953193,0.062,0.209,0.938,0,0,74.1433054216678,25.0755488957079,0.002,0.092,9.4215449306058,20.7408795716605,0.038,0.0555,0.07125,0.0555
"cloglog",0.5,0.95,100,1000,1.22236661592023,0.958598646402687,0.798024254552663,1.15274939764969,1.09007025757326,1.21309543772115,1.20390161162647,1.15274939764969,1.09007025757326,0.0417046901246727,0.0107113113501936,0.0101036753963564,0.0326391735417458,0.0237613900759043,0.0413516750631016,0.0410003135657468,0.0326391735417458,0.0237613900759043,0.00388,1,181.191525882214,12.5733574771206,0.466881525637311,12.5733574771206,0,0.601,1,0,0,84.7212995200022,31.2907541582387,0.001,0.091,43.4366180641177,29.3952845862217,0.065875,0.084875,0.0905,0.084875
"cloglog",0.5,0.95,200,1000,2.08357158945236,1.96051444632381,1.86244889971386,2.07066065598683,2.0579729564515,2.07922871614815,2.07491096076855,2.07066065598683,2.0579729564515,0.256928729749576,0.241232254944567,0.227718191986449,0.255334934202123,0.252886639455322,0.256755263476977,0.256582011738766,0.255334934202123,0.252886639455322,0.00406,1,297.602081790698,15.2990688593123,1.60852621149338,15.2990688593123,0,0.942,1,0,0.006,84.4380871979133,9.62357337676166,0.001,0.233,49.9418960604042,7.34720581950316,0.130125,0.13525,0.13625,0.13525
"cloglog",0.5,0.99,25,1000,15.9850631397233,1.83251698673485,5.56641036755095,3.74304737108644,3.36334613206104,14.4909416158072,13.1399441167104,5.02531616908099,2.1611189796608,2.75946556443416,0.101141058577204,1.42809509331177,0.31016423166847,0.753095859037753,2.20312035452151,1.72260814284451,0.771332726968689,0.339113682065205,0.00212,1,10.6826876370564,2.5128036469528,0.100081626746198,0.869199237034478,0.924,0.012,0.076,0,0,87.406653444792,44.5873528054914,0.007,0.034,0.647945322582384,2.45296133311254,0.22075,0.160625,0.23575,0.0935
"cloglog",0.5,0.99,50,1000,8.36538881500982,3.01455691698594,2.38001479669044,4.48188222335215,2.73381564129498,8.04892035834988,7.74442991849782,4.54767565747055,2.63022138082044,0.740768366500153,0.0317529392291733,0.322524487105013,0.15051912415446,0.112671361716155,0.650394968032769,0.550611835268823,0.194587069647284,0.0816323606371651,0.00316,1,37.2133394227115,5.37286580088938,0.20029819571312,3.32842122876209,0.558,0.103,0.442,0,0,52.0491858692563,22.6512550976171,0.059,0.124,0.901178434934459,5.68498346186392,0.11075,0.082375,0.15025,0.0735
"cloglog",0.5,0.99,100,1000,6.08187705080822,4.51498958583506,3.7536474289265,5.33066457661524,4.73796972111344,6.02139497070943,5.96165855845072,5.33128471117756,4.73719679569068,0.204271666361297,0.0155026780154221,0.0751774513815206,0.0767736198402127,0.0350007283342898,0.19949627626112,0.189035417293581,0.0779008772287123,0.0333880314675802,0.00362,1,123.790948337489,10.5097883283748,0.271248873534174,9.48348381394949,0.092,0.316,0.908,0,0,39.1030308801602,28.2828930862329,0.059,0.17,2.87245994409808,19.401162292757,0.10325,0.11725,0.13925,0.11725
"cloglog",0.5,0.99,200,1000,9.58172357147731,8.92386563502079,8.41970980282695,9.41699524198025,9.26082307036033,9.55987892387354,9.53816982231958,9.41699547377893,9.26082293552743,1.10475027885565,0.897532104051738,0.762037210553372,1.00190323212358,0.96415501997455,1.0962406661051,1.08778402181222,1.00190323212358,0.96415501997455,0.00413,1,271.946882466202,14.0773406007938,0.52759479072419,14.0728328752033,0.001,0.662,0.999,0,0.001,39.0826983632055,13.6009051849065,0.086,0.34,4.34820547860016,4.67346046116432,0.189625,0.1965,0.198625,0.1965
"cloglog",1,0.8,25,1000,1.03185125601151,0.192624639648442,0.269590918875845,0.633378446266531,0.397636776677133,0.969845004231771,0.910669795270688,0.634655367008378,0.396487638554606,0.225997634012667,0.038511256912913,0.0707264596780179,0.121451062483409,0.0630783295036028,0.212825408927986,0.200482146384308,0.122337049134615,0.0631292086736631,0.00248,1,84.1393277287672,7.65853364073099,0.637222680795701,7.18662694747343,0.051,0.176,0.949,0,0,64.1235504425979,12.2129440614513,0,0.049,28.4507981722301,9.23260035729307,0.01875,0.023625,0.054125,0.023625
"cloglog",1,0.8,50,1000,0.459095955063994,0.223706994764105,0.12734611474458,0.408226903113594,0.36258475543765,0.448547507846849,0.438175516530863,0.408226783230622,0.362584493724725,0.0493413096866843,0.0155430235905706,0.0178672838333374,0.0390056111976602,0.0299439025601699,0.0486603331609589,0.0478368220038021,0.0390056111976602,0.0299439025601699,0.00346,1,151.230406443455,11.2234969567431,0.890967452911861,11.2148637990125,0.001,0.556,0.999,0,0,97.2111820887328,14.6804911266833,0,0.058,76.5294644456559,13.7607427637391,0.01275,0.037125,0.041375,0.037125
"cloglog",1,0.8,100,1000,0.282793963289593,0.22627362830691,0.187266455128279,0.27545072471218,0.268346953229676,0.280934018539427,0.279087567099806,0.27545072471218,0.268346953229676,0.0141097849895269,0.00790976498550488,0.0071580310087711,0.0129452346537883,0.0120896695839133,0.014055329781313,0.0139918383689871,0.0129452346537883,0.0120896695839133,0.00376,1,243.714284463234,14.8813886326235,1.20566111815855,14.8813886326235,0,0.918,1,0,0.001,173.438801851978,17.8450188564663,0,0.034,169.623762371726,17.5030133878917,0.0285,0.03675,0.038125,0.03675
"cloglog",1,0.8,200,1000,0.380114766883032,0.361652132841137,0.346312823020662,0.379092819464162,0.378077869842615,0.37958034793878,0.379047898105357,0.379092819464162,0.378077869842615,0.0438077719635462,0.0404011591530359,0.0392048803436586,0.0433559415722446,0.042907693383487,0.0437727459008998,0.0437377414450038,0.0433559415722446,0.042907693383487,0.00413,1,417.009072007032,17.8110981819409,4.07744740740379,17.8110981819409,0,0.999,1,0,0.02,157.68741647989,11.0522121707914,0,0.107,144.826495957149,10.6330308099677,0.051375,0.056,0.056125,0.056
"cloglog",1,0.9,25,1000,1.77643805553858,0.274370692094119,0.502748566804026,0.902181641124274,0.507353320139131,1.63524661166857,1.50322313985078,0.912811343709561,0.499205407332995,0.492986203237532,0.0442141378433917,0.159105354017678,0.186263828988344,0.0830432099321232,0.441065943213541,0.387036063360774,0.194311004926115,0.0796322946666024,0.0022,1,223.025136178909,7.66448076742669,0.492970875633201,5.55539662032281,0.221,0.069,0.779,0,0,65.5794607828838,14.0974691084047,0.001,0.054,14.9723021955111,7.47928161590521,0.04325,0.028,0.092375,0.027
"cloglog",1,0.9,50,1000,1.06370186967944,0.428231907888967,0.273601635889689,0.839716922833073,0.665629302054932,1.03259234481685,1.00212632564727,0.83972803895958,0.665635970694009,0.122610378280004,0.01832013252426,0.0345405550816102,0.0730897441205699,0.0426136150433546,0.11751538226019,0.114141929300225,0.0730897441205699,0.0428633500077362,0.00354,1,146.787652776055,11.2882745653746,0.683474179645329,11.0624544059525,0.014,0.265,0.986,0,0,76.7986485190138,16.4153671980413,0,0.071,21.7050434707718,13.7033489214351,0.026875,0.048125,0.0605,0.048125
"cloglog",1,0.9,100,1000,0.642183913788084,0.492694501969934,0.401473337436462,0.615011175701166,0.589473159364512,0.63718447725617,0.632225877907622,0.615011175701166,0.589473159364512,0.0398079492163981,0.0127433816005538,0.0102090969353003,0.0319043374453347,0.0275918699385756,0.0395480758347868,0.0391878194187017,0.0319043374453347,0.0275918699385756,0.00423,1,262.780236205343,15.0433945873283,0.903501346592113,15.0433945873283,0,0.718,1,0,0,118.836585139227,18.4517051085598,0,0.064,89.1164636139838,17.3230278056696,0.04725,0.062625,0.065875,0.062625
"cloglog",1,0.9,200,1000,0.964481847102756,0.907343915426363,0.859893465547365,0.960378437098919,0.956317825216881,0.96250705080188,0.960542328447956,0.960378437098919,0.956317825216881,0.127941895125747,0.112619143874644,0.0970003950741064,0.127602058358586,0.127264220752357,0.127901842053385,0.12786181475708,0.127602058358586,0.127264220752357,0.004155,1,403.732581774256,17.8235073947562,2.94916723653584,17.8235073947562,0,0.979,1,0,0.016,114.053641992557,9.4933755468494,0,0.187,87.1047412446644,7.72695407760213,0.09225,0.09975,0.100125,0.09975
"cloglog",1,0.95,25,1000,3.90134550820529,0.527059916965737,1.24991372356057,1.5840411663854,0.815906594511001,3.5323249720394,3.19518817695214,1.64085162199935,0.756411115778253,1.0778352087599,0.0592773784959664,0.420261150385903,0.263249313167348,0.157180560081125,0.899270754030511,0.750505769269767,0.332932011944371,0.13675594220692,0.00224,1,37.5037539526095,5.08512233432528,0.361807320301774,3.69532108691274,0.491,0.027,0.509,0,0,75.5588647370421,17.3310391979396,0.008,0.073,5.92094212633718,4.81087210403031,0.102,0.048125,0.1515,0.041125
"cloglog",1,0.95,50,1000,1.76636187289712,0.704460528402304,0.469873453144068,1.2751583267239,0.941668088038118,1.70433981181129,1.64419416992542,1.27554253897632,0.941397937559973,0.265241290763197,0.0201274961904826,0.0893895538963483,0.114321842809141,0.047251424492785,0.248612529902602,0.234093965560288,0.115078007462692,0.0466196653487866,0.00306,1,140.287654234897,10.2324018753147,0.559952541308744,9.30797055361991,0.074,0.149,0.926,0,0,55.4817727222242,16.3097483970201,0.004,0.09,5.07017994515293,11.4265824114039,0.040125,0.049,0.079875,0.049
"cloglog",1,0.95,100,1000,1.24626035634579,0.943883192225847,0.78116058701244,1.16828179056119,1.09860261155909,1.23499624247608,1.22384446320844,1.16828179056119,1.09860261155909,0.0664224686350796,0.0110412067179254,0.018030515152192,0.0482188187642209,0.0318942988189282,0.0653935994543767,0.0643494548026369,0.0482188187642209,0.0318942988189282,0.00368,1,278.896340427371,15.0295458797633,0.714904930224156,15.0295458797633,0,0.449,1,0,0,59.971000861122,20.6413103739197,0.002,0.104,22.0674480657599,18.8510755693723,0.060375,0.07475,0.080125,0.07475
"cloglog",1,0.95,200,1000,1.74806787293553,1.63484894095708,1.55124596708472,1.73573178819705,1.7236459453221,1.744097546637,1.74015117347761,1.73573178819705,1.7236459453221,0.224600855915645,0.18686010956084,0.161340787554666,0.21839886179155,0.214809000818052,0.224246379755263,0.22389271566546,0.21839886179155,0.214809000818052,0.0041,1,505.889722961863,18.7384261878927,1.75557412683424,18.7384261878927,0,0.886,1,0,0.003,75.1839558488083,10.1510702279317,0,0.226,42.3390086603583,7.8294080331359,0.120875,0.128375,0.12925,0.128375
"cloglog",1,0.99,25,1000,20.9304374453438,2.39084752403265,7.72618501477785,4.68195098628911,4.63068566983667,18.665304780746,16.6809535451288,6.21490226100007,2.74052276809029,5.77611105314649,0.170620095691683,2.98185508554776,0.616228723116126,1.39434145508314,4.39968342793409,3.26877455969658,1.5542895556404,0.670155586930364,0.00192,1,46036382.1268682,1218.72867325946,0.124966296229817,0.901484008788232,0.926,0.012,0.074,0,0,182.760545095351,36.8972243970814,0.008,0.041,0.259858001455949,0.59917735216714,0.28075,0.213625,0.28675,0.143875
"cloglog",1,0.99,50,1000,10.3955565304947,3.54994930872024,2.96570208710663,5.6913093856642,3.45332604832689,9.92869441808259,9.48741801722919,5.75332006375982,3.36378709743995,1.43451481511951,0.0546111949969461,0.68107034097974,0.305488229810213,0.219232411360846,1.20802318804972,0.99388554876287,0.391793781125698,0.156620392471961,0.00342,1,43.7004688513938,5.51857476445681,0.293223810908492,3.42447885581371,0.491,0.111,0.509,0,0,54.3655116100902,20.7057590914015,0.063,0.161,0.850516159068015,3.27896101126295,0.15525,0.1005,0.19775,0.0895
"cloglog",1,0.99,100,1000,6.54918995254489,4.58778029883388,3.7651943712102,5.57399896485182,4.84234423311011,6.46764917173184,6.38743984322954,5.57554375483979,4.84035984131738,0.367558609192841,0.0212791768673174,0.167449802691081,0.148184248679769,0.0650780655211706,0.342810129728254,0.320854541444194,0.154175605756407,0.0620205800890493,0.00377,1,175.763242613104,11.4813177266852,0.443413722435993,10.19054294962,0.117,0.315,0.883,0,0,37.8768578563009,18.1790220296623,0.063,0.186,2.48828512857551,10.2862745370416,0.11525,0.121125,0.148625,0.121
"cloglog",1,0.99,200,1000,9.29326069463904,8.70309912136685,8.23645738989131,9.14259362062035,9.00043216684678,9.27286754279852,9.25258272784646,9.14259369781702,9.00043229988613,0.968948281503104,0.738948287224071,0.648274220843765,0.907427992864444,0.813149804965764,0.966414233693616,0.963450041327019,0.907427992864444,0.813149804965764,0.004045,1,412.280072045405,17.0674695113365,0.627614799445027,17.0459928282017,0.001,0.617,0.999,0,0,36.3123264288957,12.5810968230907,0.097,0.324,4.3222275521255,4.20234514686282,0.180125,0.186625,0.190125,0.186625
"cloglog",1.5,0.8,25,1000,0.982170592063248,0.215484752103747,0.215292124658925,0.6372222436458,0.424250518430248,0.917073585724004,0.855501187670568,0.638106360345315,0.423720509116745,0.311955929411475,0.0454686646589734,0.0940913856089557,0.169704311224541,0.0804822844718244,0.29049752074232,0.26858629991668,0.17134414796148,0.0801880732220795,0.00252,1,113.804683450569,8.33196081763414,0.833256797294395,7.74273623685527,0.051,0.161,0.949,0,0,52.8018245015601,10.1724049226803,0,0.048,21.5051073081015,6.94123708259218,0.0195,0.025875,0.064875,0.02575
"cloglog",1.5,0.8,50,1000,0.45297608272717,0.197499845549381,0.113826277042137,0.391786969446376,0.338654624981113,0.441884912557382,0.430986732481677,0.391785670616009,0.338651519232854,0.0704310408639279,0.0200749022086068,0.02021371375134,0.0543833871798458,0.0432940987058125,0.0689002556739632,0.067576915588368,0.0543833871798458,0.0432940987058125,0.00314,1,206.257887970607,12.8481667854791,1.11622263573402,12.7227350129172,0.002,0.491,0.998,0,0,91.2953471433729,11.4613819212961,0,0.043,63.1962861355499,10.4760580271546,0.013875,0.034875,0.042875,0.034875
"cloglog",1.5,0.8,100,1000,0.282873151365885,0.223661784117577,0.186178267931385,0.275317764482986,0.268035533137232,0.281065245769743,0.27926972524856,0.275317764482986,0.268035533137232,0.0219506269741045,0.0102166620496877,0.00933515745998429,0.0202474663340325,0.0182804773661172,0.0218134836707601,0.0216989102789328,0.0202474663340325,0.0182804773661172,0.00389,1,324.849604585275,16.8093341748313,1.4219955161275,16.8093341748313,0,0.872,1,0,0,152.846993437454,13.7241811454119,0,0.032,141.431291198073,13.0784578040936,0.0265,0.036125,0.037875,0.036125
"cloglog",1.5,0.8,200,1000,0.382730907507014,0.364096908778775,0.347986998577822,0.381617777068444,0.380512345253243,0.382166157127701,0.381603439860826,0.381617777068444,0.380512345253243,0.0570609964843567,0.0525156547192782,0.0488173136052625,0.0565110767675561,0.0559878896470752,0.0570012666915462,0.0569415956693918,0.0565110767675561,0.0559878896470752,0.004085,1,469.467011568804,20.0945772478671,3.97945171335424,20.0945772478671,0,0.994,1,0,0.018,135.937194335086,9.47303424654951,0,0.104,125.21824980422,8.81221841229615,0.051375,0.055125,0.055125,0.055125
"cloglog",1.5,0.9,25,1000,2.23569047631038,0.310569831503269,0.66017489063957,1.09045672374161,0.599781211195553,2.04314883476724,1.86543605726873,1.10455608303635,0.585205051742091,0.775731342466219,0.0643679944062972,0.257422369456126,0.294080013144709,0.126464981576603,0.677174788529074,0.586637640426178,0.310556256047651,0.120205532341353,0.00232,1,69.81749678859,6.99387116978438,0.621353038861203,5.83144766189168,0.232,0.054,0.768,0,0,62.4583151776872,11.7113205905671,0,0.06,11.7434197302482,4.83078942355189,0.064125,0.038625,0.1265,0.036875
"cloglog",1.5,0.9,50,1000,1.04177329548582,0.427470441850871,0.280789040313543,0.83128415422039,0.668242683232628,1.00894872514115,0.976921912153188,0.831352770144852,0.66814639637279,0.168669275120081,0.023160014171577,0.0514417146165394,0.105642587838647,0.0576380750829021,0.16290556187139,0.155530030211649,0.105642587838647,0.0576380750829021,0.00332,1,180.250819502425,11.9775840666324,0.935282549384726,11.9020913724562,0.011,0.227,0.989,0,0,62.4168669940555,12.2005026759889,0.001,0.081,13.2964120618365,9.89084788852441,0.027,0.050375,0.066875,0.050375
"cloglog",1.5,0.9,100,1000,0.571419182461603,0.435411842376614,0.359968646068198,0.545754367361315,0.522058016658037,0.566820882086537,0.562262251294703,0.545754367361315,0.522058016658037,0.0466804103456416,0.013107570083229,0.0130388106021373,0.0388677156253714,0.0313124681126812,0.0457835031959187,0.0451590672206572,0.0388677156253714,0.0313124681126812,0.00363,1,359.948019965725,17.4814003221822,1.16280674993617,17.4814003221822,0,0.612,1,0,0,108.393348420645,15.2871966489749,0,0.063,75.518594433808,14.4439569431898,0.043125,0.05575,0.058,0.05575
"cloglog",1.5,0.9,200,1000,0.884278526467252,0.833819451403804,0.793281532530298,0.880453647100197,0.876672405827552,0.882628905600734,0.880988278994231,0.880453647100197,0.876672405827552,0.112981665723567,0.0965953714359221,0.0887084726177788,0.11247419730512,0.111973785003193,0.112937581690669,0.112893548924942,0.11247419730512,0.111973785003193,0.00422,1,539.536123763571,20.5966322145728,3.0163695134371,20.5966322145728,0,0.956,1,0,0.014,113.008165753678,8.48630047193797,0,0.174,85.5912561683132,7.08113858790134,0.088625,0.094,0.094625,0.094
"cloglog",1.5,0.95,25,1000,4.58708475656563,0.584729397092268,1.47489138385975,1.80716239496184,0.933594977009746,4.12583805703491,3.70995198797843,1.88243179851166,0.857796921180727,1.60706219952209,0.0887291282268987,0.600927289375877,0.424718683691944,0.234302904794664,1.33723851728476,1.05728909181786,0.506914591661645,0.206058853425746,0.002,1,40.7393881630975,5.30698834890054,0.421557163513745,3.74990971334548,0.492,0.022,0.508,0,0,96.4800785206734,15.9389032303245,0.008,0.072,3.89793560924914,3.3150479108194,0.132625,0.066375,0.188625,0.0585
"cloglog",1.5,0.95,50,1000,2.0911196078027,0.822484641198829,0.594088877585101,1.52737187428179,1.14960171517613,2.01060250670526,1.93289360250912,1.52914992677151,1.14577643516139,0.350931469790705,0.0300198186032552,0.126540792708091,0.161239388483424,0.0710381094921041,0.319811743155925,0.292982412082431,0.161239388483424,0.0690896984724701,0.0033,1,174.748555514638,10.8943700531391,0.74313457516431,9.56535194078789,0.076,0.158,0.924,0,0,45.6046158698345,12.5925833229408,0.006,0.11,4.06835086085753,7.99763005969096,0.04825,0.060625,0.097,0.060125
"cloglog",1.5,0.95,100,1000,1.27844250242999,0.912987994735586,0.730047307621551,1.18461614352818,1.10204962932421,1.26404741702812,1.24982322854442,1.18461614352818,1.10204962932421,0.0939957879649439,0.0142570204892821,0.0288104733733149,0.0643588973936965,0.0448826753565901,0.0916175670887873,0.0893511184226676,0.0643588973936965,0.0448826753565901,0.00365,1,320.29548081917,16.430610689454,0.964656851929244,16.430610689454,0,0.399,1,0,0,52.547812258137,15.6359396491828,0.001,0.112,15.5877602549542,13.9375860931389,0.05975,0.076875,0.082,0.076875
"cloglog",1.5,0.95,200,1000,1.87667300943382,1.75640822790928,1.66341240601797,1.86415150485718,1.85188721279379,1.87265323116185,1.86866078777863,1.86415150485718,1.85188721279379,0.256360388862509,0.219519564915535,0.203634406040976,0.253936980730392,0.249926818140116,0.255877939933889,0.255479430297458,0.253936980730392,0.249926818140116,0.004245,1,602.068852968463,21.1205483623873,2.0560877364851,21.1205483623873,0,0.821,1,0,0.007,61.5996677383549,8.01339526306694,0,0.225,29.3089159034815,5.95944245739226,0.12375,0.129125,0.129375,0.129125
"cloglog",1.5,0.99,25,1000,20.287951408469,2.02298469778764,8.17918497400441,4.23329660423013,4.82350067343476,17.6111567584343,15.3231409339782,6.2820322073576,2.70494177883094,8.1304520792622,0.266085660136183,4.11339351796223,0.992974552730651,1.95675872638248,6.40497538471828,4.77793935945234,2.33142467913625,1.02612018531195,0.00172,1,17.902866082666,2.70610985086297,0.135678660803264,0.923748302276864,0.933,0.009,0.067,0,0,63.0976771054858,41.9562080609374,0.003,0.031,1.47391808403072,1.09817245019646,0.317125,0.251625,0.315375,0.184875
"cloglog",1.5,0.99,50,1000,11.0475668156292,3.53019036666858,3.1872528083022,5.71687624578664,3.44987636882152,10.4796629238519,9.95195656498321,5.79747101819599,3.35978012043026,1.78627225049203,0.0669667516906475,0.854245867131563,0.419572088941643,0.264656786233738,1.44075147864333,1.1710056886116,0.515571396442075,0.200013104455053,0.00326,1,48.1229042245838,5.55806794392865,0.381910659775228,3.61353367579204,0.501,0.078,0.499,0,0,57.9820425453936,18.4245395997594,0.056,0.15,0.668763959461247,2.36842334939773,0.173625,0.106625,0.210625,0.090625
"cloglog",1.5,0.99,100,1000,6.89137760939309,4.66304308013489,3.79543906497519,5.80924161803239,5.00269769149891,6.79020236824692,6.69120164582392,5.81128067695817,5.00031112909692,0.514610208901016,0.0291565982889865,0.240606773878428,0.212743699564111,0.098823961397236,0.469613986199441,0.427013257722374,0.212743699564111,0.088997727144694,0.00384,1,164.32667850976,11.4538426764691,0.606707345582679,10.4915700542007,0.116,0.319,0.884,0,0,39.4828901393152,14.240489292568,0.062,0.201,2.64947410856976,6.7369132596257,0.117625,0.131625,0.163125,0.131625
"cloglog",1.5,0.99,200,1000,10.2887936535779,9.4965456932504,8.90633062561711,10.1060685015029,9.93471425494135,10.2651353203242,10.2416179082651,10.1060928620274,9.93468633660902,0.941714652563676,0.711628955557963,0.573109189538587,0.888562771636144,0.841679074596834,0.937423597697866,0.928340287594187,0.888562771636144,0.841679074596834,0.004195,1,557.758946164552,19.3766517391344,0.814977120034686,19.1928775196156,0.004,0.592,0.996,0,0,39.192395048011,11.4668015223598,0.092,0.355,3.52835715724048,3.52061098911616,0.184875,0.1895,0.192625,0.1895
"cloglog",2,0.8,25,1000,1.37914870570976,0.265979854320856,0.35840442295065,0.875370869593999,0.576433957814305,1.28459343790655,1.19546092379319,0.877162846318532,0.574722688071711,0.423306559701987,0.0544894626624481,0.130754414823575,0.226923720880587,0.115559383221145,0.385722548510903,0.34892232124721,0.227450646554178,0.11520394532055,0.00252,1,97.3657944816889,8.31203555233795,0.998000749185038,8.05028229593051,0.046,0.135,0.954,0,0,60.5832673158278,8.69548664591506,0,0.071,15.5402348512367,5.34500125524145,0.0315,0.038875,0.08925,0.038875
"cloglog",2,0.8,50,1000,0.548138294747525,0.253579764645336,0.152920788765069,0.478963315097822,0.418978056099147,0.534095558522661,0.520321868585451,0.478963315097822,0.418978056099147,0.0947246074940855,0.0230332695073004,0.0282624358123695,0.0745529988646504,0.0565888717486008,0.0926388210570299,0.0906909346082393,0.0745529988646504,0.0565888717486008,0.00342,1,227.006470425714,13.5036446140211,1.41209588329117,13.5036446140211,0,0.447,1,0,0,71.1850211045069,9.44282625518423,0,0.069,46.4349618678659,8.34533982505122,0.019125,0.041125,0.048375,0.041125
"cloglog",2,0.8,100,1000,0.263984844489276,0.198466786256935,0.157086242308833,0.256300022363793,0.248890345142786,0.262135568749844,0.26029914018798,0.256300022363793,0.248890345142786,0.0250539372209004,0.0112360274115892,0.00922396015420756,0.0227850127783777,0.020806041611838,0.0249058922009758,0.0247578600015022,0.0227850127783777,0.020806041611838,0.00358,1,380.92608421833,18.6032105612611,1.69057287698566,18.6032105612611,0,0.845,1,0,0.001,151.010448948997,12.1799056688713,0,0.025,138.403533616793,11.802013730835,0.023625,0.033,0.0345,0.033
"cloglog",2,0.8,200,1000,0.383651934965313,0.362614337186211,0.345539479769432,0.382591841057553,0.38153901698618,0.383066274743426,0.382483195067033,0.382591841057553,0.38153901698618,0.0512701903801971,0.0475882602161143,0.0418103123308973,0.0507009552651598,0.0502794630404747,0.0512013900567821,0.0511326615225734,0.0507009552651598,0.0502794630404747,0.00404,1,584.374605736202,21.2886841522811,4.70507042285173,21.2886841522811,0,0.995,1,0,0.028,146.426155396837,7.99710856990677,0,0.122,131.62896379049,7.60482265663576,0.054125,0.05725,0.05775,0.05725
"cloglog",2,0.9,25,1000,2.35782376211617,0.330260716325301,0.78057434253889,1.14860323053017,0.631055648732942,2.12790045902315,1.9181489939713,1.16409464913779,0.614252144091391,0.944674702987179,0.072754896920219,0.312226761210076,0.37022747532753,0.170565527704884,0.807164108885563,0.695298001768233,0.388488072942472,0.16491827274517,0.00216,1,100.49925095874,7.52404689730991,0.732453822381881,5.9909464733836,0.225,0.051,0.775,0,0,61.6983302156857,10.0302354842488,0.002,0.063,8.8921355406605,3.89582545772659,0.077375,0.0455,0.142625,0.042
"cloglog",2,0.9,50,1000,1.09270530931933,0.43304559904363,0.297595048083727,0.872304999046888,0.70411312138638,1.05618216199583,1.02065422181895,0.872360940511547,0.704122024278434,0.2259148401132,0.0254743617078209,0.0649064602393417,0.133479366688091,0.0693946673690723,0.21426552062994,0.200197396280982,0.133479366688091,0.0693946673690723,0.00338,1,498.463251037327,14.014194540072,1.12740200988301,12.5309289865578,0.01,0.189,0.99,0,0,60.793681794211,10.1367370098755,0,0.084,10.0666279876158,7.90841619093852,0.030375,0.04875,0.069375,0.04875
"cloglog",2,0.9,100,1000,0.625066534101466,0.474198195222106,0.393165055148802,0.596885301327937,0.571037575742528,0.619755540239066,0.614493090103082,0.596885301327937,0.571037575742528,0.0546791163613548,0.0125856115228125,0.0157975684702987,0.044928144129119,0.0365930656217587,0.0537383523057539,0.0529972571323542,0.044928144129119,0.0365930656217587,0.00385,1,437.566483696515,18.8798302888652,1.45008597885829,18.8798302888652,0,0.546,1,0,0,83.3836032893182,12.6541740276214,0,0.067,51.5757092998097,11.58432093871,0.04475,0.060375,0.06425,0.060375
"cloglog",2,0.9,200,1000,0.905498624355725,0.850708414594925,0.806279345850522,0.901532303823632,0.897612692442503,0.903680318319578,0.901871046755394,0.901532303823632,0.897612692442503,0.109179664970719,0.0911764857499551,0.0818907552834112,0.108578102800232,0.108063204001123,0.109012318857838,0.108929668803614,0.108578102800232,0.108063204001123,0.004195,1,648.232798025229,22.9453695265883,3.43358248192798,22.9453695265883,0,0.933,1,0,0.014,99.1305813053068,8.45447444557443,0,0.167,74.4612384526659,7.49977247066811,0.087125,0.092875,0.093125,0.092875
"cloglog",2,0.95,25,1000,5.6565625892303,0.75156375582266,1.93265548970815,2.24193333807992,1.18013295364302,5.04566275765441,4.50009629407276,2.33700312694127,1.07485795401191,2.19299078256585,0.116011260776476,0.818029550681888,0.594047205067408,0.318414523339103,1.79052836405727,1.45962461671797,0.698843362032721,0.26761833731461,0.00244,1,53.341823221488,5.70998215849909,0.488269001096255,3.83902018040699,0.461,0.022,0.539,0,0,87.4281285098321,14.5921985712293,0.009,0.085,2.6690702443335,2.56134551225837,0.164875,0.0835,0.2105,0.068875
"cloglog",2,0.95,50,1000,1.89511395403176,0.681553516379947,0.584280495918963,1.32837976654898,0.98166807992325,1.80932123108185,1.72742656416904,1.33092631349258,0.979323861910362,0.455664242942804,0.0299257502196172,0.161302010652661,0.196212564078771,0.0897095334264866,0.408709052639395,0.365507881308532,0.20146312203524,0.0869474925651065,0.00304,1,272.633298360854,12.0547574049972,0.919650320099604,10.2219945125844,0.102,0.125,0.898,0,0,46.5720310752571,10.7137335214585,0.003,0.096,3.79192124074185,6.54382461754884,0.05275,0.055125,0.104625,0.055
"cloglog",2,0.95,100,1000,1.35039288347985,0.9970845845175,0.841613539154348,1.2544541055185,1.17305843493228,1.33666672222603,1.32311260412851,1.25445670099242,1.17305239363287,0.114760671128739,0.0163350240979199,0.0320338918618052,0.0774821720568597,0.0545720536283726,0.111636694563654,0.108586740502588,0.0774821720568597,0.0545720536283726,0.0036,1,390.344499662934,18.0207931364228,1.20064636817481,18.0074476598009,0.002,0.374,0.998,0,0,43.8315312226943,13.2232254570699,0.002,0.106,12.8981789509784,11.4644925955199,0.062,0.0785,0.08675,0.0785
"cloglog",2,0.95,200,1000,1.66085393315991,1.54225949154912,1.45233813725073,1.64794519319107,1.63535376433699,1.65659239084887,1.65235757379793,1.64794519319107,1.63535376433699,0.203359426536263,0.171621480955759,0.140956767794745,0.199563881093992,0.197541572755321,0.202811731362409,0.202265424879047,0.199563881093992,0.197541572755321,0.004005,1,685.008328132632,22.7205466499816,2.44604617423028,22.7205466499816,0,0.792,1,0,0.007,53.7379933631514,7.65218395997388,0,0.238,28.2556585677679,5.69110419999496,0.115875,0.1215,0.12225,0.1215
"cloglog",2,0.99,25,1000,26.0046985399363,2.80157880753428,10.2234151831961,5.84338600282592,5.86513226989481,22.7435600082521,19.9444116704424,8.0453065923869,3.47018463589385,11.0533806538187,0.358686326084701,5.36858141427121,1.39863675081258,2.44424072494222,8.48422479211655,6.30431067097318,3.18175811258054,1.41337193442807,0.00256,1,17.3576158920107,2.69061991739077,0.150771916191321,0.976473480015171,0.924,0.011,0.076,0,0,86.3322171908237,42.3906831371646,0.004,0.049,1.09546505876441,0.702620763980533,0.33325,0.26775,0.33575,0.209625
"cloglog",2,0.99,50,1000,11.5173993093935,3.62174403833621,3.30858836328439,5.94680913577033,3.52015401925692,10.844548130984,10.2261536286675,6.04573028300066,3.37217416610571,2.39569384217206,0.0822622725618792,1.21332349507331,0.545045878385576,0.367200334060466,1.94132320863607,1.54639695720371,0.666892395086822,0.271356653055895,0.00332,1,56.4184521242051,5.89181658041095,0.434473575190596,3.71124357090122,0.51,0.1,0.49,0,0,61.6872174399146,17.6792462355286,0.071,0.162,0.601485023957378,1.82964596283665,0.206,0.11375,0.230125,0.09875
"cloglog",2,0.99,100,1000,6.62971813434167,4.6013416393645,3.88842940287546,5.6566734956888,4.96959759826365,6.52428043952112,6.42185302792151,5.66021669722099,4.9619448941384,0.656340472451213,0.0371166613127987,0.28661449010042,0.245392982407137,0.117324900957554,0.585907845650217,0.532661381616466,0.246412418735134,0.110921525157481,0.0038,1,194.571858300703,12.0994169754818,0.755997544673036,10.7836055459934,0.115,0.29,0.885,0,0,36.0981715530612,12.6032684993729,0.062,0.204,2.45409794877907,5.63052908664024,0.122875,0.12425,0.16575,0.1235
"cloglog",2,0.99,200,1000,10.1056985090562,9.3068323334592,8.74119778319247,9.92305452732162,9.75296676341557,10.0794379058565,10.0533650927828,9.92305791027512,9.75296062773972,0.965124499648137,0.597926984414981,0.435988814992088,0.831219489874711,0.746140781769523,0.952007475220857,0.939067265645277,0.831219489874711,0.746140781769523,0.003945,1,614.107646251386,19.863435639366,0.998276051166469,19.8290869585886,0.003,0.573,0.997,0,0,35.1226343196547,10.5974410877174,0.099,0.366,3.07957099694266,3.58087755798211,0.183,0.19275,0.197125,0.19275
"neglog",0.5,0.8,25,1000,0.736373670566317,0.139459076583254,0.158859639624092,0.502559069234805,0.346706032898474,0.696364399110995,0.658020863463429,0.502645567400595,0.346610517488069,0.109179900419781,0.026034886946049,0.0352488044840848,0.0641261486416646,0.0362911709388953,0.104638559247039,0.100109150687877,0.0643661624443115,0.0361107596903615,0.00204,1,51.8827607271375,6.28855628208511,0.419258403662755,6.09857043844917,0.029,0.29,0.971,0,0,76.854044719922,18.3222879605352,0,0.045,53.0649979277685,15.6599293209156,0.0125,0.021125,0.032625,0.021125
"neglog",0.5,0.8,50,1000,0.438842646151314,0.220238677123675,0.123198935782372,0.389246745132796,0.345252439908678,0.429733559656229,0.420757124202485,0.389246538771583,0.345252015057493,0.0255141390385006,0.0112570520090939,0.0115362006154073,0.0211070869316626,0.0173756774799961,0.0253133868771031,0.0250909830121488,0.0211015118350277,0.0173756774799961,0.00312,1,109.03727220716,9.87517751690146,0.571988679879491,9.61700218763309,0.001,0.711,0.999,0,0,132.791281893686,23.2514117909353,0,0.048,116.727843083725,22.2723052219657,0.016,0.034,0.03875,0.034
"neglog",0.5,0.8,100,1000,0.266394772208425,0.219898583295117,0.185391255344736,0.260640194478441,0.255029639572078,0.264957326742013,0.263528290475318,0.260640194478441,0.255029639572078,0.00851193643252315,0.00588354221645087,0.00515472430331724,0.0082177058559901,0.00774388331177126,0.00850203218147234,0.00849213628484733,0.0082177058559901,0.00774388331177126,0.00372,1,146.091389441406,11.7672341515196,0.830506051756542,11.7672341515196,0,0.968,1,0,0,203.826401321342,25.5282354175136,0,0.034,197.626800558801,25.3015116520388,0.0275,0.035875,0.0365,0.035875
"neglog",0.5,0.8,200,1000,0.361318039193576,0.345143768637991,0.331197137247233,0.360356229569605,0.359400454330483,0.3608059379605,0.360295936662082,0.360356229569605,0.359400454330483,0.0322199171054038,0.0300083757840328,0.0286445689760551,0.0320261041269874,0.0319551819889672,0.0322094492653267,0.0321989843966908,0.0320261041269874,0.0319551819889672,0.004055,1,334.490476006606,14.5992148174261,4.68603519713974,14.5992148174261,0,1,1,0,0.015,165.937413613149,14.8843590938449,0,0.109,154.952430746991,14.6761678561961,0.051875,0.054625,0.05475,0.054625
"neglog",0.5,0.9,25,1000,2.13285463171949,0.355056042922683,0.496228701948273,1.16171549923001,0.63420104111997,1.99753564169601,1.86853534716993,1.16648941825985,0.626660397163346,0.273406818052779,0.030329602733879,0.084524673607648,0.100718221011625,0.0479397463349769,0.252306079048873,0.231668909258719,0.104092790447343,0.0463659321000699,0.00248,1,55.9069700095395,6.28347022473682,0.309376246989767,5.11178890836791,0.193,0.087,0.807,0,0,75.8907558104238,20.2906365962263,0.002,0.075,27.1904433779011,13.6111786298474,0.0365,0.031,0.071625,0.03025
"neglog",0.5,0.9,50,1000,0.905841193707035,0.374340970787156,0.228545774994458,0.7251229698076,0.579475808811304,0.881661825317878,0.857946548497711,0.725149933487878,0.579411559459506,0.0664670797937465,0.0132772664539476,0.0181280477290226,0.0426385910741239,0.0253384635449769,0.0651771199712162,0.0629024579992789,0.0426385910741239,0.0252635825792464,0.0034,1,159.592567833073,10.318103958721,0.442043066111293,9.50189462832621,0.01,0.351,0.99,0,0,113.041938722199,25.3703952788248,0.001,0.056,58.9222378471542,22.8172903875964,0.02175,0.04625,0.057625,0.04625
"neglog",0.5,0.9,100,1000,0.514478977009677,0.399790403567942,0.327138368273494,0.49426915216154,0.475133695062466,0.510685828207753,0.506924314406838,0.49426915216154,0.475133695062466,0.0199357796660128,0.00872561316921037,0.00602824699754842,0.0172942812825114,0.0148223490470305,0.019837650421024,0.0197398229510483,0.0172942812825114,0.0148223490470305,0.00346,1,176.418791997084,12.8237159981084,0.694548294870419,12.8237159981084,0,0.822,1,0,0.001,207.356679942715,30.2690745464962,0,0.051,185.170460496782,28.8791592411504,0.040625,0.0535,0.056625,0.0535
"neglog",0.5,0.9,200,1000,0.762355562588443,0.722304485040912,0.6885100048302,0.758936053437059,0.755553638596623,0.761045777900038,0.759741734896857,0.758936053437059,0.755553638596623,0.0890937629811432,0.0802700023856809,0.0706239279471246,0.087595871184953,0.0866674068602296,0.0890806993162024,0.0890676402483992,0.087595871184953,0.0866674068602296,0.0041,1,265.683545965802,15.2085494815083,2.01900070718058,15.2085494815083,0,0.993,1,0,0.005,136.388103862391,13.48895109199,0,0.133,118.462406240564,12.2197817424867,0.0805,0.084875,0.08575,0.084875
"neglog",0.5,0.95,25,1000,3.86401282427314,0.461634066501864,1.23043125884066,1.46542983772935,0.690538608772596,3.57346047061115,3.30083618824532,1.49992022320043,0.639104629968614,0.611531222626299,0.0414780363852772,0.224495027801789,0.14840824565946,0.0908924544084868,0.543760309909124,0.468555597192733,0.18865479168275,0.0796190314402291,0.0022,1,25.7230811767742,4.62879910639555,0.233422732993556,3.34344140583468,0.517,0.036,0.483,0,0,92.2575626361064,22.8208245536932,0.005,0.07,19.8196191731192,9.03573991684263,0.06975,0.04075,0.112625,0.033625
"neglog",0.5,0.95,50,1000,2.34852489810793,0.967419505547367,0.603032443134038,1.74328974625016,1.30124422356537,2.28137439123368,2.21565234760766,1.74354465442115,1.30112373915312,0.130073849232547,0.0142050887070859,0.0402213991979557,0.0597776398071438,0.027049805568654,0.124942728294417,0.118985565876152,0.0602173127325471,0.02675638175994,0.00346,1,85.4269920344894,8.72485291802579,0.353358083283359,8.39987876558696,0.052,0.2,0.948,0,0,66.9839133377959,25.5326654808612,0.009,0.105,5.30183574508639,20.821334607765,0.044875,0.06175,0.081875,0.061875
"neglog",0.5,0.95,100,1000,1.19954109212991,0.949968209667698,0.796589788823228,1.13402069448384,1.0745983223585,1.19061576722367,1.18177023465491,1.13402069448384,1.0745983223585,0.0447366381155259,0.00954998103820482,0.0107230775437702,0.0314717013676482,0.0225233397483324,0.0442200408422898,0.0439163015092316,0.0314717013676482,0.0225233397483324,0.00373,1,177.696055910782,12.6870727818097,0.45837033194317,12.6870727818097,0,0.583,1,0,0,104.504488999407,32.4760906729541,0.001,0.096,53.4519715334202,30.5546673958676,0.060875,0.074125,0.080375,0.074125
"neglog",0.5,0.95,200,1000,1.85687545730673,1.74815664748066,1.66103959801489,1.84496189139092,1.83325523502967,1.85308550953732,1.84931720415521,1.84496189139092,1.83325523502967,0.170424494328842,0.137553358404779,0.122485348707789,0.165360226724033,0.158735660331992,0.170222958129096,0.170021667081798,0.165360226724033,0.158735660331992,0.003905,1,302.97014523781,15.2579851161858,1.27974279442175,15.2579851161858,0,0.945,1,0,0.003,95.6186436980251,12.7764977304517,0.001,0.228,63.0663669948899,10.7008555761581,0.1215,0.12525,0.12575,0.12525
"neglog",0.5,0.99,25,1000,19.633951893722,2.46715843611788,6.40398828644633,4.62310037110638,4.14271733761865,17.8244700374894,16.180274470013,5.83213742147479,2.55441435438924,3.03425577982687,0.110081021187381,1.52237846170161,0.33235226013491,0.800623224661952,2.34947114722154,1.83132632022553,0.889581234234609,0.369224116858364,0.0024,1,10.3749600041236,2.41126951684756,0.0977680618777523,0.806116441311392,0.931,0.013,0.069,0,0,74.0715732641376,36.1716630704414,0.008,0.039,0.260250243796195,0.485037825175065,0.228875,0.171125,0.248875,0.100875
"neglog",0.5,0.99,50,1000,9.90353597132878,3.39625234048404,2.41551537347177,5.42413676326405,3.14964130276867,9.5251812552265,9.16113146379743,5.46275361994844,3.09517370602324,0.713499479158402,0.0316210257244027,0.332693013980128,0.147844899151298,0.10903645638597,0.622188045514017,0.540048048214214,0.196494283081391,0.0819006702828511,0.00332,1,36.2961090300876,5.31015367740228,0.19691405513025,3.34840353339086,0.51,0.112,0.49,0,0,53.8798226898438,23.6815831848868,0.063,0.161,0.908303315043106,5.56863213472445,0.11225,0.088125,0.1555,0.0795
"neglog",0.5,0.99,100,1000,7.44886563456286,5.55068517784346,4.50900167767875,6.5077232204825,5.7495387267077,7.37322216534867,7.29850696327505,6.50828380740068,5.74850064175872,0.232867805183852,0.0194204941311181,0.0912119478848609,0.0925268000955614,0.0442738403400155,0.223084742334476,0.21395134226194,0.092929655081838,0.0435416149311423,0.00412,1,108.274921903079,9.69462177464718,0.268532780428569,8.86646891612897,0.083,0.378,0.917,0,0,39.8206954686066,26.8302288326396,0.075,0.211,2.84166087504254,18.6895618642337,0.12125,0.134,0.15025,0.133625
"neglog",0.5,0.99,200,1000,9.21880678743836,8.59010776291189,8.09533264308222,9.05886696707572,8.90731884143937,9.19712956376332,9.17557133214614,9.05886696707572,8.90731884143937,0.823014295956242,0.620188646251617,0.560938854226452,0.706222390451985,0.668219822700472,0.818962769255655,0.812098152147657,0.706222390451985,0.668219822700472,0.003835,1,295.21837480882,14.5512027075456,0.50889517371971,14.5512027075456,0,0.65,1,0,0.001,37.8030157522233,14.1899546795326,0.084,0.317,4.43543935266648,5.69024074839124,0.178375,0.184125,0.1875,0.184125
"neglog",1,0.8,25,1000,1.05841001631612,0.200447455057383,0.237197829843103,0.688792601113246,0.446425610623009,0.997298365557831,0.938769370446679,0.689072307430324,0.44644229148476,0.230369847498283,0.0381515906277277,0.070023661156291,0.131257518278371,0.0622265345907343,0.212928810793097,0.200696227475027,0.131257518278371,0.0625103971102353,0.002,1,79.7253025314293,7.40086472154973,0.613126122708273,7.02329476135824,0.033,0.195,0.967,0,0,62.5120302692481,12.4603318454085,0,0.049,31.9819281673728,9.29812375865842,0.017625,0.027625,0.0555,0.0275
"neglog",1,0.8,50,1000,0.373497175992602,0.180842444486289,0.105509528400274,0.328781381416271,0.289575979382924,0.365034996356782,0.356712293520683,0.328781325206711,0.289575825465665,0.0508074634293355,0.0155342156739001,0.0165141941375651,0.0398673506158818,0.0308088948667639,0.0501391734133808,0.0494388613807396,0.0398673506158818,0.0308088948667639,0.00296,1,161.798777068796,11.4849484782698,0.872994522224581,11.4729570309565,0.001,0.529,0.999,0,0,95.5296710347729,14.8682930586912,0,0.044,77.7050659360929,13.984148837746,0.01375,0.032375,0.03625,0.032375
"neglog",1,0.8,100,1000,0.297583660762663,0.239261486739774,0.198465625288135,0.290281125711264,0.283208757880126,0.295783425933801,0.293994872145353,0.290281125711264,0.283208757880126,0.0157959170000255,0.00838435914012942,0.00729462379733357,0.0143405383940325,0.0131501134178996,0.0157021424751661,0.0156086548751562,0.0143405383940325,0.0131501134178996,0.00388,1,252.582063998602,14.5353829130254,1.1526102284605,14.5353829130254,0,0.944,1,0,0,170.957194000937,17.2351930333241,0,0.039,162.771113585474,16.8309215936739,0.028625,0.039625,0.041125,0.039625
"neglog",1,0.8,200,1000,0.372265994682395,0.35523700736834,0.340843958439402,0.371289954665168,0.370320513781088,0.371730297032111,0.371197003224874,0.371289954665168,0.370320513781088,0.0321614643551673,0.0271142356388457,0.0248399023999791,0.0320604228066434,0.0319597038816902,0.0321539230828809,0.0321463837239428,0.0320604228066434,0.0319597038816902,0.003855,1,386.859334307074,17.6505248754372,4.23016649048667,17.6505248754372,0,0.998,1,0,0.021,150.433546370551,12.3784339162234,0,0.108,142.971063472086,11.9802882498393,0.049125,0.051875,0.051875,0.051875
"neglog",1,0.9,25,1000,1.65733879793847,0.260095121615525,0.464136318986346,0.827777226042146,0.481909928482301,1.52688655890287,1.40521162820351,0.837879068992636,0.469813824891712,0.484555905069753,0.0418332850443158,0.161704942179682,0.178428908043077,0.0854994882965406,0.432548853968338,0.379965197659102,0.19277205767549,0.0805234760565725,0.00188,1,53.8917183642801,6.30409032816306,0.481550095824682,5.554386264106,0.227,0.058,0.773,0,0,58.6543116017526,13.7268255749466,0.001,0.048,14.4957031279974,7.28864293147254,0.04325,0.026375,0.091375,0.024875
"neglog",1,0.9,50,1000,1.0130891100232,0.428275634700337,0.252478407706942,0.819413219444336,0.665254103565181,0.983555631922388,0.954651301690855,0.819433644137527,0.665189813685232,0.116647877576252,0.0174686921534146,0.0328662659084625,0.0709933422961646,0.0391508654023947,0.112595216537282,0.108787972457779,0.0709933422961646,0.0389550698791922,0.00342,1,170.364061967661,11.4768106245465,0.691446865121935,10.8837512291863,0.015,0.274,0.985,0,0,70.0078392757268,15.8058419349464,0,0.085,23.4609826543827,13.7047258162316,0.026375,0.047125,0.057875,0.047125
"neglog",1,0.9,100,1000,0.572808456428272,0.440861259198862,0.359914850910448,0.548526078030066,0.525731513531329,0.568325573907899,0.563879354855498,0.548526078030066,0.525731513531329,0.0316577566994959,0.00997795950093063,0.00938107672965833,0.0257507072437398,0.0217811851960255,0.0311666721530397,0.0308357052264121,0.0257507072437398,0.0217811851960255,0.00391,1,257.010651005091,15.236574817453,0.870241128051196,15.236574817453,0,0.693,1,0,0,132.841679108453,20.1805191939255,0,0.055,108.139876541443,18.9564495390011,0.043625,0.057375,0.06,0.057375
"neglog",1,0.9,200,1000,0.864503182651976,0.818605720951728,0.781299234928062,0.860913455930415,0.857364655243363,0.862846498289755,0.861198615936974,0.860913455930415,0.857364655243363,0.0823007304584711,0.0693725204720774,0.0574416828433656,0.0817453777437544,0.0811940282869322,0.0822448197080048,0.0821889487680542,0.0817453777437544,0.0811940282869322,0.00398,1,460.897146549718,18.8889384188369,2.72548007883056,18.8889384188369,0,0.968,1,0,0.013,140.693751002622,11.8161718253677,0,0.166,121.000137122442,10.8392150576734,0.0845,0.088625,0.08925,0.088625
"neglog",1,0.95,25,1000,4.9789041025167,0.793742116582489,1.32291517757889,2.2724230497412,1.21601249001809,4.56596757122394,4.18661811874577,2.33326344056022,1.14835649623915,1.12622419426954,0.0629492824050091,0.432419100987391,0.284746926528318,0.173864679472892,0.94189886908568,0.77923379997615,0.360194694066053,0.143450453312831,0.0028,1,88.6091090732329,5.72577570638295,0.351398389338976,3.53653525897438,0.519,0.03,0.481,0,0,63.1968624662896,17.0367084826434,0.012,0.081,2.72923434466767,4.58959533718611,0.1095,0.056375,0.161625,0.046
"neglog",1,0.95,50,1000,1.79800305521273,0.696647372992596,0.522771207582011,1.29262832288746,0.962324394365308,1.73559253856249,1.67498638566854,1.29312725533464,0.961618842014699,0.250470101438267,0.0217890775192824,0.0831274335848451,0.113822957711543,0.0494785137568211,0.237207315479734,0.221219176462746,0.114197934732627,0.0478688677467762,0.00328,1,106.514665240452,9.64070099332674,0.557083482337926,9.08324304575538,0.066,0.153,0.934,0,0,50.943831768073,15.9808772191009,0.005,0.091,4.9460204188478,11.3914291302283,0.041125,0.05225,0.078375,0.05225
"neglog",1,0.95,100,1000,1.24747470778244,0.960793045940049,0.806339876463514,1.16914314974911,1.10066800146394,1.23661870261633,1.22587002278002,1.16914314974911,1.10066800146394,0.0714227212760178,0.0126743782641668,0.0185021720897229,0.0503329749031048,0.0360276971872241,0.0699339146928372,0.0688566607736893,0.0503329749031048,0.0360276971872241,0.00379,1,266.036378818297,15.2699204892978,0.72628745761972,15.2699204892978,0,0.465,1,0,0,57.6624057694394,20.3850439617612,0.002,0.088,20.0521180387494,18.257336897299,0.06475,0.078625,0.087625,0.078625
"neglog",1,0.95,200,1000,1.88362092973938,1.75562017708565,1.65840728645905,1.87016551341264,1.85700797186753,1.87958515784407,1.87556975826598,1.87016551341264,1.85700797186753,0.215830961631653,0.176809550029534,0.123730606816754,0.21222377680039,0.205649152792798,0.215544134391138,0.215257846681307,0.21222377680039,0.205649152792798,0.00398,1,459.131297122758,18.7650944830412,1.54980088062379,18.7650944830412,0,0.855,1,0,0.001,74.6409543778146,9.70175981534932,0.004,0.216,40.3937647792601,7.9359966455596,0.11325,0.1175,0.117875,0.1175
"neglog",1,0.99,25,1000,22.0223906365255,2.46167329299343,7.81925900573526,4.87125635854978,5.03018789161475,19.7479170384316,17.7322096222403,6.55839495078959,2.77598219715255,5.78135798869083,0.208672817431926,2.75078956193889,0.722035717369711,1.31954811822481,4.49622419053314,3.4532616130876,1.56440747689017,0.665619799074131,0.00244,1,66.777231400281,3.17406092367795,0.124149032059275,0.938643189303471,0.92,0.013,0.08,0,0,112.487104435323,40.5208173641481,0.009,0.041,0.265795565926148,0.664047500937745,0.284125,0.21025,0.2925,0.142375
"neglog",1,0.99,50,1000,10.2933300359966,3.45012103584394,2.77204926153029,5.47520968969996,3.23751581791259,9.83587824280178,9.40336318206187,5.54695591355602,3.14139270382948,1.37228711283326,0.0586022248890019,0.664598944826725,0.319223058449101,0.207951904952074,1.16519616963829,0.972571751952437,0.386131464948872,0.158167023017767,0.00336,1,836959.965385868,135.201752960787,0.301227724371199,3.45046496605307,0.503,0.097,0.497,0,0,52.0672788189372,20.4869695856142,0.069,0.147,0.765904341955591,3.37463662628783,0.15025,0.09425,0.195,0.083
"neglog",1,0.99,100,1000,6.68315363677695,5.01773862536563,4.24384556420931,5.82744750238543,5.19094801184269,6.60863482263751,6.53540385584906,5.82991547068236,5.18618527851911,0.359610365325504,0.0244952687853981,0.170429667934836,0.141889377336105,0.0720337520274328,0.334514793834587,0.316363239282291,0.142595746433189,0.0643963993807348,0.00381,1,171.839332824504,11.6723222264005,0.441673917111653,10.2050534470753,0.121,0.322,0.879,0,0,34.4153161613986,17.8109295418161,0.069,0.199,2.39449203402736,9.8665448580863,0.1175,0.12425,0.1505,0.12375
"neglog",1,0.99,200,1000,9.13920488696194,8.48729009351498,7.99418991848661,8.9903373323815,8.84957419641161,9.11795959052239,9.09683288490169,8.99033903545226,8.84957278878192,0.72595094734419,0.570371085132991,0.478956053456186,0.673011519987823,0.622642235684354,0.723113412454358,0.720287057602805,0.673011519987823,0.622642235684354,0.003745,1,393.998079693926,17.0430628665674,0.664101439413596,16.9824021662308,0.002,0.584,0.998,0,0,33.8703472353032,12.5705743372901,0.095,0.323,3.97839481894495,4.29374146641555,0.175625,0.1825,0.18475,0.1825
"neglog",1.5,0.8,25,1000,0.988253390437119,0.210215575087644,0.228760689194686,0.640639152151162,0.427093293771647,0.91908852671796,0.853855578679031,0.641260549332629,0.426547003040368,0.328432100973716,0.0489631309255967,0.10334001322507,0.171802554740339,0.0889396722386769,0.294894411422771,0.269585213956597,0.172040837499737,0.0881502146110649,0.00244,1,106.425677042134,8.4249620842111,0.853526879948455,7.81155174749741,0.049,0.132,0.951,0,0,56.9927329360263,9.65668492267925,0,0.054,23.3855537746645,6.66243423544448,0.02025,0.026875,0.068375,0.02675
"neglog",1.5,0.8,50,1000,0.423127613920258,0.192935202785986,0.119657550322782,0.367716225126914,0.319998846256458,0.412780566785797,0.402612823782987,0.367716074651172,0.319998417558754,0.0701791330716159,0.0192482289494012,0.0219147412561242,0.0542438273225625,0.041520478518715,0.0683858610280742,0.0670714552303836,0.0542438273225625,0.041520478518715,0.00316,1,198.276208328489,12.5127988039359,1.11587931829521,12.3888220158067,0.002,0.46,0.998,0,0,84.8515776723945,11.4875135969908,0,0.056,61.65486622825,10.4293380938191,0.0155,0.0325,0.03825,0.0325
"neglog",1.5,0.8,100,1000,0.300251387596238,0.231065194810131,0.1879031044712,0.291470403245171,0.283076340407353,0.298126118513633,0.296016174724552,0.291470403245171,0.283076340407353,0.0208510129153301,0.0108523245668182,0.00942419502766096,0.0197929792930174,0.018327685232946,0.0207863572906822,0.020721852586716,0.0197929792930174,0.018327685232946,0.00383,1,308.725911692738,16.5555987550115,1.49164099121068,16.5555987550115,0,0.871,1,0,0.001,158.179986967532,13.6235436895284,0,0.038,146.390679581044,13.1730632898884,0.028,0.04225,0.04275,0.04225
"neglog",1.5,0.8,200,1000,0.383949287268724,0.36508497649462,0.348971174982379,0.38290886141565,0.381875458759777,0.383400651769793,0.382854039586027,0.38290886141565,0.381875458759777,0.0412091601494802,0.0354273543918414,0.030821358004663,0.0402388746336833,0.0397591806185021,0.0411355134586552,0.0410619733807071,0.0402388746336833,0.0397591806185021,0.003955,1,472.411705943766,19.9396346348241,3.91698118344185,19.9396346348241,0,0.998,1,0,0.018,147.179362778668,9.84828047484296,0,0.104,136.451302541603,9.38722249710963,0.050125,0.054625,0.054625,0.054625
"neglog",1.5,0.9,25,1000,2.25718338294078,0.36099408430112,0.615454933520897,1.13960473624763,0.635807618331178,2.06459272666736,1.88681837886345,1.15027181558339,0.624984191028988,0.733351911898926,0.0611227453703034,0.24567437013797,0.280391940977381,0.130379301289957,0.645318424360342,0.552911135006244,0.296807119562518,0.121106537750889,0.00236,1,21270180.4419435,712.059721904505,0.602576674488592,5.76828241461244,0.231,0.056,0.769,0,0,63.4217380727693,11.6812536804211,0.002,0.057,11.1679089324224,5.27223682196696,0.06325,0.0375,0.124875,0.035875
"neglog",1.5,0.9,50,1000,0.998172457844906,0.39638913785191,0.262372181100617,0.794684279813954,0.640366411479604,0.96712122840602,0.936822430635638,0.79486020649104,0.64003369144905,0.17665043060751,0.0229651244545723,0.0492117144347769,0.107176266900089,0.0635522738714057,0.16994366330846,0.162460348662023,0.107176266900089,0.0635522738714057,0.00356,1,183.01993157192,12.3963565402201,0.921947125445291,11.947850102618,0.021,0.214,0.979,0,0,63.099503429838,12.1680533186695,0,0.072,14.047354615057,9.52493975620295,0.025875,0.049,0.064875,0.048875
"neglog",1.5,0.9,100,1000,0.635278235219258,0.480405055987125,0.389266264805302,0.60836324409627,0.583187605584344,0.630179162288029,0.625122929494497,0.60836324409627,0.583187605584344,0.0447346052697251,0.012325449188512,0.0134961415312772,0.0363880218513706,0.0306370285557826,0.0441779439027848,0.0436258433273871,0.0363880218513706,0.0306370285557826,0.00405,1,368.604880569309,17.0860877951062,1.17471766241036,17.0860877951062,0,0.623,1,0,0,100.315162151208,14.8432577626436,0,0.066,68.2507147052231,14.0536097523766,0.0475,0.060375,0.062875,0.060375
"neglog",1.5,0.9,200,1000,0.880224964417503,0.826023805633354,0.782709422894786,0.875644865542304,0.871124931224806,0.87846057922176,0.876704942634064,0.875644865542304,0.871124931224806,0.109736315776702,0.0952989371936963,0.0841521150784142,0.107190901806218,0.104242381755766,0.109610034389072,0.109483889186526,0.107190901806218,0.104242381755766,0.00406,1,522.11887372569,20.6285296550434,2.63730888064018,20.6285296550434,0,0.95,1,0,0.008,104.766732423468,8.90741231161212,0,0.179,82.3870036597611,7.68265943959239,0.0885,0.09425,0.094375,0.09425
"neglog",1.5,0.95,25,1000,4.16287698756428,0.560886463919127,1.27440923463493,1.71492799070413,0.936571874660339,3.73250466662714,3.34667582636971,1.78529615495102,0.855438419661191,1.47984975165512,0.0813029522760811,0.60693183463332,0.4179022332498,0.243356708137608,1.22450788412881,0.990625949800369,0.497917161728435,0.202931595740478,0.00208,1,743602.79662847,128.96759696823,0.432340345984965,3.73786604347974,0.511,0.021,0.489,0,0,73.16049799963,13.8639061857639,0.004,0.07,5.9514555490481,3.34548393737019,0.129875,0.06525,0.182875,0.0535
"neglog",1.5,0.95,50,1000,1.93878934047257,0.73711300233671,0.530814337179871,1.38377487423031,1.01003041154756,1.86178352061045,1.78748903824536,1.38490373113377,1.00867563697711,0.327002214345908,0.0274217656972379,0.112366966197328,0.150085442691494,0.0664897814556296,0.301991084232243,0.278366840370102,0.15011094467154,0.0658799360768852,0.00322,1,141.232766164414,10.6642707701969,0.751935720733799,9.85921600841692,0.08,0.142,0.92,0,0,50.0048151698507,12.6381930132921,0.002,0.099,4.06181743372968,8.36793839491054,0.04675,0.055625,0.087875,0.0555
"neglog",1.5,0.95,100,1000,1.274106979957,0.944251074155239,0.779769518937754,1.18546188966109,1.10778457542863,1.26076646261804,1.24758262068615,1.18546188966109,1.10778457542863,0.0934090179174758,0.0142897340830276,0.0266765912731834,0.0637083669658785,0.0422949952557178,0.089716094963249,0.088409086440821,0.0637083669658785,0.0422949952557178,0.00375,1,345.064254664967,16.9134221448883,0.954265532258414,16.9134221448883,0,0.413,1,0,0,48.7238110759582,16.082772386709,0.001,0.111,15.0095548882096,14.0686817026319,0.0625,0.0815,0.0875,0.0815
"neglog",1.5,0.95,200,1000,1.68593536030333,1.56780448941144,1.47819056497901,1.67343103790867,1.66118420538095,1.68201675288318,1.67812077742645,1.67343103790867,1.66118420538095,0.171478517413423,0.116626491688362,0.0890121942380985,0.166395388632704,0.158312452244888,0.170345784683261,0.169554920852771,0.166395388632704,0.158312452244888,0.003865,1,676.009880695719,21.5394233791339,1.72433915962413,21.5394233791339,0,0.821,1,0,0.002,68.3231033772107,9.82803378898614,0.001,0.205,40.9796062976034,8.10231775275834,0.109,0.1155,0.1165,0.1155
"neglog",1.5,0.99,25,1000,27.7546389748993,3.35773777962805,9.78642840878385,6.41307941684907,6.01497878918285,24.6991715346378,22.0320839792374,8.4145621780227,3.59448449759362,8.91991479725589,0.309409841206568,4.34221281242306,1.11516295657746,2.12857181632407,6.84995227534973,5.1223633026108,2.33970816223335,1.02977957404996,0.00264,1,21698931.1198118,1061.72058739475,0.135045687821334,0.960043741463947,0.913,0.012,0.087,0,0,81.2781867358349,39.3762527788884,0.01,0.052,0.201325040263813,0.338698886390799,0.314875,0.2565,0.322875,0.188
"neglog",1.5,0.99,50,1000,12.6356606603419,4.10586179587266,3.51716059771255,6.62421419331242,3.89925435253227,12.0251964905885,11.4544727362552,6.7120142616426,3.76643546464255,1.96048857419496,0.0879580903037416,0.922355178216563,0.500647163346347,0.314579814192722,1.62357155155349,1.35113133104804,0.608071585041918,0.242173056285575,0.00364,1,50.5344620757184,5.64202179561255,0.375748468904767,3.58083933941613,0.488,0.098,0.512,0,0,52.0563913403116,17.337684227227,0.075,0.171,0.570211151397906,2.22591293870901,0.181625,0.115875,0.2225,0.100375
"neglog",1.5,0.99,100,1000,7.3301703844759,5.30013827488338,4.46532115382547,6.27184149806247,5.50554650721773,7.23467392878669,7.14122371423532,6.27467800659567,5.50069760735735,0.518851941692046,0.030514935302444,0.231869348357165,0.225235887335985,0.0996122905601414,0.477961033112718,0.437114297322111,0.226889171793568,0.0929893394765642,0.00375,1,183.274171137733,11.6746334795816,0.598836238221137,10.5530528983821,0.108,0.303,0.892,0,0,37.6471737126478,14.7269476745214,0.074,0.204,2.2139033685421,7.14743330445197,0.1215,0.12825,0.161125,0.127625
"neglog",1.5,0.99,200,1000,8.53623428370699,7.83983410785085,7.32329063345055,8.37858314545899,8.23023784229128,8.51362158645654,8.49114609415579,8.3785854135577,8.23023643585618,0.728801897446283,0.500848261106813,0.427374555503572,0.644451051403484,0.628365625375611,0.722240648575818,0.714603154635383,0.644451051403484,0.628365625375611,0.003805,1,472.810063767149,18.2186270103798,0.921985677567781,18.1616743661327,0.003,0.582,0.997,0,0.001,35.7615062114212,11.479158411547,0.078,0.304,4.54354366986741,4.0283360291247,0.1675,0.176125,0.18075,0.176125
"neglog",2,0.8,25,1000,1.24794517828034,0.251170932888021,0.324683036785561,0.797150022998644,0.523883243153161,1.16321280123068,1.08335259418421,0.798027157887905,0.523352711973702,0.444286016785488,0.0594019680184353,0.126635544096022,0.236015256869825,0.125264391142257,0.404680303429875,0.369459841354709,0.236843824860893,0.124715541064299,0.00212,1,87.6975766824522,8.08893941708256,1.00660627281822,7.92790719977533,0.035,0.141,0.965,0,0,57.265057958265,8.38839774052337,0,0.06,18.7922086870954,5.13472333348344,0.028375,0.03275,0.0845,0.03275
"neglog",2,0.8,50,1000,0.503892640451908,0.235923929349098,0.13616191020807,0.444003559538922,0.39144587341564,0.491152270696119,0.478640477717855,0.444002593023542,0.391443514634069,0.0910621944460548,0.0243625979641587,0.0282555061383172,0.0724215980473083,0.0559844823267399,0.0889735477116571,0.0866381740629413,0.0724215980473083,0.0559844823267399,0.00392,1,286.78686919109,14.4564085391741,1.39623688590466,13.8098661861201,0.003,0.428,0.997,0,0,69.4778590605751,9.70354404644252,0,0.06,43.4662973307928,8.62788068892598,0.01525,0.03675,0.043,0.03675
"neglog",2,0.8,100,1000,0.291848381786392,0.219601366844042,0.175351991290869,0.283341716175981,0.275143166025879,0.289641286111955,0.287450477843663,0.283341716175981,0.275143166025879,0.0270860484977323,0.0127309976006895,0.0103537801961872,0.0247539989576019,0.0228537278060785,0.0268355093787787,0.0265944809534289,0.0247539989576019,0.0228537278060785,0.00398,1,383.746058898542,18.0672979084634,1.77014682130377,18.0672979084634,0,0.852,1,0,0.001,131.92173559195,11.1983391062332,0,0.032,119.45188233695,10.742249839406,0.028125,0.039375,0.04125,0.039375
"neglog",2,0.8,200,1000,0.376799959749546,0.355809193614534,0.339198291840815,0.375672131120048,0.374553134668332,0.376201864688373,0.375606485064893,0.375672131120048,0.374553134668332,0.0408237061805588,0.0345195436703348,0.031920173699454,0.0406124303217672,0.0404039186434528,0.0407961810134359,0.0407686889501602,0.0406124303217672,0.0404039186434528,0.003945,1,740.889467001308,22.5209275456881,5.51515336222269,22.5209275456881,0,0.996,1,0,0.021,157.727526023463,9.05223568090852,0,0.106,146.837671354854,8.7704774148881,0.0505,0.054,0.054,0.054
"neglog",2,0.9,25,1000,2.78088150994387,0.455117421528387,0.750072232392769,1.44310746850457,0.819224861678217,2.52889264836452,2.29829850566343,1.45614103821496,0.806924344434917,0.921498226452218,0.0729026501548045,0.322642011798276,0.344608047558895,0.164846929046422,0.794201554699329,0.672952113139401,0.365438552309527,0.159145464263278,0.00296,1,76.4299929594701,7.34157704064009,0.748725152812776,6.17716599673388,0.212,0.055,0.788,0,0,63.7165021318268,10.4194181485453,0.004,0.079,7.16741264739003,3.94514925883137,0.082,0.04725,0.141,0.046125
"neglog",2,0.9,50,1000,0.954135377879634,0.362283769465511,0.24987352154547,0.742739853771928,0.58453255220726,0.921011612228737,0.888810726723412,0.742799064289637,0.584471973415322,0.216164118624128,0.0250760149285408,0.0606669426941731,0.130870712195887,0.0713381439183785,0.203933533247634,0.19068671657992,0.130870712195887,0.070746908777408,0.00308,1,4032603.79787922,250.140340589266,1.13321069314759,12.631547302074,0.019,0.185,0.981,0,0,60.0330089145095,10.6618962188394,0.001,0.068,12.864794666083,7.98074723568694,0.026875,0.043375,0.06375,0.043375
"neglog",2,0.9,100,1000,0.64771942056267,0.486621008553366,0.398195646405244,0.617721242944822,0.590134309999208,0.641912279864155,0.636160615281645,0.617721242944822,0.590134309999208,0.0615093165478475,0.0143296413944936,0.0150842312232808,0.0509025629957408,0.0421243251501982,0.0604352427204913,0.0592315016906285,0.0509025629957408,0.0421243251501982,0.00382,1,425.574573771179,18.3808075447564,1.42985424493567,18.3808075447564,0,0.552,1,0,0,82.6516194496297,12.2643942474287,0,0.072,52.1308189461379,11.4577626548266,0.04525,0.059125,0.06225,0.059125
"neglog",2,0.9,200,1000,0.858866782473753,0.806345593224722,0.763491877867381,0.854975599002878,0.851131896091506,0.857126335474998,0.855393940626782,0.854975599002878,0.851131896091506,0.101028440038337,0.084602602421263,0.0736424912019805,0.099885184205687,0.0972590596190881,0.100765129110026,0.100660065983421,0.099885184205687,0.0972590596190881,0.00396,1,654.662072642511,22.5846811217572,3.04328743234416,22.5846811217572,0,0.938,1,0,0.009,119.014844498275,8.5542798466394,0,0.168,96.843231276514,7.90968165138041,0.08375,0.089125,0.089875,0.089125
"neglog",2,0.95,25,1000,5.8877503029792,0.813170837233731,2.01116265043319,2.38827873436029,1.29801989568937,5.28281954339514,4.74065959779464,2.48536381317862,1.19983815759554,2.22041651463483,0.129965220827166,0.854063828561887,0.620004254966536,0.349117401389759,1.85643241617524,1.49117497527066,0.730369073535179,0.303971498025611,0.00284,1,50.4876575793867,5.38354962347295,0.48368781594233,3.81322694999742,0.448,0.025,0.552,0,0,67.6537053733892,13.5149056384475,0.005,0.091,4.74139380012179,2.44051340762035,0.169,0.089125,0.218,0.079125
"neglog",2,0.95,50,1000,2.12955358032228,0.765859942206026,0.593897847685554,1.49178154631164,1.08261441039562,2.0375908821772,1.94946802932986,1.49307214199503,1.08098301247956,0.466419414986181,0.0356404511587899,0.157178444379654,0.217406140940778,0.0896738203624694,0.4221816422122,0.380835881181831,0.217406140940778,0.0889931514496748,0.00314,1,136.845962509186,10.7283147040161,0.909660910980485,10.1636039590117,0.074,0.13,0.926,0,0,47.2526131161591,10.9753517948083,0.004,0.092,4.41935443872041,6.36942706851993,0.05025,0.05675,0.108375,0.05675
"neglog",2,0.95,100,1000,1.41221380630189,1.02938167924594,0.844978938525583,1.31494194799828,1.22938362343739,1.39708322113163,1.38214397859759,1.31494247189692,1.22938447703298,0.118843077294374,0.0153089345153586,0.0348726200893567,0.0806397322289337,0.0547802369042367,0.115177058450791,0.111878866158597,0.0806397322289337,0.0547802369042367,0.00373,1,379.091680366969,17.4037271847038,1.18617972352045,17.3810610525778,0.001,0.382,0.999,0,0,46.7802298033359,13.0476351835573,0.003,0.122,12.463972860821,11.2958386424224,0.06525,0.08625,0.09475,0.08625
"neglog",2,0.95,200,1000,1.72040723916584,1.58859154175446,1.49124110979306,1.70705085585039,1.6939911317452,1.71601114881054,1.71164134842493,1.70705085585039,1.6939911317452,0.197358525953999,0.154858025486461,0.118979761418131,0.193096823323327,0.187682562936043,0.197188499960141,0.197018712576603,0.193096823323327,0.187682562936043,0.003945,1,869.981346039091,23.9532192724604,2.26574179611942,23.9532192724604,0,0.782,1,0,0.006,60.487542975635,7.70940430705924,0,0.228,28.3801092109734,5.90578404190989,0.115375,0.12075,0.12125,0.12075
"neglog",2,0.99,25,1000,27.3978756033093,3.22369969814939,10.3379119567554,6.62697519813294,6.29870754451921,24.1571495873365,21.3690442385197,8.96396098865639,3.79233292914285,10.9757691823488,0.415702603360422,5.07919162094622,1.46120243494393,2.3667928612154,8.63069570781419,6.5059626541971,3.18382973521686,1.40181006976523,0.00256,1,13.4824301275875,2.6414346799241,0.146073648109044,1.00667621763469,0.913,0.01,0.087,0,0,55.2301975075127,39.0436510804024,0.008,0.06,0.241735902205858,0.296167491818537,0.331875,0.267375,0.337625,0.206875
"neglog",2,0.99,50,1000,11.6068960235268,3.23975394668256,3.4802903246975,5.65321959821199,3.30046997180147,10.9155638584998,10.2797075027925,5.78062187631644,3.11944870014088,2.62803363816474,0.0900247322934144,1.29384429694636,0.585841712531893,0.387674589287044,2.12657832848935,1.72366529282415,0.734942200757445,0.303125771296749,0.0032,1,59.5057053535109,6.07481491529073,0.427432877259777,3.72214781770114,0.501,0.083,0.499,0,0,54.7144643400419,18.1106961953174,0.061,0.163,0.625023922338637,1.97340066999183,0.203875,0.123875,0.236375,0.103125
"neglog",2,0.99,100,1000,6.73551158598061,4.52253605825474,3.74277465629529,5.65854908596499,4.88300008075555,6.62404331532583,6.5156000441222,5.66117518344076,4.87940136120476,0.660123825500872,0.0363254232532604,0.294210276737768,0.282163324618147,0.123567952965199,0.603420292779157,0.548730766970509,0.282163324618147,0.115828053953451,0.00367,1,187.451436822625,11.7376352296774,0.747940923934371,10.6301260575866,0.107,0.297,0.893,0,0,36.5017728315939,12.5467208866953,0.067,0.213,2.1635261331562,5.51247790272055,0.12525,0.12575,0.167375,0.12525
"neglog",2,0.99,200,1000,9.89036786890877,9.10718891174764,8.54279144452047,9.70968224641778,9.53998955651189,9.86085722330223,9.83157389046541,9.70968476301197,9.5399910588377,1.19158508862596,0.751312753002284,0.579494612700529,1.0353354594811,0.956202472955541,1.17927385928545,1.15605626025143,1.0353354594811,0.956202472955541,0.004175,1,558.639300414866,18.7940197949809,1.04953852328427,18.7472513105876,0.001,0.606,0.999,0,0,34.451060393654,9.53970366419915,0.095,0.364,3.37504756234202,2.90646138547842,0.189,0.199625,0.20425,0.199625
